HRFACTURACION17826030400001                                                                                                        
0022600200004016           26041500000564412626043000000575568400000000000000000001781056441262609104016000545872011155815151      
0022600200004007           26041500000912014226043000000930040500000000000000000001781091201422609104007000545792018026315001      
0022600200004015           26041500000847914926043000000864674200000000000000000001781084791492609104015000545862016759315991      
0022600200004011           26041500000141348926043000000144142700000000000000000001781014134892609104011000545832002793815841      
0022600200004012           26041500000141918326043000000144723300000000000000000001781014191832609104012000545842002805015151      
0022600200004005           26041500000517539626043000000527768900000000000000000001781051753962609104005000545782010229315631      
0022600200004017           26041500000477837026043000000487281700000000000000000001781047783702609104017000545882009444715371      
0022600200004008           26041500000452811326043000000461761300000000000000000001781045281132609104008000545802008950015421      
0022600200004018           26041500001393857126043000001421407200000000000000000001781139385712609104018000545892027550115211      
0022600200004009           26041500000241998826043000000246782100000000000000000001781024199882609104009000545812004783315791      
0022600200004010           26041500000338775026043000000345471000000000000000000001781033877502609104010000545822006696015991      
0022600200004013           26041500000416527026043000000424759800000000000000000001781041652702609104013000545852008232815211      
0022600200004014           26041500001078944026043000001100269800000000000000000001781107894402609104014000035062021325815421      
0022600200004019           26041500000603388826043000000615315000000000000000000001781060338882609104019000545902011926215581      
0022600200004940           26041500000990543226043000001010121600000000000000000001781099054322609104940000552822019578415571      
0022600200012655           26041500000035168326043000000035863400000000000000000001781003516832609112655000553882000695115991      
0022600200012663           26041500000692584526043000000706273700000000000000000001781069258452609112663000553892013689215841      
0022600200004004           26041500000199248526043000000203186700000000000000000001781019924852609104004000545772003938215151      
0022600200004020           26041500002415002226043000002462735600000000000000000001781241500222609104020000545912047733415211      
0022600200004021           26041500000460857226043000000469966200000000000000000001781046085722609104021000545922009109015841      
0022600200004022           26041500000216109726043000000220381200000000000000000001781021610972609104022000545932004271515151      
0022600200004024           26041500000070147826043000000071534300000000000000000001781007014782609104024000545942001386515571      
0022600200004025           26041500000359259526043000000366360400000000000000000001781035925952609104025000545952007100915421      
0022600200004026           26041500000896092626043000000913804200000000000000000001781089609262609104026000545962017711615001      
0022600200004027           26041500000817462726043000000833620200000000000000000001781081746272609104027000545972016157515781      
0022600200004028           26041500000155573926043000000158648900000000000000000001781015557392609104028000545982003075015781      
0022600200004029           26041500000689343426043000000702968500000000000000000001781068934342609104029000545992013625115161      
0022600200004030           26041500000991975226043000001011581900000000000000000001781099197522609104030000546002019606715631      
0022600200004033           26041500001839115126043000001875465800000000000000000001781183911512609104033000546012036350715781      
0022600200004034           26041500000176717726043000000180210600000000000000000001781017671772609104034000546022003492915841      
0022600200004035           26041500000328408126043000000334899100000000000000000001781032840812609104035000546032006491015161      
0022600200004036           26041500000566937026043000000578142700000000000000000001781056693702609104036000546042011205715001      
0022600200004037           26041500000095133326043000000097013600000000000000000001781009513332609104037000546052001880315421      
0022600200004038           26041500000812489326043000000828548400000000000000000001781081248932609104038000546062016059115421      
0022600200004039           26041500000130902626043000000133489900000000000000000001781013090262609104039000546072002587315421      
0022600200004040           26041500000429208526043000000437691900000000000000000001781042920852609104040000546082008483415001      
0022600200004041           26041500000130964826043000000133553400000000000000000001781013096482609104041000546092002588615001      
0022600200004042           26041500001936397526043000001974671100000000000000000001781193639752609104042000546102038273615371      
0022600200004043           26041500000406610026043000000414646800000000000000000001781040661002609104043000546112008036815791      
0022600200004044           26041500001161861626043000001184826200000000000000000001781116186162609104044000546122022964615991      
0022600200004046           26041500000719708226043000000733933400000000000000000001781071970822609104046000546132014225215991      
0022600200004047           26041500000191929426043000000195723000000000000000000001781019192942609104047000546142003793615421      
0022600200004048           26041500000730730226043000000745173400000000000000000001781073073022609104048000546152014443215631      
0022600200004049           26041500001243092126043000001267662200000000000000000001781124309212609104049000546162024570115001      
0022600200004051           26041500004468253026043000004556569600000000000000000001781446825302609104051000546172088316615781      
0022600200004052           26041500006318752026043000006443644300000000000000000001781631875202609104052000035072000000015001      
0022600200004053           26041500001140220426043000001162757300000000000000000001781114022042609104053000035082022536915571      
0022600200004054           26041500000267243426043000000272525500000000000000000001781026724342609104054000546182005282115781      
0022600200004056           26041500000049175726043000000050147700000000000000000001781004917572609104056000546192000972015151      
0022600200004057           26041500000703411126043000000717314200000000000000000001781070341112609104057000546202013903115781      
0022600200004058           26041500003636115726043000003707984700000000000000000001781363611572609104058000546212071869015581      
0022600200004059           26041500000068276926043000000069626400000000000000000001781006827692609104059000546222001349515001      
0022600200004060           26041500000110402126043000000112584200000000000000000001781011040212609104060000546232002182115781      
0022600200004061           26041500000369875926043000000377186600000000000000000001781036987592609104061000546242007310715991      
0022600200004063           26041500000355362226043000000362386000000000000000000001781035536222609104063000546252007023815211      
0022600200004064           26041500000621866126043000000634157500000000000000000001781062186612609104064000546262012291415841      
0022600200004066           26041500001231819426043000001256166800000000000000000001781123181942609104066000035092024347415421      
0022600200004067           26041500000254370726043000000259398400000000000000000001781025437072609104067000546272005027715371      
0022600200004068           26041500001229277326043000001253574300000000000000000001781122927732609104068000546282024297015631      
0022600200004069           26041500001011188026043000001031174500000000000000000001781101118802609104069000546292019986515571      
0022600200004070           26041500000327529426043000000334003100000000000000000001781032752942609104070000546302006473715001      
0022600200004071           26041500000200061726043000000204016000000000000000000001781020006172609104071000546312003954315631      
0022600200004072           26041500000042808826043000000043655000000000000000000001781004280882609104072000546322000846215841      
0022600200004073           26041500000150989926043000000153974200000000000000000001781015098992609104073000546332002984315211      
0022600200004074           26041500000359412126043000000366516000000000000000000001781035941212609104074000546342007103915581      
0022600200004075           26041500000325298026043000000331727600000000000000000001781032529802609104075000546352006429615781      
0022600200004076           26041500000593751726043000000605487400000000000000000001781059375172609104076000546362011735715841      
0022600200004077           26041500000620631626043000000632898600000000000000000001781062063162609104077000546372012267015211      
0022600200004078           26041500001692469026043000001725921300000000000000000001781169246902609104078000546382033452315211      
0022600200004079           26041500000462314426043000000471452200000000000000000001781046231442609104079000546392009137815151      
0022600200004081           26041500000035168326043000000035863400000000000000000001781003516832609104081000546402000695115781      
0022600200004083           26041500000111572726043000000113777900000000000000000001781011157272609104083000546412002205215581      
0022600200004084           26041500000035168326043000000035863400000000000000000001781003516832609104084000546422000695115421      
0022600200004088           26041500000536291726043000000546891700000000000000000001781053629172609104088000546432010600015791      
0022600200004089           26041500001779298326043000001814466700000000000000000001781177929832609104089000546442035168415991      
0022600200004092           26041500000581379826043000000592870900000000000000000001781058137982609104092000546452011491115001      
0022600200004093           26041500000277115726043000000282593000000000000000000001781027711572609104093000546462005477315001      
0022600200004094           26041500000275947126043000000281401300000000000000000001781027594712609104094000546472005454215841      
0022600200004095           26041500000426894026043000000435331700000000000000000001781042689402609104095000546482008437715631      
0022600200004097           26041500000338083926043000000344766200000000000000000001781033808392609104097000546492006682315151      
0022600200004098           26041500001318913126043000001344981800000000000000000001781131891312609104098000546502026068715571      
0022600200004099           26041500000622822726043000000635133000000000000000000001781062282272609104099000546512012310315211      
0022600200004101           26041500000231777326043000000236358500000000000000000001781023177732609104101000546522004581215001      
0022600200004103           26041500000287471526043000000293153400000000000000000001781028747152609104103000546532005681915161      
0022600200004104           26041500000507756026043000000517792000000000000000000001781050775602609104104000546542010036015841      
0022600200004105           26041500000393719826043000000401501800000000000000000001781039371982609104105000546552007782015991      
0022600200004106           26041500000191116226043000000194893700000000000000000001781019111622609104106000546562003777515781      
0022600200004110           26041500000645914726043000000658681400000000000000000001781064591472609104110000546572012766715901      
0022600200004111           26041500000101144626043000000103143800000000000000000001781010114462609104111000546582001999215161      
0022600200004112           26041500002722533026043000002776344800000000000000000001781272253302609104112000035102053811815781      
0022600200004113           26041500000727952726043000000742340900000000000000000001781072795272609104113000546592014388215361      
0022600200004115           26041500001686086926043000001719413000000000000000000001781168608692609104115000546602033326115841      
0022600200004116           26041500000268689126043000000273999800000000000000000001781026868912609104116000546612005310715791      
0022600200004117           26041500000371335226043000000378674800000000000000000001781037133522609104117000546622007339615161      
0022600200004118           26041500000402013426043000000409959300000000000000000001781040201342609104118000546632007945915211      
0022600200004119           26041500000051722626043000000052744900000000000000000001781005172262609104119000546642001022315571      
0022600200004120           26041500002145757426043000002188169000000000000000000001781214575742609104120000546652042411615581      
0022600200004121           26041500001266947126043000001291988800000000000000000001781126694712609104121000546662025041715841      
0022600200004122           26041500001032115526043000001052515600000000000000000001781103211552609104122000546672020400115001      
0022600200004123           26041500000904244026043000000922116700000000000000000001781090424402609104123000546682017872715901      
0022600200004124           26041500000804054726043000000819947100000000000000000001781080405472609104124000546692015892415791      
0022600200004125           26041500000748385926043000000763178000000000000000000001781074838592609104125000546702014792115161      
0022600200004126           26041500001076005126043000001097272700000000000000000001781107600512609104126000546712021267615211      
0022600200004127           26041500001265985626043000001291008300000000000000000001781126598562609104127000546722025022715841      
0022600200004128           26041500000258014626043000000263114400000000000000000001781025801462609104128000546732005099815001      
0022600200004129           26041500000094159326043000000096020400000000000000000001781009415932609104129000035112001861115001      
0022600200004130           26041500000320785926043000000327126300000000000000000001781032078592609104130000035122006340415631      
0022600200004131           26041500000604996826043000000616954700000000000000000001781060499682609104131000546742011957915991      
0022600200004132           26041500000797368626043000000813128900000000000000000001781079736862609104132000546752015760315781      
0022600200004134           26041500000219818426043000000224163100000000000000000001781021981842609104134000546762004344715001      
0022600200004135           26041500000035168326043000000035863400000000000000000001781003516832609104135000546772000695115841      
0022600200004136           26041500000305791126043000000311835200000000000000000001781030579112609104136000546782006044115781      
0022600200004137           26041500000614521026043000000626667200000000000000000001781061452102609104137000546792012146215211      
0022600200004140           26041500000568099126043000000579327800000000000000000001781056809912609104140000546802011228715421      
0022600200004141           26041500001063556126043000001084577700000000000000000001781106355612609104141000035132021021615001      
0022600200004142           26041500000104230526043000000106290600000000000000000001781010423052609104142000546812002060115631      
0022600200004143           26041500000736227526043000000750779300000000000000000001781073622752609104143000546822014551815001      
0022600200004146           26041500001585664326043000001617005500000000000000000001781158566432609104146000546832031341215361      
0022600200004147           26041500000106149826043000000108247900000000000000000001781010614982609104147000546842002098115161      
0022600200004151           26041500000069550226043000000070924900000000000000000001781006955022609104151000546852001374715841      
0022600200004152           26041500000664767526043000000677906900000000000000000001781066476752609104152000546862013139415841      
0022600200004154           26041500000511902826043000000522020700000000000000000001781051190282609104154000546872010117915361      
0022600200004155           26041500002469917926043000002518736700000000000000000001781246991792609104155000546882048818815791      
0022600200004156           26041500000522269826043000000532592700000000000000000001781052226982609104156000546892010322915631      
0022600200004157           26041500000512939526043000000523078000000000000000000001781051293952609104157000546902010138515211      
0022600200004158           26041500000157469626043000000160582100000000000000000001781015746962609104158000546912003112515841      
0022600200004162           26041500000859723426043000000876716200000000000000000001781085972342609104162000546922016992815901      
0022600200004165           26041500002250596026043000002295079800000000000000000001781225059602609104165000546932044483815841      
0022600200004167           26041500000417327926043000000425576600000000000000000001781041732792609104167000546942008248715581      
0022600200004168           26041500000280570726043000000286116300000000000000000001781028057072609104168000546952005545615841      
0022600200004169           26041500000384679226043000000392282500000000000000000001781038467922609104169000546962007603315421      
0022600200004171           26041500000285450226043000000291092200000000000000000001781028545022609104171000546972005642015841      
0022600200004172           26041500001978842726043000002017955200000000000000000001781197884272609104172000546982039112515781      
0022600200004173           26041500000655604726043000000668563000000000000000000001781065560472609104173000546992012958315421      
0022600200004174           26041500001337228326043000001363659100000000000000000001781133722832609104174000547002026430815001      
0022600200004175           26041500000291955926043000000297726500000000000000000001781029195592609104175000547012005770615991      
0022600200004176           26041500000239530826043000000244265200000000000000000001781023953082609104176000547022004734415791      
0022600200004177           26041500000062295226043000000063526500000000000000000001781006229522609104177000547032001231315581      
0022600200004178           26041500001057830926043000001078739300000000000000000001781105783092609104178000547042020908415581      
0022600200004179           26041500000828423126043000000844797200000000000000000001781082842312609104179000547052016374115371      
0022600200004180           26041500000268372426043000000273676900000000000000000001781026837242609104180000547062005304515371      
0022600200004181           26041500001010242626043000001030210400000000000000000001781101024262609104181000547072019967815001      
0022600200004183           26041500000557079826043000000568090700000000000000000001781055707982609104183000547082011010915001      
0022600200004184           26041500001214508026043000001238513200000000000000000001781121450802609104184000547092024005215161      
0022600200004185           26041500003197699126043000003260902700000000000000000001781319769912609104185000547102063203615421      
0022600200004186           26041500001362781126043000001389716900000000000000000001781136278112609104186000547112026935815631      
0022600200004187           26041500000125070826043000000127542800000000000000000001781012507082609104187000547122002472015211      
0022600200004188           26041500000632163626043000000644658500000000000000000001781063216362609104188000547132012494915211      
0022600200004189           26041500001669694226043000001702696300000000000000000001781166969422609104189000547142033002115571      
0022600200004190           26041500000033058226043000000033711600000000000000000001781003305822609104190000547152000653415631      
0022600200004191           26041500000723806226043000000738112500000000000000000001781072380622609104191000547162014306315841      
0022600200004192           26041500002146472126043000002188897800000000000000000001781214647212609104192000547172042425715781      
0022600200004193           26041500000760833926043000000775872000000000000000000001781076083392609104193000547182015038115581      
0022600200004194           26041500000460068226043000000469161600000000000000000001781046006822609104194000547192009093415571      
0022600200004195           26041500000636519726043000000649100700000000000000000001781063651972609104195000547202012581015781      
0022600200004196           26041500000488462126043000000498116700000000000000000001781048846212609104196000547212009654615161      
0022600200004197           26041500002422309226043000002470187000000000000000000001781242230922609104197000547222047877815841      
0022600200004199           26041500000542413926043000000553134900000000000000000001781054241392609104199000547232010721015361      
0022600200004200           26041500000264381626043000000269607200000000000000000001781026438162609104200000547242005225615901      
0022600200004201           26041500000545229826043000000556006400000000000000000001781054522982609104201000547252010776615001      
0022600200004202           26041500000844720426043000000861416600000000000000000001781084472042609104202000547262016696215841      
0022600200004203           26041500000482374726043000000491909000000000000000000001781048237472609104203000547272009534315781      
0022600200004204           26041500000682364126043000000695851200000000000000000001781068236412609104204000547282013487115161      
0022600200004205           26041500000387499626043000000395158700000000000000000001781038749962609104205000547292007659115161      
0022600200004206           26041500000455921426043000000464932900000000000000000001781045592142609104206000547302009011515001      
0022600200004207           26041500000568079226043000000579307500000000000000000001781056807922609104207000547312011228315781      
0022600200004208           26041500000839095326043000000855680300000000000000000001781083909532609104208000547322016585015571      
0022600200004209           26041500001056319226043000001077197800000000000000000001781105631922609104209000547332020878615571      
0022600200004210           26041500000652407726043000000665302800000000000000000001781065240772609104210000547342012895115841      
0022600200004211           26041500004419677926043000004507034300000000000000000001781441967792609104211000035142087356415151      
0022600200004212           26041500001867640426043000001904555000000000000000000001781186764042609104212000547352036914615901      
0022600200004213           26041500000913705326043000000931765000000000000000000001781091370532609104213000547362018059715001      
0022600200004214           26041500000678932526043000000692351900000000000000000001781067893252609104214000547372013419415841      
0022600200004216           26041500001202903926043000001226679700000000000000000001781120290392609104216000547382023775815581      
0022600200004217           26041500000186429926043000000190114700000000000000000001781018642992609104217000547392003684815901      
0022600200004219           26041500000144681326043000000147541000000000000000000001781014468132609104219000547402002859715791      
0022600200004220           26041500000038988526043000000039759100000000000000000001781003898852609104220000547412000770615791      
0022600200004221           26041500000761073926043000000776116700000000000000000001781076107392609104221000547422015042815901      
0022600200004222           26041500002615658326043000002667357700000000000000000001781261565832609104222000547432051699415781      
0022600200004223           26041500000250374226043000000255323000000000000000000001781025037422609104223000547442004948815781      
0022600200004226           26041500000160951426043000000164132600000000000000000001781016095142609104226000547452003181215901      
0022600200004227           26041500000534767226043000000545337000000000000000000001781053476722609104227000547462010569815371      
0022600200004228           26041500000110299326043000000112479400000000000000000001781011029932609104228000547472002180115631      
0022600200004229           26041500000218333326043000000222648800000000000000000001781021833332609104229000547482004315515161      
0022600200004232           26041500000773843526043000000789138700000000000000000001781077384352609104232000547492015295215001      
0022600200004233           26041500000337209726043000000343874700000000000000000001781033720972609104233000547502006665015361      
0022600200004234           26041500000058089626043000000059237800000000000000000001781005808962609104234000547512001148215991      
0022600200004235           26041500000035168326043000000035863400000000000000000001781003516832609104235000547522000695115841      
0022600200004236           26041500000640186026043000000652839500000000000000000001781064018602609104236000547532012653515371      
0022600200004237           26041500001192916126043000001216494500000000000000000001781119291612609104237000547542023578415371      
0022600200004238           26041500002420482426043000002468324100000000000000000001781242048242609104238000547552047841715421      
0022600200004239           26041500005673455026043000005785592800000000000000000001781567345502609104239000035152000000015211      
0022600200004240           26041500001445005626043000001473566700000000000000000001781144500562609104240000547562028561115421      
0022600200004241           26041500000313172926043000000319362900000000000000000001781031317292609104241000547572006190015781      
0022600200004243           26041500000285450226043000000291092200000000000000000001781028545022609104243000547582005642015841      
0022600200004244           26041500001386502226043000001413906900000000000000000001781138650222609104244000547592027404715571      
0022600200004246           26041500000462979626043000000472130600000000000000000001781046297962609104246000547602009151015781      
0022600200004247           26041500002781203526043000002836175000000000000000000001781278120352609104247000547612054971515421      
0022600200004249           26041500001397510626043000001425132800000000000000000001781139751062609104249000547622027622215841      
0022600200004252           26041500000467325026043000000476561900000000000000000001781046732502609104252000547632009236915371      
0022600200004254           26041500000219818426043000000224163100000000000000000001781021981842609104254000547642004344715841      
0022600200004255           26041500000495315726043000000505105800000000000000000001781049531572609104255000547652009790115991      
0022600200004256           26041500001229657026043000001253961500000000000000000001781122965702609104256000547662024304515421      
0022600200004257           26041500000079737626043000000081313600000000000000000001781007973762609104257000547672001576015211      
0022600200004258           26041500002480764726043000002529797900000000000000000001781248076472609104258000547682049033215421      
0022600200004261           26041500000926212726043000000944519600000000000000000001781092621272609104261000547692018306915581      
0022600200004262           26041500000751759926043000000766618700000000000000000001781075175992609104262000547702014858815901      
0022600200004263           26041500000534794326043000000545364700000000000000000001781053479432609104263000547712010570415991      
0022600200004264           26041500002183097426043000002226247100000000000000000001781218309742609104264000035162043149715841      
0022600200004265           26041500000051201526043000000052213500000000000000000001781005120152609104265000547722001012015001      
0022600200004266           26041500000489841526043000000499523400000000000000000001781048984152609104266000547732009681915841      
0022600200004267           26041500000365940426043000000373173300000000000000000001781036594042609104267000035172007232915421      
0022600200004269           26041500000598658926043000000610491600000000000000000001781059865892609104269000547742011832715001      
0022600200004270           26041500009574111726043000009763347400000000000000000001781957411172609104270000035182000000015631      
0022600200004271           26041500001052257626043000001073055800000000000000000001781105225762609104271000547752020798215001      
0022600200004272           26041500001913147726043000001950961800000000000000000001781191314772609104272000035192037814115841      
0022600200004274           26041500000733722826043000000748225100000000000000000001781073372282609104274000547762014502315361      
0022600200004275           26041500000380431826043000000387951200000000000000000001781038043182609104275000547772007519415421      
0022600200004276           26041500000758507526043000000773499600000000000000000001781075850752609104276000547782014992115001      
0022600200004277           26041500000181357526043000000184942100000000000000000001781018135752609104277000547792003584615211      
0022600200004278           26041500000771794326043000000787049100000000000000000001781077179432609104278000547802015254815371      
0022600200004279           26041500000352252026043000000359214300000000000000000001781035225202609104279000547812006962315631      
0022600200004280           26041500000226084826043000000230553500000000000000000001781022608482609104280000547822004468715001      
0022600200004281           26041500001585234026043000001616566700000000000000000001781158523402609104281000547832031332715631      
0022600200004282           26041500001413951126043000001441898300000000000000000001781141395112609104282000547842027947215161      
0022600200004283           26041500001029632526043000001049983500000000000000000001781102963252609104283000035202020351015841      
0022600200004284           26041500000957034526043000000975950700000000000000000001781095703452609104284000547852018916215361      
0022600200004285           26041500000434010726043000000442589100000000000000000001781043401072609104285000547862008578415581      
0022600200004286           26041500000975841926043000000995129800000000000000000001781097584192609104286000547872019287915421      
0022600200004287           26041500000177789926043000000181304000000000000000000001781017778992609104287000547882003514115841      
0022600200004288           26041500000384148726043000000391741600000000000000000001781038414872609104288000547892007592915001      
0022600200004289           26041500000047902426043000000048849200000000000000000001781004790242609104289000547902000946815211      
0022600200004290           26041500000437396526043000000446041800000000000000000001781043739652609104290000547912008645315001      
0022600200004291           26041500000046629026043000000047550700000000000000000001781004662902609104291000547922000921715631      
0022600200004292           26041500000555726026043000000566710100000000000000000001781055572602609104292000547932010984115211      
0022600200004293           26041500000517376526043000000527602600000000000000000001781051737652609104293000547942010226115001      
0022600200004294           26041500000891775126043000000909401300000000000000000001781089177512609104294000547952017626215001      
0022600200004296           26041500001022057126043000001042258400000000000000000001781102205712609104296000547962020201315901      
0022600200004297           26041500000402013426043000000409959300000000000000000001781040201342609104297000547972007945915371      
0022600200004298           26041500001164356826043000001187370800000000000000000001781116435682609104298000035212023014015211      
0022600200004299           26041500000035168326043000000035863400000000000000000001781003516832609104299000547982000695115841      
0022600200004300           26041500000703972726043000000717887000000000000000000001781070397272609104300000547992013914315991      
0022600200004302           26041500000368278626043000000375557700000000000000000001781036827862609104302000548002007279115211      
0022600200004303           26041500000189489826043000000193235100000000000000000001781018948982609104303000548012003745315211      
0022600200004304           26041500000642796226043000000655501300000000000000000001781064279622609104304000548022012705115001      
0022600200004306           26041500000365208926043000000372427400000000000000000001781036520892609104306000548032007218515361      
0022600200004307           26041500000108697326043000000110845800000000000000000001781010869732609104307000548042002148515781      
0022600200004308           26041500000445726426043000000454536300000000000000000001781044572642609104308000548052008809915211      
0022600200004309           26041500000648127026043000000660937500000000000000000001781064812702609104309000548062012810515211      
0022600200004310           26041500001101531526043000001123303600000000000000000001781110153152609104310000548072021772115421      
0022600200004311           26041500000529953326043000000540428000000000000000000001781052995332609104311000548082010474715571      
0022600200004312           26041500000188676526043000000192405700000000000000000001781018867652609104312000548092003729215211      
0022600200004313           26041500000506719426043000000516734900000000000000000001781050671942609104313000548102010015515991      
0022600200004314           26041500000040339326043000000041136600000000000000000001781004033932609104314000548112000797315211      
0022600200004315           26041500000525768426043000000536160400000000000000000001781052576842609104315000548122010392015631      
0022600200004316           26041500001203611526043000001227401300000000000000000001781120361152609104316000548132023789815001      
0022600200004318           26041500000732306226043000000746780500000000000000000001781073230622609104318000548142014474315421      
0022600200004319           26041500000289849726043000000295578700000000000000000001781028984972609104319000548152005729015581      
0022600200004320           26041500001863305726043000001900134600000000000000000001781186330572609104320000548162036828915371      
0022600200004321           26041500000523481026043000000533827800000000000000000001781052348102609104321000548172010346815581      
0022600200004322           26041500000511579726043000000521691300000000000000000001781051157972609104322000548182010111615581      
0022600200004323           26041500000999707226043000001019466700000000000000000001781099970722609104323000548192019759515581      
0022600200004324           26041500000335447026043000000342077200000000000000000001781033544702609104324000548202006630215211      
0022600200004325           26041500000167532626043000000170843900000000000000000001781016753262609104325000548212003311315571      
0022600200004326           26041500000519159726043000000529421100000000000000000001781051915972609104326000548222010261415151      
0022600200004327           26041500001479774826043000001509023000000000000000000001781147977482609104327000548232029248215211      
0022600200004328           26041500000614039626043000000626176300000000000000000001781061403962609104328000548242012136715781      
0022600200004329           26041500000810155826043000000826168800000000000000000001781081015582609104329000548252016013015631      
0022600200004330           26041500000901988126043000000919816200000000000000000001781090198812609104330000548262017828115371      
0022600200004331           26041500001447196326043000001475800700000000000000000001781144719632609104331000548272028604415211      
0022600200004338           26041500001112301426043000001134286400000000000000000001781111230142609104338000035222021985015581      
0022600200004344           26041500000292710326043000000298495800000000000000000001781029271032609104344000548282005785515371      
0022600200004345           26041500000135438526043000000138115500000000000000000001781013543852609104345000548292002677015841      
0022600200004346           26041500000091409026043000000093215800000000000000000001781009140902609104346000548302001806815781      
0022600200004347           26041500001282426226043000001307773800000000000000000001781128242622609104347000548312025347615991      
0022600200004348           26041500001168196026043000001191285800000000000000000001781116819602609104348000548322023089815211      
0022600200004349           26041500000806615526043000000822558600000000000000000001781080661552609104349000548332015943115421      
0022600200004350           26041500000594835426043000000606592500000000000000000001781059483542609104350000548342011757115631      
0022600200004351           26041500002311778226043000002357471300000000000000000001781231177822609104351000035232045693115211      
0022600200004352           26041500000123774926043000000126221400000000000000000001781012377492609104352000548352002446515841      
0022600200004353           26041500001140580426043000001163124400000000000000000001781114058042609104353000548362022544015001      
0022600200004354           26041500000895110326043000000912802400000000000000000001781089511032609104354000548372017692115211      
0022600200004355           26041500001466878526043000001495871900000000000000000001781146687852609104355000548382028993415001      
0022600200004356           26041500001806699326043000001842409300000000000000000001781180669932609104356000548392035710015151      
0022600200004357           26041500000346882226043000000353738400000000000000000001781034688222609104357000035242006856215991      
0022600200004358           26041500002131898926043000002174036700000000000000000001781213189892609104358000548402042137815211      
0022600200004359           26041500001688780926043000001722160200000000000000000001781168878092609104359000035252033379315361      
0022600200004361           26041500000307407126043000000313483100000000000000000001781030740712609104361000548412006076015631      
0022600200004365           26041500005155548826043000005257450000000000000000000001781515554882609104365000035262000000015211      
0022600200004367           26041500000179731026043000000183283400000000000000000001781017973102609104367000548422003552415631      
0022600200004368           26041500000146870926043000000149773800000000000000000001781014687092609104368000548432002902915901      
0022600200004369           26041500000594080926043000000605823100000000000000000001781059408092609104369000548442011742215151      
0022600200004370           26041500001907283026043000001944981200000000000000000001781190728302609104370000548452037698215781      
0022600200004372           26041500000045355526043000000046252000000000000000000001781004535552609104372000548462000896515581      
0022600200004374           26041500005028257526043000005127642800000000000000000001781502825752609104374000035272099385315901      
0022600200004375           26041500000806230526043000000822166000000000000000000001781080623052609104375000548472015935515631      
0022600200004376           26041500000228524526043000000233041300000000000000000001781022852452609104376000548482004516815001      
0022600200004377           26041500000981848826043000001001255400000000000000000001781098184882609104377000035282019406615361      
0022600200004379           26041500001154554626043000001177374700000000000000000001781115455462609104379000548492022820115001      
0022600200004384           26041500000941533426043000000960143100000000000000000001781094153342609104384000548502018609715211      
0022600200004386           26041500000324484826043000000330898400000000000000000001781032448482609104386000548512006413615571      
0022600200004387           26041500000120027826043000000122400200000000000000000001781012002782609104387000548522002372415631      
0022600200004388           26041500000911551026043000000929568100000000000000000001781091155102609104388000548532018017115901      
0022600200004389           26041500000935580526043000000954072600000000000000000001781093558052609104389000548542018492115631      
0022600200004397           26041500000403050026043000000411016400000000000000000001781040305002609104397000548552007966415161      
0022600200004400           26041500000216326126043000000220601900000000000000000001781021632612609104400000548562004275815631      
0022600200004401           26041500000460799226043000000469907100000000000000000001781046079922609104401000548572009107915421      
0022600200004403           26041500000144678226043000000147537800000000000000000001781014467822609104403000548582002859615211      
0022600200004404           26041500000354987726043000000362004100000000000000000001781035498772609104404000548592007016415791      
0022600200004405           26041500001234931126043000001259339900000000000000000001781123493112609104405000548602024408815001      
0022600200004406           26041500002005813526043000002045459200000000000000000001781200581352609104406000548612039645715841      
0022600200004407           26041500000209820326043000000213967500000000000000000001781020982032609104407000548622004147215421      
0022600200004408           26041500002628555226043000002680509500000000000000000001781262855522609104408000548632051954315371      
0022600200004410           26041500000160494526043000000163666800000000000000000001781016049452609104410000548642003172315151      
0022600200004411           26041500000354987726043000000362004100000000000000000001781035498772609104411000548652007016415631      
0022600200004412           26041500001056765126043000001077652500000000000000000001781105676512609104412000548662020887415581      
0022600200004413           26041500000469398426043000000478676200000000000000000001781046939842609104413000548672009277815901      
0022600200004414           26041500000975535126043000000994816900000000000000000001781097553512609104414000548682019281815161      
0022600200004415           26041500001134369426043000001156790600000000000000000001781113436942609104415000548692022421215841      
0022600200004416           26041500000580548626043000000592023400000000000000000001781058054862609104416000548702011474815581      
0022600200004417           26041500000101144626043000000103143800000000000000000001781010114462609104417000548712001999215631      
0022600200004419           26041500000035168326043000000035863400000000000000000001781003516832609104419000548722000695115571      
0022600200004420           26041500001372790326043000001399923900000000000000000001781137279032609104420000548732027133615211      
0022600200004421           26041500000590077926043000000601741000000000000000000001781059007792609104421000548742011663115791      
0022600200004424           26041500000165906326043000000169185500000000000000000001781016590632609104424000548752003279215421      
0022600200004425           26041500000430004026043000000438503200000000000000000001781043000402609104425000548762008499215001      
0022600200004426           26041500000658146326043000000671154800000000000000000001781065814632609104426000548772013008515151      
0022600200004428           26041500001587443126043000001618819500000000000000000001781158744312609104428000548782031376415991      
0022600200004429           26041500002945413626043000003003630700000000000000000001781294541362609104429000035292058217115161      
0022600200004431           26041500002925440526043000002983262900000000000000000001781292544052609104431000548792057822415421      
0022600200004432           26041500001299597526043000001325284500000000000000000001781129959752609104432000035302025687015631      
0022600200004436           26041500000154877726043000000157938900000000000000000001781015487772609104436000548802003061215151      
0022600200004437           26041500000670260826043000000683508700000000000000000001781067026082609104437000548812013247915001      
0022600200004438           26041500000035168326043000000035863400000000000000000001781003516832609104438000548822000695115781      
0022600200004439           26041500000197660026043000000201566800000000000000000001781019766002609104439000548832003906815151      
0022600200004440           26041500000352711026043000000359682400000000000000000001781035271102609104440000548842006971415991      
0022600200004441           26041500000191677426043000000195466000000000000000000001781019167742609104441000035312003788615841      
0022600200004442           26041500000421710526043000000430045700000000000000000001781042171052609104442000548852008335215841      
0022600200004443           26041500000756820726043000000771779600000000000000000001781075682072609104443000548862014958915841      
0022600200004445           26041500000539819526043000000550489300000000000000000001781053981952609104445000548872010669815211      
0022600200004447           26041500000058089626043000000059237800000000000000000001781005808962609104447000548882001148215211      
0022600200004451           26041500001508056326043000001537863600000000000000000001781150805632609104451000548892029807315841      
0022600200004453           26041500000311059326043000000317207600000000000000000001781031105932609104453000548902006148315791      
0022600200004454           26041500000191929426043000000195723000000000000000000001781019192942609104454000548912003793615781      
0022600200004455           26041500000825362626043000000841676200000000000000000001781082536262609104455000548922016313615631      
0022600200004456           26041500001049058326043000001069793300000000000000000001781104905832609104456000035322020735015421      
0022600200004458           26041500000389699126043000000397401600000000000000000001781038969912609104458000548932007702515901      
0022600200004459           26041500000591501426043000000603192700000000000000000001781059150142609104459000548942011691315901      
0022600200004461           26041500000318834026043000000325135900000000000000000001781031883402609104461000548952006301915901      
0022600200004464           26041500000108918726043000000111071500000000000000000001781010891872609104464000548962002152815581      
0022600200004468           26041500001516199126043000001546167300000000000000000001781151619912609104468000548972029968215791      
0022600200004471           26041500000290569026043000000296312100000000000000000001781029056902609104471000035332005743115781      
0022600200004472           26041500003572962026043000003643582800000000000000000001781357296202609104472000548982070620815581      
0022600200004473           26041500001675174326043000001708284700000000000000000001781167517432609104473000548992033110415781      
0022600200004475           26041500000995263926043000001014935600000000000000000001781099526392609104475000035342019671715421      
0022600200004476           26041500000059363026043000000060536300000000000000000001781005936302609104476000549002001173315791      
0022600200004477           26041500000322858426043000000329239800000000000000000001781032285842609104477000549012006381415991      
0022600200004479           26041500000623553026043000000635877700000000000000000001781062355302609104479000549022012324715781      
0022600200004480           26041500000214718726043000000218962700000000000000000001781021471872609104480000549032004244015781      
0022600200004481           26041500002263673826043000002308416100000000000000000001781226367382609104481000549042044742315901      
0022600200004482           26041500001141767626043000001164335100000000000000000001781114176762609104482000549052022567515631      
0022600200004483           26041500000056938726043000000058064100000000000000000001781005693872609104483000549062001125415841      
0022600200004484           26041500001514421526043000001544354600000000000000000001781151442152609104484000549072029933115991      
0022600200004486           26041500001193770226043000001217365400000000000000000001781119377022609104486000549082023595215421      
0022600200004487           26041500000269642926043000000274972500000000000000000001781026964292609104487000549092005329615781      
0022600200004488           26041500000331518226043000000338070700000000000000000001781033151822609104488000549102006552515151      
0022600200004489           26041500000033058226043000000033711600000000000000000001781003305822609104489000549112000653415631      
0022600200004494           26041500000800680926043000000816506600000000000000000001781080068092609104494000549122015825715571      
0022600200004495           26041500001360476626043000001387366900000000000000000001781136047662609104495000549132026890315631      
0022600200004496           26041500000204127726043000000208162300000000000000000001781020412772609104496000549142004034615631      
0022600200004497           26041500000446068826043000000454885500000000000000000001781044606882609104497000549152008816715631      
0022600200004498           26041500001879768626043000001916922900000000000000000001781187976862609104498000549162037154315631      
0022600200004499           26041500000958543326043000000977489200000000000000000001781095854332609104499000549172018945915571      
0022600200004500           26041500000858575626043000000875545600000000000000000001781085857562609104500000549182016970015631      
0022600200004501           26041500000761881426043000000776940200000000000000000001781076188142609104501000549192015058815001      
0022600200004502           26041500001007924826043000001027846800000000000000000001781100792482609104502000549202019922015991      
0022600200004503           26041500000596562226043000000608353400000000000000000001781059656222609104503000549212011791215211      
0022600200004504           26041500000954669726043000000973539000000000000000000001781095466972609104504000549222018869315371      
0022600200004505           26041500000169972426043000000173332000000000000000000001781016997242609104505000549232003359615841      
0022600200004506           26041500000438297626043000000446960700000000000000000001781043829762609104506000549242008663115901      
0022600200004507           26041500000217952526043000000222260500000000000000000001781021795252609104507000549252004308015781      
0022600200004509           26041500001393857126043000001421407200000000000000000001781139385712609104509000549262027550115991      
0022600200004510           26041500000398718226043000000406599100000000000000000001781039871822609104510000549272007880915151      
0022600200004511           26041500003174983626043000003237738300000000000000000001781317498362609104511000549282062754715841      
0022600200004512           26041500000090038826043000000091818500000000000000000001781009003882609104512000035352001779715421      
0022600200004515           26041500000035168326043000000035863400000000000000000001781003516832609104515000549292000695115421      
0022600200004516           26041500000599396626043000000611243800000000000000000001781059939662609104516000549302011847215631      
0022600200004517           26041500000626742426043000000639130100000000000000000001781062674242609104517000549312012387715631      
0022600200004518           26041500000070376826043000000071767800000000000000000001781007037682609104518000549322001391015211      
0022600200004520           26041500000090850026043000000092645600000000000000000001781009085002609104520000549332001795615571      
0022600200004521           26041500001351842126043000001378561700000000000000000001781135184212609104521000549342026719615421      
0022600200004522           26041500000924541926043000000942815800000000000000000001781092454192609104522000549352018273915151      
0022600200004524           26041500001337180326043000001363610100000000000000000001781133718032609104524000549362026429815361      
0022600200004525           26041500000514478126043000000524646900000000000000000001781051447812609104525000549372010168815211      
0022600200004526           26041500000081008426043000000082609600000000000000000001781008100842609104526000549382001601215571      
0022600200004527           26041500001163853926043000001186857900000000000000000001781116385392609104527000549392023004015211      
0022600200004528           26041500000396168026043000000403998400000000000000000001781039616802609104528000549402007830415791      
0022600200004529           26041500000172031526043000000175431700000000000000000001781017203152609104529000549412003400215001      
0022600200004530           26041500000443557226043000000452324300000000000000000001781044355722609104530000549422008767115991      
0022600200004531           26041500000304276126043000000310290300000000000000000001781030427612609104531000549432006014215791      
0022600200004532           26041500001720842726043000001754855800000000000000000001781172084272609104532000549442034013115001      
0022600200004533           26041500000361530926043000000368676700000000000000000001781036153092609104533000549452007145815631      
0022600200004534           26041500000257800626043000000262896200000000000000000001781025780062609104534000549462005095615421      
0022600200004535           26041500000402246926043000000410197400000000000000000001781040224692609104535000549472007950515211      
0022600200004536           26041500000809923526043000000825931900000000000000000001781080992352609104536000549482016008415001      
0022600200004537           26041500000749306326043000000764116600000000000000000001781074930632609104537000549492014810315571      
0022600200004538           26041500001047631426043000001068338300000000000000000001781104763142609104538000549502020706915211      
0022600200004539           26041500001536639026043000001567011200000000000000000001781153663902609104539000549512030372215361      
0022600200004540           26041500000368719226043000000376007000000000000000000001781036871922609104540000549522007287815001      
0022600200004541           26041500000686611726043000000700182800000000000000000001781068661172609104541000549532013571115421      
0022600200004542           26041500001969230826043000002008153400000000000000000001781196923082609104542000549542038922615841      
0022600200004543           26041500001525382126043000001555531800000000000000000001781152538212609104543000549552030149715211      
0022600200004544           26041500000357213626043000000364274100000000000000000001781035721362609104544000549562007060515571      
0022600200004545           26041500000226084826043000000230553500000000000000000001781022608482609104545000549572004468715151      
0022600200004546           26041500000766942326043000000782101200000000000000000001781076694232609104546000549582015158915161      
0022600200004547           26041500000871855626043000000889088200000000000000000001781087185562609104547000549592017232615361      
0022600200004548           26041500001766786726043000001801707900000000000000000001781176678672609104548000549602034921215791      
0022600200004549           26041500000107106126043000000109223100000000000000000001781010710612609104549000549612002117015901      
0022600200004550           26041500002088707526043000002129991500000000000000000001781208870752609104550000549622041284015631      
0022600200004551           26041500001351842126043000001378561700000000000000000001781135184212609104551000549632026719615901      
0022600200004552           26041500001458263426043000001487086400000000000000000001781145826342609104552000549642028823015001      
0022600200004553           26041500001121228726043000001143390200000000000000000001781112122872609104553000549652022161515001      
0022600200004554           26041500000394258026043000000402050600000000000000000001781039425802609104554000549662007792615901      
0022600200004555           26041500000106555126043000000108661200000000000000000001781010655512609104555000549672002106115001      
0022600200004556           26041500000633449326043000000645969700000000000000000001781063344932609104556000549682012520415791      
0022600200004557           26041500000574524826043000000585880500000000000000000001781057452482609104557000549692011355715001      
0022600200004558           26041500000935298526043000000953785000000000000000000001781093529852609104558000549702018486515371      
0022600200004559           26041500000140622226043000000143401700000000000000000001781014062222609104559000549712002779515581      
0022600200004560           26041500000318792326043000000325093400000000000000000001781031879232609104560000549722006301115901      
0022600200004561           26041500001619399626043000001651407600000000000000000001781161939962609104561000549732032008015571      
0022600200004562           26041500001576481626043000001607641300000000000000000001781157648162609104562000549742031159715791      
0022600200004564           26041500001188317026043000001211804600000000000000000001781118831702609104564000549752023487615001      
0022600200004565           26041500001645643626043000001678170300000000000000000001781164564362609104565000549762032526715151      
0022600200004566           26041500000297648526043000000303531600000000000000000001781029764852609104566000549772005883115991      
0022600200004567           26041500001166141326043000001189190500000000000000000001781116614132609104567000549782023049215791      
0022600200004568           26041500000627342926043000000639742500000000000000000001781062734292609104568000549792012399615421      
0022600200004569           26041500000155070726043000000158135800000000000000000001781015507072609104569000549802003065115211      
0022600200004570           26041500000605255326043000000617218300000000000000000001781060525532609104570000035362011963015991      
0022600200004571           26041500000360364526043000000367487300000000000000000001781036036452609104571000549812007122815151      
0022600200004573           26041500000209625126043000000213768400000000000000000001781020962512609104573000549822004143315631      
0022600200004574           26041500001281123426043000001306445300000000000000000001781128112342609104574000549832025321915781      
0022600200004575           26041500000037715126043000000038460600000000000000000001781003771512609104575000549842000745515371      
0022600200004576           26041500000572446726043000000583761300000000000000000001781057244672609104576000549852011314615371      
0022600200004577           26041500000665722526043000000678880800000000000000000001781066572252609104577000549862013158315571      
0022600200004578           26041500001768337826043000001803289600000000000000000001781176833782609104578000549872034951815791      
0022600200004580           26041500000230150826043000000234699800000000000000000001781023015082609104580000549882004549015791      
0022600200004581           26041500000033058226043000000033711600000000000000000001781003305822609104581000549892000653415161      
0022600200004582           26041500000963732826043000000982781300000000000000000001781096373282609104582000549902019048515361      
0022600200004583           26041500000307240326043000000313313000000000000000000001781030724032609104583000549912006072715001      
0022600200004584           26041500000593188326043000000604912800000000000000000001781059318832609104584000549922011724515991      
0022600200004585           26041500000537237326043000000547856000000000000000000001781053723732609104585000549932010618715991      
0022600200004586           26041500000372455026043000000379816800000000000000000001781037245502609104586000549942007361815421      
0022600200004587           26041500000242496626043000000247289700000000000000000001781024249662609104587000035372004793115421      
0022600200004588           26041500000102605526043000000104633600000000000000000001781010260552609104588000549952002028115991      
0022600200004589           26041500000359477726043000000366582900000000000000000001781035947772609104589000549962007105215631      
0022600200004590           26041500002504512326043000002554014900000000000000000001781250451232609104590000549972049502615371      
0022600200004591           26041500000403809926043000000411791300000000000000000001781040380992609104591000549982007981415211      
0022600200004592           26041500000247827326043000000252725700000000000000000001781024782732609104592000549992004898415161      
0022600200004593           26041500001148020126043000001170711100000000000000000001781114802012609104593000550002022691015901      
0022600200004594           26041500000469886226043000000479173700000000000000000001781046988622609104594000550012009287515781      
0022600200004596           26041500000139326426043000000142080200000000000000000001781013932642609104596000550022002753815361      
0022600200004597           26041500000758209626043000000773195900000000000000000001781075820962609104597000550032014986315211      
0022600200004598           26041500000128496626043000000131036400000000000000000001781012849662609104598000035382002539815421      
0022600200004599           26041500000093320026043000000095164500000000000000000001781009332002609104599000550042001844515161      
0022600200004601           26041500000968616926043000000987762000000000000000000001781096861692609104601000550052019145115371      
0022600200004602           26041500000273777626043000000279189000000000000000000001781027377762609104602000550062005411415901      
0022600200004603           26041500000884157426043000000901633100000000000000000001781088415742609104603000550072017475715161      
0022600200004604           26041500001279061026043000001304342100000000000000000001781127906102609104604000550082025281115631      
0022600200004605           26041500000360545626043000000367671900000000000000000001781036054562609104605000550092007126315841      
0022600200004606           26041500000330966526043000000337508100000000000000000001781033096652609104606000550102006541615151      
0022600200004607           26041500000234034126043000000238659800000000000000000001781023403412609104607000550112004625715421      
0022600200004608           26041500002360200126043000002406850300000000000000000001781236020012609104608000550122046650215791      
0022600200004610           26041500000993754126043000001013396000000000000000000001781099375412609104610000550132019641915211      
0022600200004611           26041500001321641826043000001347764500000000000000000001781132164182609104611000550142026122715991      
0022600200004613           26041500000637031326043000000649622400000000000000000001781063703132609104613000550152012591115161      
0022600200004614           26041500000675847926043000000689206300000000000000000001781067584792609104614000550162013358415901      
0022600200004615           26041500003762288926043000003836651900000000000000000001781376228892609104615000550172074363015901      
0022600200004616           26041500000358472226043000000365557500000000000000000001781035847222609104616000550182007085315581      
0022600200004617           26041500001374617026043000001401786800000000000000000001781137461702609104617000550192027169815901      
0022600200004618           26041500000203258126043000000207275500000000000000000001781020325812609104618000550202004017415001      
0022600200004619           26041500001069329426043000001090465100000000000000000001781106932942609104619000550212021135715371      
0022600200004620           26041500004371526626043000004457931400000000000000000001781437152662609104620000035392086404815581      
0022600200004621           26041500002429530126043000002477550600000000000000000001781242953012609104621000550222048020515371      
0022600200004622           26041500000797875726043000000813646000000000000000000001781079787572609104622000035402015770315991      
0022600200004623           26041500001115220626043000001137263300000000000000000001781111522062609104623000550232022042715631      
0022600200004624           26041500001803045926043000001838683800000000000000000001781180304592609104624000550242035637915361      
0022600200004625           26041500000715165626043000000729301100000000000000000001781071516562609104625000550252014135515841      
0022600200004626           26041500000135813426043000000138497800000000000000000001781013581342609104626000550262002684415631      
0022600200004627           26041500000853095426043000000869957100000000000000000001781085309542609104627000550272016861715841      
0022600200004629           26041500000299881126043000000305808400000000000000000001781029988112609104629000550282005927315211      
0022600200004630           26041500000347068626043000000353928600000000000000000001781034706862609104630000550292006860015901      
0022600200004631           26041500000207768126043000000211874700000000000000000001781020776812609104631000550302004106615991      
0022600200004632           26041500000047404526043000000048341500000000000000000001781004740452609104632000550312000937015001      
0022600200004633           26041500001121991826043000001144168300000000000000000001781112199182609104633000035412022176515901      
0022600200004634           26041500000035168326043000000035863400000000000000000001781003516832609104634000550322000695115001      
0022600200004637           26041500000090038826043000000091818500000000000000000001781009003882609104637000035422001779715421      
0022600200004638           26041500000731516626043000000745975300000000000000000001781073151662609104638000550332014458715421      
0022600200004639           26041500000593799826043000000605536400000000000000000001781059379982609104639000550342011736615781      
0022600200004640           26041500001392030326043000001419544200000000000000000001781139203032609104640000550352027513915901      
0022600200004641           26041500000321231926043000000327581100000000000000000001781032123192609104641000550362006349215151      
0022600200004642           26041500000092024126043000000093843000000000000000000001781009202412609104642000550372001818915001      
0022600200004643           26041500000573321426043000000584653300000000000000000001781057332142609104643000550382011331915361      
0022600200004645           26041500001514180826043000001544109100000000000000000001781151418082609104645000550392029928315211      
0022600200004646           26041500000302643526043000000308625400000000000000000001781030264352609104646000550402005981915571      
0022600200004647           26041500000122950026043000000125380200000000000000000001781012295002609104647000550412002430215001      
0022600200004648           26041500001951628426043000001990203000000000000000000001781195162842609104648000550422038574615361      
0022600200004650           26041500000771794326043000000787049100000000000000000001781077179432609104650000550432015254815151      
0022600200004651           26041500011512412826043000011739959700000000000000000001781000000002609104651000035432000000015631      
0022600200004652           26041500000427399526043000000435847200000000000000000001781042739952609104652000550442008447715421      
0022600200004654           26041500000447752426043000000456602300000000000000000001781044775242609104654000550452008849915781      
0022600200004655           26041500002604632426043000002656113900000000000000000001781260463242609104655000035442051481515001      
0022600200004657           26041500000270748626043000000276100100000000000000000001781027074862609104657000550462005351515841      
0022600200004658           26041500000292748226043000000298534400000000000000000001781029274822609104658000550472005786215791      
0022600200004659           26041500000090038826043000000091818500000000000000000001781009003882609104659000035452001779715001      
0022600200004660           26041500001205703326043000001229534500000000000000000001781120570332609104660000550482023831215791      
0022600200004664           26041500000808329126043000000824306100000000000000000001781080832912609104664000550492015977015211      
0022600200004665           26041500000282197226043000000287774900000000000000000001781028219722609104665000550502005577715001      
0022600200004666           26041500001832628526043000001868851100000000000000000001781183262852609104666000550512036222615581      
0022600200004667           26041500000348205626043000000355088000000000000000000001781034820562609104667000550522006882415421      
0022600200004668           26041500001066915326043000001088003300000000000000000001781106691532609104668000550532021088015001      
0022600200004669           26041500001770679326043000001805677300000000000000000001781177067932609104669000550542034998015631      
0022600200004670           26041500000235030326043000000239675700000000000000000001781023503032609104670000550552004645415211      
0022600200004671           26041500000594311726043000000606058500000000000000000001781059431172609104671000550562011746815161      
0022600200004672           26041500001196521726043000001220171400000000000000000001781119652172609104672000550572023649715791      
0022600200004673           26041500001694085026043000001727569200000000000000000001781169408502609104673000550582033484215631      
0022600200004674           26041500000491169026043000000500877100000000000000000001781049116902609104674000550592009708115421      
0022600200004675           26041500001151851026043000001174617800000000000000000001781115185102609104675000550602022766815841      
0022600200004676           26041500001078685926043000001100006500000000000000000001781107868592609104676000550612021320615001      
0022600200004677           26041500001588749126043000001620151300000000000000000001781158874912609104677000035462031402215991      
0022600200004678           26041500001086965526043000001108449800000000000000000001781108696552609104678000550622021484315421      
0022600200004679           26041500000350716826043000000357648900000000000000000001781035071682609104679000550632006932115631      
0022600200004681           26041500000233403926043000000238017300000000000000000001781023340392609104681000550642004613415781      
0022600200004682           26041500000151048426043000000154034000000000000000000001781015104842609104682000550652002985615001      
0022600200004683           26041500000705846026043000000719797300000000000000000001781070584602609104683000550662013951315421      
0022600200004684           26041500000467263626043000000476499300000000000000000001781046726362609104684000550672009235715841      
0022600200004685           26041500000812907226043000000828974500000000000000000001781081290722609104685000550682016067315421      
0022600200004686           26041500001229403026043000001253702600000000000000000001781122940302609104686000550692024299615001      
0022600200004687           26041500000516049626043000000526249500000000000000000001781051604962609104687000550702010199915581      
0022600200004690           26041500000645889026043000000658655200000000000000000001781064588902609104690000550712012766215151      
0022600200004691           26041500000427930626043000000436388700000000000000000001781042793062609104691000550722008458115901      
0022600200004694           26041500001158160326043000001181051700000000000000000001781115816032609104694000550732022891415161      
0022600200004695           26041500001467781726043000001496792900000000000000000001781146778172609104695000550742029011215421      
0022600200004696           26041500000627789926043000000640198300000000000000000001781062778992609104696000550752012408415841      
0022600200004697           26041500002462497426043000002511169500000000000000000001781246249742609104697000550762048672115631      
0022600200004700           26041500000337070826043000000343733200000000000000000001781033707082609104700000550772006662415571      
0022600200004701           26041500000035168326043000000035863400000000000000000001781003516832609104701000550782000695115211      
0022600200004702           26041500000308689526043000000314790800000000000000000001781030868952609104702000550792006101315841      
0022600200004703           26041500001359937926043000001386817600000000000000000001781135993792609104703000550802026879715991      
0022600200004704           26041500000543259426043000000553997100000000000000000001781054325942609104704000550812010737715781      
0022600200004705           26041500000238376226043000000243087800000000000000000001781023837622609104705000035472004711615421      
0022600200004706           26041500000321231926043000000327581100000000000000000001781032123192609104706000550822006349215001      
0022600200004707           26041500000285450226043000000291092200000000000000000001781028545022609104707000550832005642015791      
0022600200004708           26041500000174415826043000000177863200000000000000000001781017441582609104708000550842003447415151      
0022600200004709           26041500000580982726043000000592466100000000000000000001781058098272609104709000550852011483415841      
0022600200004710           26041500000378425226043000000385904900000000000000000001781037842522609104710000550862007479715421      
0022600200004711           26041500000223645126043000000228065500000000000000000001781022364512609104711000550872004420415781      
0022600200004712           26041500000336224726043000000342870300000000000000000001781033622472609104712000550882006645615211      
0022600200004715           26041500000112111426043000000114327300000000000000000001781011211142609104715000550892002215915001      
0022600200004716           26041500000475252526043000000484646000000000000000000001781047525252609104716000035482009393515001      
0022600200004717           26041500001012164826043000001032170600000000000000000001781101216482609104717000035492020005815841      
0022600200004718           26041500000274065026043000000279482000000000000000000001781027406502609104718000550902005417015371      
0022600200004720           26041500000437260926043000000445903600000000000000000001781043726092609104720000550912008642715781      
0022600200004721           26041500000424626826043000000433019700000000000000000001781042462682609104721000550922008392915371      
0022600200004723           26041500000684223526043000000697747400000000000000000001781068422352609104723000550932013523915211      
0022600200004724           26041500001229450826043000001253751400000000000000000001781122945082609104724000550942024300615841      
0022600200004725           26041500000275161726043000000280600400000000000000000001781027516172609104725000550952005438715581      
0022600200004726           26041500000921586626043000000939802100000000000000000001781092158662609104726000550962018215515361      
0022600200004727           26041500000282023426043000000287597700000000000000000001781028202342609104727000550972005574315001      
0022600200004728           26041500000395099626043000000402908900000000000000000001781039509962609104728000550982007809315841      
0022600200004729           26041500000033058226043000000033711600000000000000000001781003305822609104729000550992000653415991      
0022600200004730           26041500000611632826043000000623721900000000000000000001781061163282609104730000551002012089115211      
0022600200004731           26041500001438213326043000001466640100000000000000000001781143821332609104731000551012028426815901      
0022600200004732           26041500001861805826043000001898605000000000000000000001781186180582609104732000551022036799215791      
0022600200004733           26041500000291820726043000000297588600000000000000000001781029182072609104733000551032005767915791      
0022600200004734           26041500000060931026043000000062135300000000000000000001781006093102609104734000551042001204315841      
0022600200004735           26041500000035168326043000000035863400000000000000000001781003516832609104735000551052000695115901      
0022600200004736           26041500000315842026043000000322084800000000000000000001781031584202609104736000551062006242815371      
0022600200004737           26041500000427057226043000000435498200000000000000000001781042705722609104737000551072008441015421      
0022600200004738           26041500000404086726043000000412073700000000000000000001781040408672609104738000551082007987015361      
0022600200004739           26041500000205804926043000000209872700000000000000000001781020580492609104739000551092004067815001      
0022600200004740           26041500000827199926043000000843549800000000000000000001781082719992609104740000551102016349915631      
0022600200004741           26041500000495227326043000000505015600000000000000000001781049522732609104741000551112009788315211      
0022600200004742           26041500000632622226043000000645126200000000000000000001781063262222609104742000551122012504015371      
0022600200004743           26041500000456548726043000000465572500000000000000000001781045654872609104743000551132009023815161      
0022600200004745           26041500000798993926043000000814786300000000000000000001781079899392609104745000551142015792415791      
0022600200004746           26041500000285450226043000000291092200000000000000000001781028545022609104746000551152005642015991      
0022600200004748           26041500000084831226043000000086507900000000000000000001781008483122609104748000551162001676715791      
0022600200004749           26041500001107913626043000001129811900000000000000000001781110791362609104749000551172021898315161      
0022600200004750           26041500000371476726043000000378819100000000000000000001781037147672609104750000551182007342415151      
0022600200004751           26041500004227591526043000004311151300000000000000000001781422759152609104751000551192083559815361      
0022600200004752           26041500001596597826043000001628155100000000000000000001781159659782609104752000551202031557315421      
0022600200004753           26041500000453611026043000000462576700000000000000000001781045361102609104753000551212008965715791      
0022600200004754           26041500000401222226043000000409152500000000000000000001781040122222609104754000551222007930315371      
0022600200004755           26041500000645601026043000000658361500000000000000000001781064560102609104755000035502012760515571      
0022600200004756           26041500000167602626043000000170915300000000000000000001781016760262609104756000551232003312715581      
0022600200004757           26041500000899581926043000000917362500000000000000000001781089958192609104757000551242017780615371      
0022600200004758           26041500001084166126043000001105595100000000000000000001781108416612609104758000551252021429015151      
0022600200004759           26041500000870438126043000000887642600000000000000000001781087043812609104759000551262017204515631      
0022600200004760           26041500000543696826043000000554443200000000000000000001781054369682609104760000551272010746415841      
0022600200004761           26041500000646296926043000000659071200000000000000000001781064629692609104761000551282012774315211      
0022600200004762           26041500000339951626043000000346670900000000000000000001781033995162609104762000551292006719315421      
0022600200004763           26041500000334968626043000000341589400000000000000000001781033496862609104763000551302006620815631      
0022600200004764           26041500000405123426043000000413130800000000000000000001781040512342609104764000551312008007415161      
0022600200004765           26041500001284572926043000001309962900000000000000000001781128457292609104765000551322025390015991      
0022600200004766           26041500000360101326043000000367218900000000000000000001781036010132609104766000551332007117615901      
0022600200004767           26041500001381831126043000001409143500000000000000000001781138183112609104767000551342027312415361      
0022600200004768           26041500000266598526043000000271867900000000000000000001781026659852609104768000551352005269415421      
0022600200004769           26041500001144448426043000001167068900000000000000000001781114444842609104769000551362022620515421      
0022600200004770           26041500001227091226043000001251345000000000000000000001781122709122609104770000551372024253815001      
0022600200004771           26041500000708363026043000000722364000000000000000000001781070836302609104771000551382014001015371      
0022600200004772           26041500000287651226043000000293336700000000000000000001781028765122609104772000551392005685515571      
0022600200004773           26041500000226898026043000000231382700000000000000000001781022689802609104773000551402004484715631      
0022600200004774           26041500002611665226043000002663285700000000000000000001781261166522609104774000551412051620515161      
0022600200004775           26041500000273037926043000000278434600000000000000000001781027303792609104775000551422005396715001      
0022600200004776           26041500000438177026043000000446837700000000000000000001781043817702609104776000551432008660715781      
0022600200004779           26041500000901896726043000000919723000000000000000000001781090189672609104779000551442017826315001      
0022600200004780           26041500000712843926043000000726933500000000000000000001781071284392609104780000035512014089615211      
0022600200004781           26041500001098049026043000001119752300000000000000000001781109804902609104781000551452021703315421      
0022600200004783           26041500000192177026043000000195975400000000000000000001781019217702609104783000551462003798415841      
0022600200004784           26041500000779637626043000000795047400000000000000000001781077963762609104784000551472015409815631      
0022600200004785           26041500000395916926043000000403742300000000000000000001781039591692609104785000551482007825415421      
0022600200004786           26041500000080360426043000000081948800000000000000000001781008036042609104786000551492001588415841      
0022600200004787           26041500001037643626043000001058153000000000000000000001781103764362609104787000551502020509415631      
0022600200004788           26041500000599936026043000000611794000000000000000000001781059993602609104788000551512011858015421      
0022600200004789           26041500000504758626043000000514735300000000000000000001781050475862609104789000551522009976715631      
0022600200004790           26041500000255734626043000000260789300000000000000000001781025573462609104790000551532005054715211      
0022600200004792           26041500000287889726043000000293580000000000000000000001781028788972609104792000551542005690315421      
0022600200004793           26041500002558374326043000002608941400000000000000000001781255837432609104793000551552050567115781      
0022600200004794           26041500000160676726043000000163852600000000000000000001781016067672609104794000551562003175915001      
0022600200004795           26041500001523507326043000001553620000000000000000000001781152350732609104795000551572030112715901      
0022600200004796           26041500000652972426043000000665878600000000000000000001781065297242609104796000551582012906215421      
0022600200004797           26041500000233074126043000000237680900000000000000000001781023307412609104797000551592004606815371      
0022600200004798           26041500000666996126043000000680179500000000000000000001781066699612609104798000551602013183415791      
0022600200004799           26041500000834828126043000000851328700000000000000000001781083482812609104799000551612016500615571      
0022600200004800           26041500000086161626043000000087864600000000000000000001781008616162609104800000551622001703015581      
0022600200004801           26041500000463834326043000000473002100000000000000000001781046383432609104801000551632009167815151      
0022600200004802           26041500000848405226043000000865174200000000000000000001781084840522609104802000551642016769015151      
0022600200004803           26041500001692469026043000001725921300000000000000000001781169246902609104803000551652033452315581      
0022600200004804           26041500002900913926043000002958251400000000000000000001781290091392609104804000551662057337515001      
0022600200004805           26041500003221334626043000003285005400000000000000000001781322133462609104805000551672063670815781      
0022600200004806           26041500000506918526043000000516937900000000000000000001781050691852609104806000551682010019415581      
0022600200004807           26041500000407587926043000000415644000000000000000000001781040758792609104807000551692008056115841      
0022600200004808           26041500001806655026043000001842364200000000000000000001781180665502609104808000551702035709215571      
0022600200004809           26041500000353805726043000000360798800000000000000000001781035380572609104809000551712006993115001      
0022600200004810           26041500001000297926043000001020069200000000000000000001781100029792609104810000551722019771315991      
0022600200004811           26041500001071378926043000001092555100000000000000000001781107137892609104811000551732021176215581      
0022600200004812           26041500004312018526043000004397247000000000000000000001781431201852609104812000551742085228515001      
0022600200004813           26041500000055642526043000000056742300000000000000000001781005564252609104813000551752001099815421      
0022600200004815           26041500000597500426043000000609310200000000000000000001781059750042609104815000551762011809815781      
0022600200004816           26041500002193967226043000002237331800000000000000000001781219396722609104816000551772043364615631      
0022600200004817           26041500000417510226043000000425762400000000000000000001781041751022609104817000035522008252215791      
0022600200004818           26041500000945488426043000000964176400000000000000000001781094548842609104818000551782018688015581      
0022600200004819           26041500003191364926043000003254443300000000000000000001781319136492609104819000551792063078415151      
0022600200004820           26041500000842135026043000000858780100000000000000000001781084213502609104820000551802016645115781      
0022600200004821           26041500000283823726043000000289433600000000000000000001781028382372609104821000551812005609915421      
0022600200004823           26041500000326080126043000000332525200000000000000000001781032608012609104823000551822006445115001      
0022600200004825           26041500001287954326043000001313411100000000000000000001781128795432609104825000551832025456815581      
0022600200004826           26041500001012923426043000001032944200000000000000000001781101292342609104826000551842020020815211      
0022600200004827           26041500001012069426043000001032073400000000000000000001781101206942609104827000551852020004015421      
0022600200004828           26041500000324484826043000000330898400000000000000000001781032448482609104828000551862006413615791      
0022600200004829           26041500000496352426043000000506163000000000000000000001781049635242609104829000551872009810615901      
0022600200004830           26041500000352252026043000000359214300000000000000000001781035225202609104830000551882006962315841      
0022600200004831           26041500000035168326043000000035863400000000000000000001781003516832609104831000551892000695115991      
0022600200004832           26041500001414584926043000001442544600000000000000000001781141458492609104832000551902027959715581      
0022600200004833           26041500000716722826043000000730889100000000000000000001781071672282609104833000551912014166315211      
0022600200004834           26041500000581379826043000000592870900000000000000000001781058137982609104834000551922011491115781      
0022600200004835           26041500000189250626043000000192991200000000000000000001781018925062609104835000551932003740615631      
0022600200004839           26041500000841167126043000000857793100000000000000000001781084116712609104839000551942016626015151      
0022600200004841           26041500001368234926043000001395278500000000000000000001781136823492609104841000551952027043615581      
0022600200004843           26041500001243653326043000001268234600000000000000000001781124365332609104843000551962024581315211      
0022600200004844           26041500000131243626043000000133837700000000000000000001781013124362609104844000035532002594115001      
0022600200004845           26041500000033706226043000000034372400000000000000000001781003370622609104845000551972000666215991      
0022600200004846           26041500000306080026043000000312129800000000000000000001781030608002609104846000551982006049815791      
0022600200004847           26041500000546750326043000000557557100000000000000000001781054675032609104847000551992010806815991      
0022600200004848           26041500000686015126043000000699574500000000000000000001781068601512609104848000552002013559415161      
0022600200004849           26041500000619409526043000000631652400000000000000000001781061940952609104849000552012012242915161      
0022600200004850           26041500000604514926043000000616463400000000000000000001781060451492609104850000552022011948515841      
0022600200004851           26041500000314062626043000000320270100000000000000000001781031406262609104851000552032006207515631      
0022600200004852           26041500000403050026043000000411016400000000000000000001781040305002609104852000552042007966415151      
0022600200004853           26041500000760639726043000000775674000000000000000000001781076063972609104853000552052015034315211      
0022600200004854           26041500000608370726043000000620395300000000000000000001781060837072609104854000552062012024615361      
0022600200004855           26041500000397238726043000000405090300000000000000000001781039723872609104855000552072007851615001      
0022600200004856           26041500000625239926043000000637598000000000000000000001781062523992609104856000552082012358115151      
0022600200004858           26041500000563317326043000000574451500000000000000000001781056331732609104858000552092011134215211      
0022600200004859           26041500001587311626043000001618685300000000000000000001781158731162609104859000552102031373715571      
0022600200004860           26041500002973010726043000003031773300000000000000000001781297301072609104860000552112058762615991      
0022600200004861           26041500000568377526043000000579611600000000000000000001781056837752609104861000552122011234115571      
0022600200004862           26041500000653629826043000000666549000000000000000000001781065362982609104862000552132012919215781      
0022600200004863           26041500001813033626043000001848868800000000000000000001781181303362609104863000552142035835215001      
0022600200004864           26041500001356349726043000001383158500000000000000000001781135634972609104864000552152026808815841      
0022600200004865           26041500000132846526043000000135472200000000000000000001781013284652609104865000552162002625715571      
0022600200004866           26041500000969686726043000000988852900000000000000000001781096968672609104866000552172019166215901      
0022600200004867           26041500000798293426043000000814071900000000000000000001781079829342609104867000552182015778515571      
0022600200004868           26041500001179156326043000001202462700000000000000000001781117915632609104868000552192023306415211      
0022600200004869           26041500000838834826043000000855414700000000000000000001781083883482609104869000552202016579915841      
0022600200004870           26041500001176822626043000001200082900000000000000000001781117682262609104870000552212023260315421      
0022600200004871           26041500000287446126043000000293127500000000000000000001781028744612609104871000552222005681415421      
0022600200004872           26041500000379241726043000000386737500000000000000000001781037924172609104872000552232007495815841      
0022600200004873           26041500000282034226043000000287608700000000000000000001781028203422609104873000552242005574515151      
0022600200004874           26041500000182306426043000000185909800000000000000000001781018230642609104874000552252003603415211      
0022600200004876           26041500000381807426043000000389353900000000000000000001781038180742609104876000552262007546515421      
0022600200004877           26041500001098470826043000001120182400000000000000000001781109847082609104877000552272021711615631      
0022600200004878           26041500000273295526043000000278697300000000000000000001781027329552609104878000552282005401815001      
0022600200004879           26041500000102306826043000000104329000000000000000000001781010230682609104879000552292002022215361      
0022600200004880           26041500000178104626043000000181624900000000000000000001781017810462609104880000552302003520315991      
0022600200004881           26041500000662352526043000000675444100000000000000000001781066235252609104881000552312013091615901      
0022600200004882           26041500000900209826043000000918002700000000000000000001781090020982609104882000552322017792915371      
0022600200004883           26041500000065150826043000000066438500000000000000000001781006515082609104883000552332001287715631      
0022600200004884           26041500000098997026043000000100953700000000000000000001781009899702609104884000552342001956715151      
0022600200004886           26041500000336224726043000000342870300000000000000000001781033622472609104886000552352006645615371      
0022600200004888           26041500000119659526043000000122024600000000000000000001781011965952609104888000552362002365115421      
0022600200004889           26041500001075955426043000001097222000000000000000000001781107595542609104889000035542021266615151      
0022600200004890           26041500001738298226043000001772656300000000000000000001781173829822609104890000552372034358115571      
0022600200004891           26041500000688509626043000000702118200000000000000000001781068850962609104891000552382013608615841      
0022600200004892           26041500001092397926043000001113989500000000000000000001781109239792609104892000552392021591615781      
0022600200004893           26041500000377099126043000000384552600000000000000000001781037709912609104893000035552007453515631      
0022600200004894           26041500000385456126043000000393074700000000000000000001781038545612609104894000552402007618615361      
0022600200004895           26041500000319828126043000000326149600000000000000000001781031982812609104895000552412006321515211      
0022600200004896           26041500000219229326043000000223562400000000000000000001781021922932609104896000552422004333115001      
0022600200004897           26041500000739951426043000000754576800000000000000000001781073995142609104897000552432014625415781      
0022600200004898           26041500000663118126043000000676224800000000000000000001781066311812609104898000552442013106715841      
0022600200004899           26041500000757126326043000000772091200000000000000000001781075712632609104899000552452014964915421      
0022600200004900           26041500002755977326043000002810450200000000000000000001781275597732609104900000035562054472915581      
0022600200004901           26041500000487769926043000000497410800000000000000000001781048776992609104901000552462009640915161      
0022600200004902           26041500000558298926043000000569333900000000000000000001781055829892609104902000552472011035015421      
0022600200004903           26041500001525334126043000001555482800000000000000000001781152533412609104903000552482030148715991      
0022600200004905           26041500000060636526043000000061835000000000000000000001781006063652609104905000552492001198515991      
0022600200004906           26041500000173225326043000000176649100000000000000000001781017322532609104906000552502003423815571      
0022600200004907           26041500000205804926043000000209872700000000000000000001781020580492609104907000552512004067815571      
0022600200004908           26041500000399939926043000000407844800000000000000000001781039993992609104908000552522007904915161      
0022600200004909           26041500000690913326043000000704569500000000000000000001781069091332609104909000552532013656215581      
0022600200004910           26041500001439811226043000001468269600000000000000000001781143981122609104910000552542028458415211      
0022600200004911           26041500000984004526043000001003453700000000000000000001781098400452609104911000552552019449215841      
0022600200004912           26041500006525451226043000006654429000000000000000000001781652545122609104912000552562000000015361      
0022600200004913           26041500000464854926043000000474042900000000000000000001781046485492609104913000552572009188015421      
0022600200004914           26041500000187556926043000000191264000000000000000000001781018755692609104914000035572003707115151      
0022600200004915           26041500000674895826043000000688235300000000000000000001781067489582609104915000552582013339515421      
0022600200004916           26041500000444524126043000000453310300000000000000000001781044452412609104916000552592008786215841      
0022600200004917           26041500000467489226043000000476729200000000000000000001781046748922609104917000552602009240015161      
0022600200004918           26041500000801022126043000000816854600000000000000000001781080102212609104918000552612015832515361      
0022600200004919           26041500000488058926043000000497705500000000000000000001781048805892609104919000552622009646615161      
0022600200004920           26041500000491600626043000000501317300000000000000000001781049160062609104920000552632009716715421      
0022600200004921           26041500001745749026043000001780254300000000000000000001781174574902609104921000552642034505315781      
0022600200004922           26041500001124994326043000001147230200000000000000000001781112499432609104922000552652022235915161      
0022600200004923           26041500001198982526043000001222680800000000000000000001781119898252609104923000552662023698315371      
0022600200004924           26041500000444941326043000000453735700000000000000000001781044494132609104924000552672008794415991      
0022600200004925           26041500000202853126043000000206862600000000000000000001781020285312609104925000552682004009515631      
0022600200004926           26041500000668149526043000000681355700000000000000000001781066814952609104926000552692013206215781      
0022600200004927           26041500000569548326043000000580805700000000000000000001781056954832609104927000552702011257415211      
0022600200004928           26041500000117943126043000000120274300000000000000000001781011794312609104928000552712002331215001      
0022600200004929           26041500000249116226043000000254040100000000000000000001781024911622609104929000552722004923915421      
0022600200004930           26041500000446068826043000000454885500000000000000000001781044606882609104930000552732008816715841      
0022600200004931           26041500000442665126043000000451414500000000000000000001781044266512609104931000552742008749415901      
0022600200004932           26041500000318792326043000000325093400000000000000000001781031879232609104932000552752006301115581      
0022600200004933           26041500000046123626043000000047035200000000000000000001781004612362609104933000552762000911615781      
0022600200004934           26041500000209007126043000000213138200000000000000000001781020900712609104934000552772004131115421      
0022600200004936           26041500000376802726043000000384250400000000000000000001781037680272609104936000552782007447715361      
0022600200004937           26041500001214559026043000001238565200000000000000000001781121455902609104937000552792024006215211      
0022600200004938           26041500007132617426043000007273596100000000000000000001781713261742609104938000552802000000015151      
0022600200004939           26041500000370912526043000000378243800000000000000000001781037091252609104939000552812007331315001      
0022600200004941           26041500000253363926043000000258371700000000000000000001781025336392609104941000552832005007815001      
0022600200004942           26041500000320418726043000000326751800000000000000000001781032041872609104942000552842006333115001      
0022600200004943           26041500000484861226043000000494444600000000000000000001781048486122609104943000552852009583415631      
0022600200004944           26041500000088750226043000000090504300000000000000000001781008875022609104944000552862001754115151      
0022600200004945           26041500000423520926043000000431891900000000000000000001781042352092609104945000552872008371015151      
0022600200004946           26041500000362694326043000000369863100000000000000000001781036269432609104946000552882007168815631      
0022600200004947           26041500000302930426043000000308918000000000000000000001781030293042609104947000035582005987615211      
0022600200004948           26041500000878279726043000000895639200000000000000000001781087827972609104948000552892017359515371      
0022600200004949           26041500001043977926043000001064612500000000000000000001781104397792609104949000552902020634615001      
0022600200004950           26041500000033058226043000000033711600000000000000000001781003305822609104950000552912000653415151      
0022600200004951           26041500000264240726043000000269463500000000000000000001781026424072609104951000552922005222815161      
0022600200004952           26041500003077297026043000003138120800000000000000000001781307729702609104952000552932060823815791      
0022600200004953           26041500000565287026043000000576460100000000000000000001781056528702609104953000035592011173115901      
0022600200004954           26041500000874905926043000000892198700000000000000000001781087490592609104954000552942017292815791      
0022600200012012           26041500000972453626043000000991674500000000000000000001781097245362609112012000035602019220915571      
0022600200012025           26041500000398926026043000000406811000000000000000000001781039892602609112025000552952007885015631      
0022600200012039           26041500000220923326043000000225289900000000000000000001781022092332609112039000552962004366615371      
0022600200012046           26041500000480507326043000000490004700000000000000000001781048050732609112046000552972009497415421      
0022600200012051           26041500002243289126043000002287628500000000000000000001781224328912609112051000552982044339415161      
0022600200012053           26041500000035168326043000000035863400000000000000000001781003516832609112053000552992000695115791      
0022600200012058           26041500000702046826043000000715923000000000000000000001781070204682609112058000553002013876215571      
0022600200012060           26041500000051201526043000000052213500000000000000000001781005120152609112060000553012001012015841      
0022600200012061           26041500003407794326043000003475150500000000000000000001781340779432609112061000035612067356215421      
0022600200012062           26041500000467183326043000000476417300000000000000000001781046718332609112062000553022009234015001      
0022600200012068           26041500001188658526043000001212152700000000000000000001781118865852609112068000553032023494215631      
0022600200012077           26041500000280936026043000000286488800000000000000000001781028093602609112077000553042005552815001      
0022600200012078           26041500000118882126043000000121231800000000000000000001781011888212609112078000035622002349715211      
0022600200012079           26041500004333826126043000004419485600000000000000000001781433382612609112079000553052085659515571      
0022600200012080           26041500001032163426043000001052564500000000000000000001781103216342609112080000553062020401115421      
0022600200012093           26041500000035168326043000000035863400000000000000000001781003516832609112093000553072000695115581      
0022600200012098           26041500000704429626043000000718352900000000000000000001781070442962609112098000553082013923315001      
0022600200012106           26041500000620389026043000000632651300000000000000000001781062038902609112106000553092012262315581      
0022600200012108           26041500000041743926043000000042569000000000000000000001781004174392609112108000553102000825115161      
0022600200012110           26041500000120486626043000000122868000000000000000000001781012048662609112110000553112002381415631      
0022600200012111           26041500000494769026043000000504548300000000000000000001781049476902609112111000553122009779315371      
0022600200012126           26041500000072097126043000000073522100000000000000000001781007209712609112126000553132001425015151      
0022600200012127           26041500000311900326043000000318065100000000000000000001781031190032609112127000035632006164815371      
0022600200012137           26041500000441407726043000000450132300000000000000000001781044140772609112137000553142008724615161      
0022600200012138           26041500000265130426043000000270370800000000000000000001781026513042609112138000553152005240415211      
0022600200012143           26041500000101144626043000000103143800000000000000000001781010114462609112143000553162001999215581      
0022600200012167           26041500016172893326043000016492556200000000000000000001781000000002609112167000035642000000015991      
0022600200012170           26041500000453954226043000000462926700000000000000000001781045395422609112170000553172008972515001      
0022600200012179           26041500000147228126043000000150138200000000000000000001781014722812609112179000553182002910115791      
0022600200012180           26041500000341549626043000000348300400000000000000000001781034154962609112180000553192006750815421      
0022600200012182           26041500000036441726043000000037162000000000000000000001781003644172609112182000553202000720315001      
0022600200012183           26041500000035168326043000000035863400000000000000000001781003516832609112183000553212000695115421      
0022600200012184           26041500013083529326043000013342129900000000000000000001781000000002609112184000035652000000015571      
0022600200012185           26041500000035168326043000000035863400000000000000000001781003516832609112185000553222000695115991      
0022600200012186           26041500001747707526043000001782251500000000000000000001781174770752609112186000553232034544015211      
0022600200012197           26041500003252278326043000003316560800000000000000000001781325227832609112197000035662064282515421      
0022600200012198           26041500000168876126043000000172214000000000000000000001781016887612609112198000553242003337915841      
0022600200012199           26041500000125749626043000000128235100000000000000000001781012574962609112199000035672002485515631      
0022600200012209           26041500000033058226043000000033711600000000000000000001781003305822609112209000553252000653415211      
0022600200012226           26041500000382316126043000000389872700000000000000000001781038231612609112226000553262007556615571      
0022600200012233           26041500006117937826043000006238861000000000000000000001781611793782609112233000553272000000015151      
0022600200012265           26041500000035355226043000000036054000000000000000000001781003535522609112265000553282000698815361      
0022600200012266           26041500002466102926043000002514846300000000000000000001781246610292609112266000553292048743415991      
0022600200012270           26041500000534767226043000000545337000000000000000000001781053476722609112270000553302010569815781      
0022600200012272           26041500000184461626043000000188107600000000000000000001781018446162609112272000553312003646015371      
0022600200012283           26041500001209356726043000001233260000000000000000000001781120935672609112283000553322023903315841      
0022600200012289           26041500000768564926043000000783755800000000000000000001781076856492609112289000553332015190915151      
0022600200012295           26041500000308689526043000000314790800000000000000000001781030868952609112295000553342006101315781      
0022600200012296           26041500000060921126043000000062125200000000000000000001781006092112609112296000553352001204115841      
0022600200012302           26041500000347068626043000000353928600000000000000000001781034706862609112302000553362006860015581      
0022600200012308           26041500001910823326043000001948591400000000000000000001781191082332609112308000553372037768115421      
0022600200012317           26041500000334520826043000000341132700000000000000000001781033452082609112317000035682006611915421      
0022600200012320           26041500000135364126043000000138039700000000000000000001781013536412609112320000035692002675615161      
0022600200012325           26041500000386947226043000000394595400000000000000000001781038694722609112325000553382007648215841      
0022600200012332           26041500000039050926043000000039822800000000000000000001781003905092609112332000553392000771915211      
0022600200012336           26041500000126853626043000000129361000000000000000000001781012685362609112336000553402002507415421      
0022600200012342           26041500000047996426043000000048945000000000000000000001781004799642609112342000553412000948615001      
0022600200012347           26041500000213445326043000000217664100000000000000000001781021344532609112347000553422004218815631      
0022600200012348           26041500000658671026043000000671689900000000000000000001781065867102609112348000553432013018915571      
0022600200012354           26041500000181610126043000000185199700000000000000000001781018161012609112354000553442003589615571      
0022600200012355           26041500001697095226043000001730638900000000000000000001781169709522609112355000553452033543715841      
0022600200012362           26041500000053015126043000000054063000000000000000000001781005301512609112362000553462001047915991      
0022600200012363           26041500005230747526043000005334135100000000000000000001781523074752609112363000035702000000015421      
0022600200012364           26041500000145806126043000000148688000000000000000000001781014580612609112364000553472002881915571      
0022600200012365           26041500000290111426043000000295845600000000000000000001781029011142609112365000553482005734215001      
0022600200012366           26041500000455528626043000000464532300000000000000000001781045552862609112366000553492009003715841      
0022600200012367           26041500000286263326043000000291921400000000000000000001781028626332609112367000553502005658115841      
0022600200012371           26041500000591300126043000000602987400000000000000000001781059130012609112371000553512011687315371      
0022600200012372           26041500000221085726043000000225455500000000000000000001781022108572609112372000553522004369815841      
0022600200012376           26041500001435316826043000001463686300000000000000000001781143531682609112376000035712028369515001      
0022600200012390           26041500000374037926043000000381430900000000000000000001781037403792609112390000035722007393015361      
0022600200012435           26041500000211446826043000000215626100000000000000000001781021144682609112435000553532004179315631      
0022600200012436           26041500000258013026043000000263112700000000000000000001781025801302609112436000553542005099715841      
0022600200012437           26041500000278141826043000000283639300000000000000000001781027814182609112437000553552005497515631      
0022600200012438           26041500000064456626043000000065730600000000000000000001781006445662609112438000553562001274015151      
0022600200012445           26041500000596893926043000000608691800000000000000000001781059689392609112445000553572011797915211      
0022600200012474           26041500000261834826043000000267010100000000000000000001781026183482609112474000553582005175315841      
0022600200012482           26041500000035168326043000000035863400000000000000000001781003516832609112482000553592000695115991      
0022600200012491           26041500000263493126043000000268701200000000000000000001781026349312609112491000553602005208115421      
0022600200012498           26041500000046629026043000000047550700000000000000000001781004662902609112498000553612000921715371      
0022600200012506           26041500000265204126043000000270445900000000000000000001781026520412609112506000553622005241815841      
0022600200012510           26041500000101144626043000000103143800000000000000000001781010114462609112510000553632001999215901      
0022600200012513           26041500002922273126043000002980032800000000000000000001781292227312609112513000553642057759715421      
0022600200012517           26041500000245280526043000000250128600000000000000000001781024528052609112517000553652004848115421      
0022600200012518           26041500000275842226043000000281294300000000000000000001781027584222609112518000553662005452115841      
0022600200012519           26041500000097464426043000000099390800000000000000000001781009746442609112519000553672001926415581      
0022600200012520           26041500001128980426043000001151295100000000000000000001781112898042609112520000553682022314715361      
0022600200012525           26041500000056816226043000000057939200000000000000000001781005681622609112525000553692001123015211      
0022600200012558           26041500000036441726043000000037162000000000000000000001781003644172609112558000553702000720315211      
0022600200012559           26041500000101796126043000000103808100000000000000000001781010179612609112559000035732002012015841      
0022600200012563           26041500000324484826043000000330898400000000000000000001781032448482609112563000553712006413615991      
0022600200012564           26041500000463178226043000000472333100000000000000000001781046317822609112564000553722009154915421      
0022600200012570           26041500000038988526043000000039759100000000000000000001781003898852609112570000553732000770615211      
0022600200012571           26041500000046704726043000000047627800000000000000000001781004670472609112571000553742000923115001      
0022600200012580           26041500000212318026043000000216514500000000000000000001781021231802609112580000553752004196515571      
0022600200012586           26041500000035168326043000000035863400000000000000000001781003516832609112586000553762000695115361      
0022600200012599           26041500000177942426043000000181459500000000000000000001781017794242609112599000035742003517115631      
0022600200012603           26041500000333437226043000000340027700000000000000000001781033343722609112603000553772006590515841      
0022600200012604           26041500000163058726043000000166281700000000000000000001781016305872609112604000553782003223015001      
0022600200012605           26041500000091198226043000000093000700000000000000000001781009119822609112605000553792001802515361      
0022600200012626           26041500000812489326043000000828548400000000000000000001781081248932609112626000553802016059115361      
0022600200012627           26041500000036298026043000000037015400000000000000000001781003629802609112627000553812000717415841      
0022600200012628           26041500000135767426043000000138450900000000000000000001781013576742609112628000553822002683515781      
0022600200012629           26041500000074643826043000000076119200000000000000000001781007464382609112629000553832001475415991      
0022600200012635           26041500000035168326043000000035863400000000000000000001781003516832609112635000553842000695115421      
0022600200012638           26041500000727067026043000000741437700000000000000000001781072706702609112638000553852014370715001      
0022600200012643           26041500000035168326043000000035863400000000000000000001781003516832609112643000553862000695115841      
0022600200012654           26041500000728119226043000000742510700000000000000000001781072811922609112654000553872014391515781      
0022600200012664           26041500000503803226043000000513761000000000000000000001781050380322609112664000553902009957815001      
0022600200012665           26041500000598249126043000000610073700000000000000000001781059824912609112665000553912011824615781      
0022600200012666           26041500000827931726043000000844296100000000000000000001781082793172609112666000553922016364415001      
0022600200012672           26041500000287303026043000000292981700000000000000000001781028730302609112672000553932005678715361      
0022600200012673           26041500000036441726043000000037162000000000000000000001781003644172609112673000553942000720315211      
0022600200012677           26041500002885761526043000002942799600000000000000000001781288576152609112677000553952057038115161      
0022600200012680           26041500004979676826043000005078101800000000000000000001781497967682609112680000553962098425015001      
0022600200012683           26041500000144854826043000000147717900000000000000000001781014485482609112683000553972002863115991      
0022600200012691           26041500000847914926043000000864674200000000000000000001781084791492609112691000553982016759315901      
0012600200002011           26041500000125691026043000000128175400000000000000000001781012569102609102011000388132002484415841      
0012600200002014           26041500001858374226043000001895105600000000000000000001781185837422609102014000388142036731415151      
0012600200002006           26041500012453565626043000012699714700000000000000000001781000000002609102006000173552000000015781      
0012600200002007           26041500001197944926043000001221622700000000000000000001781119794492609102007000388112023677815571      
0012600200002004           26041500000108182726043000000110321000000000000000000001781010818272609102004000388092002138315211      
0012600200002005           26041500000417211726043000000425458100000000000000000001781041721172609102005000388102008246415791      
0012600200002017           26041500000298257726043000000304152800000000000000000001781029825772609102017000388152005895115361      
0012600200002009           26041500000624204326043000000636541900000000000000000001781062420432609102009000388122012337615581      
0012600200000498           26041500000289052526043000000294765800000000000000000001781028905252609100498000388062005713315211      
0012600200000502           26041500000087980926043000000089719900000000000000000001781008798092609100502000388072001739015581      
0012600200000531           26041500001320408426043000001346506800000000000000000001781132040842609100531000388082026098415841      
0012600200002020           26041500001920868726043000001958835400000000000000000001781192086872609102020000173562037966715631      
0012600200012344           26041500000110758026043000000112947100000000000000000001781011075802609112344000393302002189115421      
0012600200012353           26041500000726649126043000000741011600000000000000000001781072664912609112353000393312014362515151      
0012600200012359           26041500002534671426043000002584770100000000000000000001781253467142609112359000393322050098715361      
0012600200012553           26041500000446226726043000000455046500000000000000000001781044622672609112553000393422008819815901      
0012600200012554           26041500000900144426043000000917936100000000000000000001781090014442609112554000393432017791715361      
0012600200002022           26041500001116141426043000001138202400000000000000000001781111614142609102022000388162022061015001      
0012600200002023           26041500000364495026043000000371699300000000000000000001781036449502609102023000388172007204315571      
0012600200002025           26041500000878664026043000000896031100000000000000000001781087866402609102025000388182017367115421      
0012600200002026           26041500000578526826043000000589961500000000000000000001781057852682609102026000388192011434715371      
0012600200002027           26041500002173714226043000002216678400000000000000000001781217371422609102027000388202042964215371      
0012600200002028           26041500000177822726043000000181337400000000000000000001781017782272609102028000388212003514715371      
0012600200002030           26041500000409863426043000000417964500000000000000000001781040986342609102030000388222008101115151      
0012600200002031           26041500000358655026043000000365743900000000000000000001781035865502609102031000388232007088915901      
0012600200002034           26041500001180095526043000001203420500000000000000000001781118009552609102034000388242023325015581      
0012600200002035           26041500000135118526043000000137789200000000000000000001781013511852609102035000388252002670715161      
0012600200002036           26041500000597767026043000000609582000000000000000000001781059776702609102036000388262011815015631      
0012600200002037           26041500000997525926043000001017242400000000000000000001781099752592609102037000388272019716515841      
0012600200002038           26041500001738164126043000001772519500000000000000000001781173816412609102038000173572034355415781      
0012600200002039           26041500000087980926043000000089719900000000000000000001781008798092609102039000388282001739015791      
0012600200002041           26041500000224006526043000000228434000000000000000000001781022400652609102041000388292004427515901      
0012600200002042           26041500000087980926043000000089719900000000000000000001781008798092609102042000388302001739015421      
0012600200002043           26041500000489960126043000000499644300000000000000000001781048996012609102043000388312009684215631      
0012600200002044           26041500000087980926043000000089719900000000000000000001781008798092609102044000388322001739015001      
0012600200002045           26041500000516810326043000000527025200000000000000000001781051681032609102045000388332010214915841      
0012600200002047           26041500000109529526043000000111694400000000000000000001781010952952609102047000388342002164915581      
0012600200002048           26041500001752756426043000001787400300000000000000000001781175275642609102048000173582034643915001      
0012600200002049           26041500000918289326043000000936439700000000000000000001781091828932609102049000388352018150415421      
0012600200002050           26041500000096144726043000000098045000000000000000000001781009614472609102050000173592001900315371      
0012600200002051           26041500000361496826043000000368642000000000000000000001781036149682609102051000388362007145215791      
0012600200002052           26041500000449840926043000000458732200000000000000000001781044984092609102052000388372008891315421      
0012600200002053           26041500000280571626043000000286117200000000000000000001781028057162609102053000388382005545615841      
0012600200002054           26041500000092343626043000000094168800000000000000000001781009234362609102054000173602001825215571      
0012600200002055           26041500000590505826043000000602177300000000000000000001781059050582609102055000388392011671515841      
0012600200002057           26041500000470635226043000000479937400000000000000000001781047063522609102057000388402009302215901      
0012600200002063           26041500002010596726043000002050336900000000000000000001781201059672609102063000388412039740215001      
0012600200002065           26041500000372153326043000000379509000000000000000000001781037215332609102065000388422007355715421      
0012600200002066           26041500000090129026043000000091910500000000000000000001781009012902609102066000388432001781515151      
0012600200002067           26041500000095344926043000000097229500000000000000000001781009534492609102067000173612001884615161      
0012600200002068           26041500000431013926043000000439533000000000000000000001781043101392609102068000388442008519115161      
0012600200002070           26041500000569568026043000000580825700000000000000000001781056956802609102070000388452011257715421      
0012600200002071           26041500000285984026043000000291636500000000000000000001781028598402609102071000388462005652515001      
0012600200002072           26041500000343870726043000000350667400000000000000000001781034387072609102072000388472006796715581      
0012600200002073           26041500001572783126043000001603869700000000000000000001781157278312609102073000388482031086615781      
0012600200002074           26041500000285840826043000000291490500000000000000000001781028584082609102074000388492005649715841      
0012600200002075           26041500001548983926043000001579600200000000000000000001781154898392609102075000388502030616315791      
0012600200002077           26041500000677074626043000000690457200000000000000000001781067707462609102077000388512013382615211      
0012600200002078           26041500000253765726043000000258781500000000000000000001781025376572609102078000388522005015815991      
0012600200002081           26041500000316935026043000000323199300000000000000000001781031693502609102081000388532006264315841      
0012600200002082           26041500000087980926043000000089719900000000000000000001781008798092609102082000388542001739015781      
0012600200002084           26041500000249595526043000000254528800000000000000000001781024959552609102084000388552004933315001      
0012600200002085           26041500000219966226043000000224313900000000000000000001781021996622609102085000388562004347715421      
0012600200002086           26041500002103159426043000002144729100000000000000000001781210315942609102086000173622041569715631      
0012600200002087           26041500000799927426043000000815738200000000000000000001781079992742609102087000388572015810815791      
0012600200002089           26041500001150331926043000001173068600000000000000000001781115033192609102089000388582022736715361      
0012600200002090           26041500000279847226043000000285378500000000000000000001781027984722609102090000388592005531315581      
0012600200002092           26041500000098880026043000000100834400000000000000000001781009888002609102092000388602001954415581      
0012600200002093           26041500000259145026043000000264267100000000000000000001781025914502609102093000173632005122115211      
0012600200002094           26041500000406774026043000000414814100000000000000000001781040677402609102094000173642008040115421      
0012600200002098           26041500000153973626043000000157017000000000000000000001781015397362609102098000388612003043415421      
0012600200002099           26041500000839631326043000000856226900000000000000000001781083963132609102099000388622016595615901      
0012600200002100           26041500002141531326043000002183859400000000000000000001781214153132609102100000173652042328115361      
0012600200002101           26041500002664197826043000002716856600000000000000000001781266419782609102101000173662052658815581      
0012600200002102           26041500000188562126043000000192289100000000000000000001781018856212609102102000388632003727015991      
0012600200002105           26041500000182812226043000000186425500000000000000000001781018281222609102105000173672003613315581      
0012600200002106           26041500000735469226043000000750006000000000000000000001781073546922609102106000388642014536815151      
0012600200002107           26041500000087980926043000000089719900000000000000000001781008798092609102107000388652001739015841      
0012600200002108           26041500000129731326043000000132295500000000000000000001781012973132609102108000388662002564215781      
0012600200002111           26041500002159816926043000002202506400000000000000000001781215981692609102111000388672042689515841      
0012600200002112           26041500000424592126043000000432984300000000000000000001781042459212609102112000388682008392215371      
0012600200002113           26041500000240168026043000000244915000000000000000000001781024016802609102113000388692004747015901      
0012600200002114           26041500000749598226043000000764414300000000000000000001781074959822609102114000388702014816115421      
0012600200002115           26041500000087980926043000000089719900000000000000000001781008798092609102115000388712001739015841      
0012600200002116           26041500000592036226043000000603738000000000000000000001781059203622609102116000388722011701815631      
0012600200002118           26041500001757131826043000001791862100000000000000000001781175713182609102118000173682034730315001      
0012600200002120           26041500001213321726043000001237303400000000000000000001781121332172609102120000388732023981715211      
0012600200002122           26041500001413771826043000001441715500000000000000000001781141377182609102122000388742027943715001      
0012600200002123           26041500001388338926043000001415779900000000000000000001781138833892609102123000388752027441015161      
0012600200002124           26041500000619247326043000000631486900000000000000000001781061924732609102124000388762012239615841      
0012600200002125           26041500000256483326043000000261552800000000000000000001781025648332609102125000388772005069515421      
0012600200002126           26041500000512101726043000000522223600000000000000000001781051210172609102126000388782010121915631      
0012600200002127           26041500000494801226043000000504581100000000000000000001781049480122609102127000388792009779915631      
0012600200002131           26041500000451693926043000000460621800000000000000000001781045169392609102131000388802008927915371      
0012600200002133           26041500000878623826043000000895990100000000000000000001781087862382609102133000388812017366315841      
0012600200002134           26041500001047216326043000001067914900000000000000000001781104721632609102134000388822020698615841      
0012600200002136           26041500000195724026043000000199592600000000000000000001781019572402609102136000388832003868615421      
0012600200002139           26041500000546894726043000000557704200000000000000000001781054689472609102139000388842010809515841      
0012600200002141           26041500000279080126043000000284596200000000000000000001781027908012609102141000388852005516115781      
0012600200002142           26041500001231646126043000001255990000000000000000000001781123164612609102142000388862024343915421      
0012600200002147           26041500000343870726043000000350667400000000000000000001781034387072609102147000388872006796715151      
0012600200002148           26041500001277744026043000001302999000000000000000000001781127774402609102148000173692025255015001      
0012600200002149           26041500003969709526043000004048172200000000000000000001781396970952609102149000388882078462715361      
0012600200002150           26041500000390853326043000000398578700000000000000000001781039085332609102150000388892007725415841      
0012600200002151           26041500000446733026043000000455562900000000000000000001781044673302609102151000388902008829915211      
0012600200002153           26041500001635937326043000001668272100000000000000000001781163593732609102153000388912032334815901      
0012600200002154           26041500000534242726043000000544802200000000000000000001781053424272609102154000388922010559515211      
0012600200002155           26041500001241562426043000001266102300000000000000000001781124156242609102155000388932024539915361      
0012600200002157           26041500000486840126043000000496462600000000000000000001781048684012609102157000388942009622515841      
0012600200002159           26041500000630566826043000000643030200000000000000000001781063056682609102159000388952012463415791      
0012600200002160           26041500000675024326043000000688366400000000000000000001781067502432609102160000388962013342115901      
0012600200002161           26041500000515150226043000000525332400000000000000000001781051515022609102161000388972010182215791      
0012600200002164           26041500000485743326043000000495344200000000000000000001781048574332609102164000388982009600915151      
0012600200002169           26041500002339502626043000002385743700000000000000000001781233950262609102169000388992046241115211      
0012600200002173           26041500000574307426043000000585658800000000000000000001781057430742609102173000389002011351415901      
0012600200002174           26041500001231646126043000001255990000000000000000000001781123164612609102174000389012024343915001      
0012600200002175           26041500000544892226043000000555662200000000000000000001781054489222609102175000389022010770015901      
0012600200002176           26041500000087980926043000000089719900000000000000000001781008798092609102176000389032001739015161      
0012600200002180           26041500000126313326043000000128809900000000000000000001781012631332609102180000173702002496615001      
0012600200002182           26041500000092021326043000000093840200000000000000000001781009202132609102182000389042001818915361      
0012600200002183           26041500001186045326043000001209487800000000000000000001781118604532609102183000389052023442515631      
0012600200002186           26041500000663860426043000000676981900000000000000000001781066386042609102186000389062013121515631      
0012600200002187           26041500001453786826043000001482521400000000000000000001781145378682609102187000389072028734615151      
0012600200002188           26041500000159412226043000000162563000000000000000000001781015941222609102188000389082003150815161      
0012600200002189           26041500002957683126043000003016142800000000000000000001781295768312609102189000173712058459715631      
0012600200002190           26041500000100825026043000000102817900000000000000000001781010082502609102190000173722001992915791      
0012600200002191           26041500000087980926043000000089719900000000000000000001781008798092609102191000389092001739015211      
0012600200002192           26041500001570785426043000001601832500000000000000000001781157078542609102192000389102031047115791      
0012600200002193           26041500000542677326043000000553403500000000000000000001781054267732609102193000389112010726215841      
0012600200002194           26041500001759210626043000001793982000000000000000000001781175921062609102194000389122034771415421      
0012600200002197           26041500002038837426043000002079135700000000000000000001781203883742609102197000389132040298315901      
0012600200002199           26041500003356065426043000003422399200000000000000000001781335606542609102199000173732066333815841      
0012600200002203           26041500001840490826043000001876868700000000000000000001781184049082609102203000173742036377915211      
0012600200002204           26041500000453892926043000000462864200000000000000000001781045389292609102204000389142008971315151      
0012600200002205           26041500001975387226043000002014431400000000000000000001781197538722609102205000389152039044215631      
0012600200002207           26041500000122997426043000000125428500000000000000000001781012299742609102207000389162002431115421      
0012600200002217           26041500000125427826043000000127907000000000000000000001781012542782609102217000389172002479215361      
0012600200002218           26041500000125427826043000000127907000000000000000000001781012542782609102218000389182002479215631      
0012600200002220           26041500000125427826043000000127907000000000000000000001781012542782609102220000389192002479215001      
0012600200002221           26041500000125427826043000000127907000000000000000000001781012542782609102221000389202002479215211      
0012600200002222           26041500000125427826043000000127907000000000000000000001781012542782609102222000389212002479215581      
0012600200002224           26041500005580327626043000005690624800000000000000000001781558032762609102224000173752000000015421      
0012600200002225           26041500000642039726043000000654729800000000000000000001781064203972609102225000389222012690115361      
0012600200002226           26041500000995475726043000001015151600000000000000000001781099547572609102226000389232019675915581      
0012600200002227           26041500001275292426043000001300499000000000000000000001781127529242609102227000389242025206615791      
0012600200002229           26041500002160772926043000002203481300000000000000000001781216077292609102229000173762042708415211      
0012600200002230           26041500001547000626043000001577577700000000000000000001781154700062609102230000389252030577115211      
0012600200002231           26041500000420718426043000000429034000000000000000000001781042071842609102231000389262008315615781      
0012600200002232           26041500000291482926043000000297244200000000000000000001781029148292609102232000173772005761315421      
0012600200002234           26041500000243595826043000000248410500000000000000000001781024359582609102234000173782004814715631      
0012600200002238           26041500001091261126043000001112830300000000000000000001781109126112609102238000389272021569215841      
0012600200002240           26041500002428582226043000002476584000000000000000000001781242858222609102240000389282048001815161      
0012600200002241           26041500000798316526043000000814095500000000000000000001781079831652609102241000389292015779015631      
0012600200002242           26041500000117787926043000000120116100000000000000000001781011778792609102242000173792002328215841      
0012600200002243           26041500000089165426043000000090927800000000000000000001781008916542609102243000389302001762415421      
0012600200002244           26041500000149989126043000000152953700000000000000000001781014998912609102244000173802002964615001      
0012600200002245           26041500000112223126043000000114441300000000000000000001781011222312609102245000389312002218215631      
0012600200002246           26041500004442576226043000004530385300000000000000000001781444257622609102246000389322087809115901      
0012600200002248           26041500003018587726043000003078251100000000000000000001781301858772609102248000389332059663415161      
0012600200002249           26041500000951366826043000000970170900000000000000000001781095136682609102249000389342018804115371      
0012600200002250           26041500001153362826043000001176159400000000000000000001781115336282609102250000389352022796615631      
0012600200002251           26041500001049185226043000001069922700000000000000000001781104918522609102251000389362020737515631      
0012600200002252           26041500005303213226043000005408033100000000000000000001781530321322609102252000173812000000015001      
0012600200002253           26041500000443533026043000000452299600000000000000000001781044353302609102253000389372008766615001      
0012600200002254           26041500000962354126043000000981375400000000000000000001781096235412609102254000389382019021315901      
0012600200002255           26041500000296733126043000000302598100000000000000000001781029673312609102255000389392005865015361      
0012600200002257           26041500001646634726043000001679181000000000000000000001781164663472609102257000389402032546315791      
0012600200002258           26041500000477308626043000000486742700000000000000000001781047730862609102258000389412009434115161      
0012600200002259           26041500002553637626043000002604111200000000000000000001781255363762609102259000173822050473615991      
0012600200002261           26041500007017296126043000007155995400000000000000000001781701729612609102261000173832000000015371      
0012600200002262           26041500011021871126043000011239722300000000000000000001781000000002609102262000173842000000015781      
0012600200002263           26041500000748807226043000000763607700000000000000000001781074880722609102263000173852014800515781      
0012600200002265           26041500001406115626043000001433908000000000000000000001781140611562609102265000389422027792415161      
0012600200002266           26041500000308620026043000000314720000000000000000000001781030862002609102266000173862006100015001      
0012600200002272           26041500000322925926043000000329308700000000000000000001781032292592609102272000173872006382815581      
0012600200002273           26041500000342523926043000000349294000000000000000000001781034252392609102273000389432006770115841      
0012600200002274           26041500000087980926043000000089719900000000000000000001781008798092609102274000389442001739015161      
0012600200002275           26041500000858807926043000000875782500000000000000000001781085880792609102275000173882016974615781      
0012600200002277           26041500001247037326043000001271685500000000000000000001781124703732609102277000389452024648215631      
0012600200002278           26041500005036513826043000005136062300000000000000000001781503651382609102278000389462099548515631      
0012600200002279           26041500003429697126043000003497486300000000000000000001781342969712609102279000173892067789215371      
0012600200002280           26041500005662287926043000005774205000000000000000000001781566228792609102280000389472000000015901      
0012600200002281           26041500003095457526043000003156640300000000000000000001781309545752609102281000389482061182815361      
0012600200002282           26041500001199704426043000001223417000000000000000000001781119970442609102282000173902023712615211      
0012600200002283           26041500000466428526043000000475647600000000000000000001781046642852609102283000389492009219115841      
0012600200002284           26041500000941973526043000000960591900000000000000000001781094197352609102284000173912018618415991      
0012600200002286           26041500000882346026043000000899785900000000000000000001781088234602609102286000173922017439915631      
0012600200002287           26041500000104810026043000000106881600000000000000000001781010481002609102287000389502002071615421      
0012600200002288           26041500001289582226043000001315071200000000000000000001781128958222609102288000173932025489015841      
0012600200002289           26041500002081078826043000002122212000000000000000000001781208107882609102289000173942041133215151      
0012600200002290           26041500004550434426043000004640375300000000000000000001781455043442609102290000173952089940915791      
0012600200002291           26041500002069083026043000002109979200000000000000000001781206908302609102291000173962040896215151      
0012600200002292           26041500002104624526043000002146223100000000000000000001781210462452609102292000173972041598615001      
0012600200002293           26041500002233902726043000002278056600000000000000000001781223390272609102293000173982044153915371      
0012600200002295           26041500000957670926043000000976599700000000000000000001781095767092609102295000173992018928815001      
0012600200002296           26041500000092343626043000000094168800000000000000000001781009234362609102296000174002001825215901      
0012600200002297           26041500002054925426043000002095541700000000000000000001781205492542609102297000174012040616315421      
0012600200002298           26041500002646174926043000002698477500000000000000000001781264617492609102298000174022052302615001      
0012600200002299           26041500000922234226043000000940462500000000000000000001781092223422609102299000174032018228315211      
0012600200002300           26041500002663160426043000002715798700000000000000000001781266316042609102300000174042052638315001      
0012600200002301           26041500001563756826043000001594665000000000000000000001781156375682609102301000174052030908215581      
0012600200002302           26041500001618398426043000001650386600000000000000000001781161839842609102302000389512031988215161      
0012600200002303           26041500005276727726043000005381024000000000000000000001781527672772609102303000174062000000015631      
0012600200002304           26041500005451188726043000005558933400000000000000000001781545118872609102304000174072000000015421      
0012600200002305           26041500002106435826043000002148070200000000000000000001781210643582609102305000174082041634415571      
0012600200002306           26041500000737110026043000000751679200000000000000000001781073711002609102306000174092014569215001      
0012600200002307           26041500000686373426043000000699939800000000000000000001781068637342609102307000174102013566415841      
0012600200002308           26041500005110628426043000005211641700000000000000000001781511062842609102308000174112000000015001      
0012600200002309           26041500014249439226043000014531084400000000000000000001781000000002609102309000174122000000015361      
0012600200002310           26041500001852866926043000001889489500000000000000000001781185286692609102310000174132036622615581      
0012600200002312           26041500000399848226043000000407751300000000000000000001781039984822609102312000174142007903115581      
0012600200002315           26041500002332836426043000002378945700000000000000000001781233283642609102315000174152046109315841      
0012600200002318           26041500000723603526043000000737905800000000000000000001781072360352609102318000174162014302315161      
0012600200002319           26041500004246019526043000004329943500000000000000000001781424601952609102319000389522083924015001      
0012600200002320           26041500000092343626043000000094168800000000000000000001781009234362609102320000174172001825215791      
0012600200002321           26041500000108874726043000000111026700000000000000000001781010887472609102321000174182002152015161      
0012600200002323           26041500000252417526043000000257406600000000000000000001781025241752609102323000174192004989115991      
0012600200002324           26041500002934156626043000002992151200000000000000000001781293415662609102324000174202057994615211      
0012600200002328           26041500002992115226043000003051255400000000000000000001781299211522609102328000174212059140215631      
0012600200002329           26041500004727249926043000004820685600000000000000000001781472724992609102329000174222093435715211      
0012600200002330           26041500000949982526043000000968759300000000000000000001781094998252609102330000174232018776815631      
0012600200002332           26041500001365652726043000001392645300000000000000000001781136565272609102332000174242026992615991      
0012600200002333           26041500002577349226043000002628291400000000000000000001781257734922609102333000174252050942215571      
0012600200002334           26041500001942298726043000001980688900000000000000000001781194229872609102334000174262038390215991      
0012600200002335           26041500001800342026043000001835926400000000000000000001781180034202609102335000174272035584415991      
0012600200002336           26041500000753798826043000000768697900000000000000000001781075379882609102336000389532014899115571      
0012600200002337           26041500000232287226043000000236878400000000000000000001781023228722609102337000174282004591215791      
0012600200002338           26041500000257601326043000000262692900000000000000000001781025760132609102338000389542005091615161      
0012600200002341           26041500001143557026043000001166159800000000000000000001781114355702609102341000174292022602815631      
0012600200002342           26041500000565552426043000000576730700000000000000000001781056555242609102342000389552011178315841      
0012600200002343           26041500000485381726043000000494975400000000000000000001781048538172609102343000174302009593715581      
0012600200002344           26041500001301972826043000001327706700000000000000000001781130197282609102344000389562025733915841      
0012600200002345           26041500000476815626043000000486240000000000000000000001781047681562609102345000174312009424415211      
0012600200002346           26041500001153741826043000001176545900000000000000000001781115374182609102346000174322022804115421      
0012600200002348           26041500000226632926043000000231112300000000000000000001781022663292609102348000174332004479415421      
0012600200002350           26041500000094581526043000000096451000000000000000000001781009458152609102350000174342001869515581      
0012600200002351           26041500000472280426043000000481615200000000000000000001781047228042609102351000174352009334815421      
0012600200002353           26041500000712023326043000000726096700000000000000000001781071202332609102353000174362014073415781      
0012600200002355           26041500000158980326043000000162122500000000000000000001781015898032609102355000389572003142215631      
0012600200002356           26041500001433395126043000001461726600000000000000000001781143339512609102356000174372028331515001      
0012600200002357           26041500002515768126043000002565493200000000000000000001781251576812609102357000174382049725115151      
0012600200002358           26041500002753036126043000002807450800000000000000000001781275303612609102358000174392054414715901      
0012600200002360           26041500000096274026043000000098176800000000000000000001781009627402609102360000174402001902815571      
0012600200002361           26041500000571329526043000000582622100000000000000000001781057132952609102361000389582011292615371      
0012600200002362           26041500000350604626043000000357534400000000000000000001781035060462609102362000389592006929815781      
0012600200002363           26041500000691950126043000000705626700000000000000000001781069195012609102363000389602013676615421      
0012600200002364           26041500000284586326043000000290211200000000000000000001781028458632609102364000389612005624915421      
0012600200002367           26041500002119796826043000002161695300000000000000000001781211979682609102367000174412041898515631      
0012600200002368           26041500002241511926043000002285816200000000000000000001781224151192609102368000389622044304315161      
0012600200002369           26041500000157849926043000000160969900000000000000000001781015784992609102369000174422003120015211      
0012600200002370           26041500004043296926043000004123214100000000000000000001781404329692609102370000174432079917215991      
0012600200002371           26041500001386258626043000001413658400000000000000000001781138625862609102371000174442027399815791      
0012600200002372           26041500001427515126043000001455730500000000000000000001781142751512609102372000389632028215415991      
0012600200002373           26041500010848370226043000011062792000000000000000000001781000000002609102373000174452000000015371      
0012600200002375           26041500001224883626043000001249093900000000000000000001781122488362609102375000389642024210315841      
0012600200002376           26041500000462592026043000000471735200000000000000000001781046259202609102376000389652009143215581      
0012600200002377           26041500000236371026043000000241042900000000000000000001781023637102609102377000389662004671915421      
0012600200002379           26041500000236127626043000000240794700000000000000000001781023612762609102379000389672004667115001      
0012600200002381           26041500000733823026043000000748327300000000000000000001781073382302609102381000389682014504315211      
0012600200002384           26041500000800686226043000000816512000000000000000000001781080068622609102384000389692015825815421      
0012600200002385           26041500000097758226043000000099690400000000000000000001781009775822609102385000389702001932215901      
0012600200002386           26041500000134750726043000000137414200000000000000000001781013475072609102386000174462002663515001      
0012600200002387           26041500000098755226043000000100707200000000000000000001781009875522609102387000389712001952015421      
0012600200002388           26041500000511845526043000000521962300000000000000000001781051184552609102388000389722010116815211      
0012600200002389           26041500000897736726043000000915480700000000000000000001781089773672609102389000174472017744015991      
0012600200002391           26041500000697883026043000000711676900000000000000000001781069788302609102391000389732013793915901      
0012600200002392           26041500000242259226043000000247047500000000000000000001781024225922609102392000389742004788315421      
0012600200002393           26041500000092343626043000000094168800000000000000000001781009234362609102393000174482001825215841      
0012600200002394           26041500001650715126043000001683342000000000000000000001781165071512609102394000174492032626915421      
0012600200002395           26041500004137216226043000004218989700000000000000000001781413721622609102395000174502081773515781      
0012600200002396           26041500000440210326043000000448911200000000000000000001781044021032609102396000174512008700915581      
0012600200002397           26041500003271426626043000003336087500000000000000000001781327142662609102397000389752064660915211      
0012600200002399           26041500001898249426043000001935769000000000000000000001781189824942609102399000389762037519615791      
0012600200002401           26041500000099858326043000000101832100000000000000000001781009985832609102401000389772001973815421      
0012600200002402           26041500001694163526043000001727649300000000000000000001781169416352609102402000174522033485815361      
0012600200002404           26041500002218047826043000002261888300000000000000000001781221804782609102404000174532043840515631      
0012600200002405           26041500001009534126043000001029487800000000000000000001781100953412609102405000389782019953715841      
0012600200002406           26041500000101448826043000000103454000000000000000000001781010144882609102406000389792002005215841      
0012600200002407           26041500000643642926043000000656364700000000000000000001781064364292609102407000389802012721815211      
0012600200002408           26041500000104810026043000000106881600000000000000000001781010481002609102408000389812002071615211      
0012600200002409           26041500000087980926043000000089719900000000000000000001781008798092609102409000389822001739015901      
0012600200002410           26041500003804217826043000003879409500000000000000000001781380421782609102410000174542075191715211      
0012600200002411           26041500002141531326043000002183859400000000000000000001781214153132609102411000174552042328115841      
0012600200002413           26041500001859148326043000001895895000000000000000000001781185914832609102413000389832036746715151      
0012600200002414           26041500000535492026043000000546076200000000000000000001781053549202609102414000174562010584215211      
0012600200002416           26041500001931755226043000001969937000000000000000000001781193175522609102416000389842038181815421      
0012600200002417           26041500002579602526043000002630589200000000000000000001781257960252609102417000174572050986715991      
0012600200002418           26041500000104810026043000000106881600000000000000000001781010481002609102418000389852002071615211      
0012600200002419           26041500000564974526043000000576141500000000000000000001781056497452609102419000174582011167015421      
0012600200002420           26041500009687544426043000009879022100000000000000000001781968754442609102420000174592000000015781      
0012600200002422           26041500000957976226043000000976910900000000000000000001781095797622609102422000389862018934715781      
0012600200002423           26041500001590143226043000001621573000000000000000000001781159014322609102423000389872031429815211      
0012600200002424           26041500000087980926043000000089719900000000000000000001781008798092609102424000389882001739015001      
0012600200002425           26041500000334322526043000000340930600000000000000000001781033432252609102425000389892006608115151      
0012600200002426           26041500001159446326043000001182363200000000000000000001781115944632609102426000174602022916915841      
0012600200002429           26041500002103496026043000002145072300000000000000000001781210349602609102429000174612041576315211      
0012600200002430           26041500001043249826043000001063870000000000000000000001781104324982609102430000389902020620215781      
0012600200002431           26041500000100101926043000000102080500000000000000000001781010010192609102431000389912001978615991      
0012600200002432           26041500000104810026043000000106881600000000000000000001781010481002609102432000389922002071615211      
0012600200002433           26041500000088212726043000000089956300000000000000000001781008821272609102433000389932001743615571      
0012600200002434           26041500011070773726043000011289591400000000000000000001781000000002609102434000174622000000015571      
0012600200002435           26041500000991684726043000001011285700000000000000000001781099168472609102435000389942019601015631      
0012600200002436           26041500000662289526043000000675379900000000000000000001781066228952609102436000174632013090415841      
0012600200002437           26041500002829094426043000002885012500000000000000000001781282909442609102437000174642055918115151      
0012600200002438           26041500002634179126043000002686244600000000000000000001781263417912609102438000174652052065515211      
0012600200002441           26041500001129408426043000001151731600000000000000000001781112940842609102441000389952022323215371      
0012600200002443           26041500001444164126043000001472708500000000000000000001781144416412609102443000174662028544415781      
0012600200002444           26041500001454050726043000001482790500000000000000000001781145405072609102444000174672028739815791      
0012600200002445           26041500002242706026043000002287033900000000000000000001781224270602609102445000174682044327915991      
0012600200002447           26041500009413860526043000009599928700000000000000000001781941386052609102447000174692000000015631      
0012600200002448           26041500004519643926043000004608976300000000000000000001781451964392609102448000174702089332415151      
0012600200002449           26041500002472981826043000002521861200000000000000000001781247298182609102449000174712048879415371      
0012600200002450           26041500000225955426043000000230421500000000000000000001781022595542609102450000389962004466115631      
0012600200002453           26041500005377140626043000005483421700000000000000000001781537714062609102453000174722000000015791      
0012600200002455           26041500005298462126043000005403188100000000000000000001781529846212609102455000174732000000015361      
0012600200002456           26041500002092400226043000002133757300000000000000000001781209240022609102456000389972041357115211      
0012600200002460           26041500017611036326043000017959124600000000000000000001781000000002609102460000174742000000015001      
0012600200002461           26041500015893102926043000016207235600000000000000000001781000000002609102461000174752000000015361      
0012600200002462           26041500002693167026043000002746398400000000000000000001781269316702609102462000174762053231415151      
0012600200002464           26041500002918934826043000002976628600000000000000000001781291893482609102464000389982057693815571      
0012600200002467           26041500000368780426043000000376069400000000000000000001781036878042609102467000174772007289015421      
0012600200002468           26041500000092343626043000000094168800000000000000000001781009234362609102468000174782001825215901      
0012600200002470           26041500000336891526043000000343550300000000000000000001781033689152609102470000174792006658815421      
0012600200002473           26041500000712387526043000000726468000000000000000000001781071238752609102473000174802014080515421      
0012600200002475           26041500000205700526043000000209766200000000000000000001781020570052609102475000174812004065715161      
0012600200002476           26041500004492475826043000004581271200000000000000000001781449247582609102476000174822088795415361      
0012600200002477           26041500000618736926043000000630966500000000000000000001781061873692609102477000174832012229615991      
0012600200002478           26041500001953165926043000001991771000000000000000000001781195316592609102478000174842038605115421      
0012600200002482           26041500018255855026043000018616688400000000000000000001781000000002609102482000174852000000015841      
0012600200002483           26041500000092343626043000000094168800000000000000000001781009234362609102483000174862001825215211      
0012600200002484           26041500005895477326043000006012003400000000000000000001781589547732609102484000174872000000015571      
0012600200002486           26041500001208078026043000001231956100000000000000000001781120807802609102486000174882023878115001      
0012600200002488           26041500010199427426043000010401022600000000000000000001781000000002609102488000174892000000015361      
0012600200002489           26041500001866228026043000001903114600000000000000000001781186622802609102489000174902036886615631      
0012600200002491           26041500003657669126043000003729964200000000000000000001781365766912609102491000174912072295115631      
0012600200002492           26041500001009341726043000001029291700000000000000000001781100934172609102492000174922019950015361      
0012600200002493           26041500000706123326043000000720080000000000000000000001781070612332609102493000174932013956715991      
0012600200002494           26041500018273254926043000018634432200000000000000000001781000000002609102494000174942000000015841      
0012600200002496           26041500000239668226043000000244405400000000000000000001781023966822609102496000389992004737215581      
0012600200002498           26041500005948002426043000006065566700000000000000000001781594800242609102498000174952000000015991      
0012600200002499           26041500001438097226043000001466521700000000000000000001781143809722609102499000174962028424515631      
0012600200002500           26041500000102238626043000000104259400000000000000000001781010223862609102500000174972002020815571      
0012600200002501           26041500004112863926043000004194156100000000000000000001781411286392609102501000390002081292215371      
0012600200002503           26041500000634118326043000000646651800000000000000000001781063411832609102503000390012012533515791      
0012600200002504           26041500000701175426043000000715034400000000000000000001781070117542609102504000390022013859015421      
0012600200002505           26041500001152115026043000001174887000000000000000000001781115211502609102505000390032022772015211      
0012600200002506           26041500000739867826043000000754491500000000000000000001781073986782609102506000390042014623715421      
0012600200002507           26041500022153539426043000022591411900000000000000000001781000000002609102507000174982000000015211      
0012600200002512           26041500000083469226043000000085119000000000000000000001781008346922609102512000390052001649815841      
0012600200002513           26041500006225536926043000006348586800000000000000000001781622553692609102513000390062000000015781      
0012600200002514           26041500000141001826043000000143788800000000000000000001781014100182609102514000390072002787015901      
0012600200002517           26041500002165781226043000002208588600000000000000000001781216578122609102517000390082042807415421      
0012600200002518           26041500001017452826043000001037563100000000000000000001781101745282609102518000390092020110315211      
0012600200002523           26041500000087980926043000000089719900000000000000000001781008798092609102523000390102001739015901      
0012600200002524           26041500000092343626043000000094168800000000000000000001781009234362609102524000174992001825215901      
0012600200002525           26041500002459418026043000002508029300000000000000000001781245941802609102525000390112048611315161      
0012600200002528           26041500011515847026043000011743461800000000000000000001781000000002609102528000175002000000015371      
0012600200002530           26041500000941613726043000000960225100000000000000000001781094161372609102530000390122018611415781      
0012600200002532           26041500002558585326043000002609156600000000000000000001781255858532609102532000175012050571315371      
0012600200002533           26041500004294177026043000004379052900000000000000000001781429417702609102533000175022084875915631      
0012600200002535           26041500000113386126043000000115627300000000000000000001781011338612609102535000390132002241215151      
0012600200002538           26041500000087980926043000000089719900000000000000000001781008798092609102538000390142001739015791      
0012600200002539           26041500001973403926043000002012409000000000000000000001781197340392609102539000390152039005115631      
0012600200002541           26041500000093335626043000000095180400000000000000000001781009333562609102541000175032001844815631      
0012600200002543           26041500000509993026043000000520073100000000000000000001781050999302609102543000390162010080115371      
0012600200002544           26041500003218408826043000003282021800000000000000000001781321840882609102544000390172063613015841      
0012600200002546           26041500000104810026043000000106881600000000000000000001781010481002609102546000390182002071615001      
0012600200002547           26041500000166094626043000000169377600000000000000000001781016609462609102547000390192003283015211      
0012600200002548           26041500000094395026043000000096260700000000000000000001781009439502609102548000175042001865715001      
0012600200002550           26041500000951716826043000000970527800000000000000000001781095171682609102550000175052018811015211      
0012600200002551           26041500000201074226043000000205048400000000000000000001781020107422609102551000390202003974215211      
0012600200002552           26041500001233154426043000001257528200000000000000000001781123315442609102552000390212024373815361      
0012600200002553           26041500010088187826043000010287584300000000000000000001781000000002609102553000175062000000015841      
0012600200002554           26041500000105059026043000000107135500000000000000000001781010505902609102554000390222002076515421      
0012600200002555           26041500001810080726043000001845857600000000000000000001781181008072609102555000175072035776915211      
0012600200002557           26041500001731430426043000001765652700000000000000000001781173143042609102557000390232034222315781      
0012600200002559           26041500000579579026043000000591034600000000000000000001781057957902609102559000390242011455615151      
0012600200002562           26041500001346161426043000001372768700000000000000000001781134616142609102562000390252026607315841      
0012600200002563           26041500030695540526043000031302248700000000000000000001781000000002609102563000175082000000015631      
0012600200002564           26041500001549267126043000001579888900000000000000000001781154926712609102564000175092030621815371      
0012600200002565           26041500000322410626043000000328783200000000000000000001781032241062609102565000390262006372615161      
0012600200002566           26041500000087980926043000000089719900000000000000000001781008798092609102566000390272001739015781      
0012600200002567           26041500000771978826043000000787237300000000000000000001781077197882609102567000390282015258515001      
0012600200002568           26041500000092343626043000000094168800000000000000000001781009234362609102568000175102001825215791      
0012600200002569           26041500000093335626043000000095180400000000000000000001781009333562609102569000175112001844815991      
0012600200002570           26041500000201111226043000000205086300000000000000000001781020111122609102570000390292003975115421      
0012600200002573           26041500000154540726043000000157595200000000000000000001781015454072609102573000175122003054515421      
0012600200002574           26041500003354486626043000003420789200000000000000000001781335448662609102574000390302066302615631      
0012600200002576           26041500000208506826043000000212628100000000000000000001781020850682609102576000390312004121315901      
0012600200002578           26041500000132563726043000000135183800000000000000000001781013256372609102578000390322002620115991      
0012600200002579           26041500003361060426043000003427492900000000000000000001781336106042609102579000390332066432515841      
0012600200002580           26041500000274694326043000000280123700000000000000000001781027469432609102580000175132005429415421      
0012600200002581           26041500000476771926043000000486195500000000000000000001781047677192609102581000390342009423615371      
0012600200002583           26041500000092343626043000000094168800000000000000000001781009234362609102583000175142001825215571      
0012600200002584           26041500003215521026043000003279076900000000000000000001781321552102609102584000175152063555915841      
0012600200002585           26041500000160195026043000000163361300000000000000000001781016019502609102585000175162003166315631      
0012600200002586           26041500000118957026043000000121308300000000000000000001781011895702609102586000390352002351315371      
0012600200002587           26041500002151898326043000002194431400000000000000000001781215189832609102587000390362042533115791      
0012600200002588           26041500000207845126043000000211953200000000000000000001781020784512609102588000390372004108115631      
0012600200002589           26041500001127494726043000001149780000000000000000000001781112749472609102589000390382022285315161      
0012600200002590           26041500000131078126043000000133669000000000000000000001781013107812609102590000390392002590915791      
0012600200002592           26041500000502914126043000000512854400000000000000000001781050291412609102592000390402009940315991      
0012600200002594           26041500000816245426043000000832378800000000000000000001781081624542609102594000175172016133415781      
0012600200002596           26041500001269342626043000001294431600000000000000000001781126934262609102596000390412025089015631      
0012600200002597           26041500000650813526043000000663677000000000000000000001781065081352609102597000175182012863515371      
0012600200002598           26041500000843370126043000000860039700000000000000000001781084337012609102598000390422016669615581      
0012600200002601           26041500000164747826043000000168004200000000000000000001781016474782609102601000390432003256415421      
0012600200002602           26041500002714657826043000002768313900000000000000000001781271465782609102602000390442053656115791      
0012600200002604           26041500001086392426043000001107865300000000000000000001781108639242609102604000390452021472915781      
0012600200002605           26041500000432758826043000000441312400000000000000000001781043275882609102605000390462008553615361      
0012600200002608           26041500002774770526043000002829614800000000000000000001781277477052609102608000175192054844315161      
0012600200002609           26041500000790262626043000000805882400000000000000000001781079026262609102609000390472015619815841      
0012600200002610           26041500000606028626043000000618007000000000000000000001781060602862609102610000390482011978415001      
0012600200002615           26041500003028504026043000003088363400000000000000000001781302850402609102615000390492059859415991      
0012600200002616           26041500000092021326043000000093840200000000000000000001781009202132609102616000390502001818915211      
0012600200002617           26041500000128384526043000000130922100000000000000000001781012838452609102617000390512002537615901      
0012600200002620           26041500001391816126043000001419325800000000000000000001781139181612609102620000390522027509715571      
0012600200002624           26041500001402221926043000001429937300000000000000000001781140222192609102624000390532027715415151      
0012600200002628           26041500000082702026043000000084336600000000000000000001781008270202609102628000390542001634615371      
0012600200002629           26041500000118277326043000000120615100000000000000000001781011827732609102629000390552002337815361      
0012600200002630           26041500000355479026043000000362505100000000000000000001781035547902609102630000390562007026115361      
0012600200002631           26041500000787250926043000000802811100000000000000000001781078725092609102631000175202015560215161      
0012600200002632           26041500000138846226043000000141590600000000000000000001781013884622609102632000390572002744415581      
0012600200002633           26041500000687313326043000000700898300000000000000000001781068731332609102633000390582013585015791      
0012600200002635           26041500000500731926043000000510629100000000000000000001781050073192609102635000390592009897215001      
0012600200002636           26041500002206052126043000002249655500000000000000000001781220605212609102636000175212043603415571      
0012600200002638           26041500000133771726043000000136415800000000000000000001781013377172609102638000390602002644115991      
0012600200002639           26041500001786976426043000001822296700000000000000000001781178697642609102639000390612035320315841      
0012600200002640           26041500000952339826043000000971163200000000000000000001781095233982609102640000390622018823415991      
0012600200002641           26041500000092343626043000000094168800000000000000000001781009234362609102641000175222001825215991      
0012600200002643           26041500000921780926043000000940000200000000000000000001781092178092609102643000390632018219315791      
0012600200002644           26041500000667356726043000000680547300000000000000000001781066735672609102644000175232013190615421      
0012600200002645           26041500003527103426043000003596817800000000000000000001781352710342609102645000175242069714415841      
0012600200002646           26041500000426024826043000000434445300000000000000000001781042602482609102646000390642008420515631      
0012600200002648           26041500001725495026043000001759600100000000000000000001781172549502609102648000390652034105115841      
0012600200002650           26041500000288652426043000000294357700000000000000000001781028865242609102650000390662005705315161      
0012600200002651           26041500000262431326043000000267618300000000000000000001781026243132609102651000390672005187015841      
0012600200002654           26041500000427755126043000000436209900000000000000000001781042775512609102654000390682008454815421      
0012600200002655           26041500001537027326043000001567407100000000000000000001781153702732609102655000390692030379815001      
0012600200002657           26041500000405823026043000000413844200000000000000000001781040582302609102657000390702008021215791      
0012600200002658           26041500000248396026043000000253305600000000000000000001781024839602609102658000390712004909615571      
0012600200002659           26041500000087980926043000000089719900000000000000000001781008798092609102659000390722001739015581      
0012600200002665           26041500002429513026043000002477533200000000000000000001781242951302609102665000175252048020215001      
0012600200002666           26041500000672122126043000000685406800000000000000000001781067212212609102666000390732013284715841      
0012600200002667           26041500000674233626043000000687560100000000000000000001781067423362609102667000175262013326515211      
0012600200002668           26041500000381580826043000000389122900000000000000000001781038158082609102668000390742007542115151      
0012600200002670           26041500002300184526043000002345648400000000000000000001781230018452609102670000175272045463915841      
0012600200002672           26041500000580455726043000000591928600000000000000000001781058045572609102672000175282011472915421      
0012600200002673           26041500000338136726043000000344820100000000000000000001781033813672609102673000390752006683415161      
0012600200002675           26041500000977804226043000000997130800000000000000000001781097780422609102675000390762019326615361      
0012600200002676           26041500000106455826043000000108560000000000000000000001781010645582609102676000390772002104215421      
0012600200002680           26041500000768270026043000000783455100000000000000000001781076827002609102680000175292015185115421      
0012600200002681           26041500000144748626043000000147609600000000000000000001781014474862609102681000175302002861015901      
0012600200002682           26041500000087980926043000000089719900000000000000000001781008798092609102682000390782001739015791      
0012600200002685           26041500000726652426043000000741015000000000000000000001781072665242609102685000390792014362615211      
0012600200002686           26041500002972192026043000003030938500000000000000000001781297219202609102686000175312058746515631      
0012600200002687           26041500000857183626043000000874126100000000000000000001781085718362609102687000390802016942515901      
0012600200002689           26041500000193223426043000000197042500000000000000000001781019322342609102689000175322003819115001      
0012600200002693           26041500001331239826043000001357552200000000000000000001781133123982609102693000175332026312415781      
0012600200002694           26041500000650641726043000000663501800000000000000000001781065064172609102694000390812012860115211      
0012600200002695           26041500000647504926043000000660303100000000000000000001781064750492609102695000175342012798215631      
0012600200002697           26041500000129731326043000000132295500000000000000000001781012973132609102697000390822002564215151      
0012600200002698           26041500000790844326043000000806475600000000000000000001781079084432609102698000390832015631315161      
0012600200002699           26041500006164218426043000006286056300000000000000000001781616421842609102699000175352000000015361      
0012600200002701           26041500000434081026043000000442660700000000000000000001781043408102609102701000390842008579715581      
0012600200002703           26041500000341177126043000000347920600000000000000000001781034117712609102703000390852006743515371      
0012600200002704           26041500001397766026043000001425393300000000000000000001781139776602609102704000390862027627315001      
0012600200002705           26041500001038817626043000001059350200000000000000000001781103881762609102705000390872020532615001      
0012600200002706           26041500011106997926043000011326531600000000000000000001781000000002609102706000175362000000015151      
0012600200002707           26041500002666780826043000002719490700000000000000000001781266678082609102707000175372052709915631      
0012600200002708           26041500002831600426043000002887568000000000000000000001781283160042609102708000175382055967615421      
0012600200002709           26041500000409251226043000000417340200000000000000000001781040925122609102709000390882008089015581      
0012600200002710           26041500000601183926043000000613066500000000000000000001781060118392609102710000175392011882615151      
0012600200002711           26041500000082702026043000000084336600000000000000000001781008270202609102711000390892001634615361      
0012600200002712           26041500000634869126043000000647417500000000000000000001781063486912609102712000390902012548415581      
0012600200002713           26041500000087980926043000000089719900000000000000000001781008798092609102713000390912001739015901      
0012600200002718           26041500000700211826043000000714051800000000000000000001781070021182609102718000390922013840015421      
0012600200002719           26041500000100204326043000000102184800000000000000000001781010020432609102719000175402001980515631      
0012600200002720           26041500001698914526043000001732494200000000000000000001781169891452609102720000175412033579715791      
0012600200002722           26041500001881149726043000001918331300000000000000000001781188114972609102722000175422037181615841      
0012600200002723           26041500000710125826043000000724161700000000000000000001781071012582609102723000390932014035915631      
0012600200002724           26041500000710769226043000000724817800000000000000000001781071076922609102724000390942014048615421      
0012600200002725           26041500003206991226043000003270378500000000000000000001781320699122609102725000390952063387315841      
0012600200002727           26041500000379298626043000000386795500000000000000000001781037929862609102727000175432007496915151      
0012600200002728           26041500004554769126043000004644795800000000000000000001781455476912609102728000175442090026715841      
0012600200002729           26041500000318281726043000000324572600000000000000000001781031828172609102729000390962006290915421      
0012600200002730           26041500013175876526043000013436302300000000000000000001781000000002609102730000390972000000015421      
0012600200002731           26041500000326083526043000000332528700000000000000000001781032608352609102731000390982006445215371      
0012600200002732           26041500000091297626043000000093102100000000000000000001781009129762609102732000390992001804515421      
0012600200002734           26041500000914322826043000000932394800000000000000000001781091432282609102734000391002018072015211      
0012600200002735           26041500000092343626043000000094168800000000000000000001781009234362609102735000175452001825215791      
0012600200002738           26041500000089327726043000000091093300000000000000000001781008932772609102738000391012001765615211      
0012600200002739           26041500009000565926043000009178465200000000000000000001781900056592609102739000175462000000015901      
0012600200002741           26041500000092530126043000000094359000000000000000000001781009253012609102741000175472001828915581      
0012600200002742           26041500000123786626043000000126233300000000000000000001781012378662609102742000175482002446715161      
0012600200002744           26041500013231541726043000013493067700000000000000000001781000000002609102744000175492000000015571      
0012600200002748           26041500005688352326043000005800784500000000000000000001781568835232609102748000391022000000015211      
0012600200002749           26041500000362229726043000000369389300000000000000000001781036222972609102749000175502007159615991      
0012600200002750           26041500001184962626043000001208383800000000000000000001781118496262609102750000391032023421215421      
0012600200002753           26041500000211885426043000000216073300000000000000000001781021188542609102753000391042004187915161      
0012600200002754           26041500001706159326043000001739882100000000000000000001781170615932609102754000175512033722815631      
0012600200002755           26041500000092343626043000000094168800000000000000000001781009234362609102755000175522001825215631      
0012600200002756           26041500000341177126043000000347920600000000000000000001781034117712609102756000391052006743515841      
0012600200002757           26041500003541951926043000003611959800000000000000000001781354195192609102757000391062070007915841      
0012600200002760           26041500001693400826043000001726871500000000000000000001781169340082609102760000391072033470715631      
0012600200002764           26041500000090674526043000000092466800000000000000000001781009067452609102764000391082001792315001      
0012600200002767           26041500000655776426043000000668738000000000000000000001781065577642609102767000175532012961615841      
0012600200002769           26041500000308514526043000000314612400000000000000000001781030851452609102769000175542006097915841      
0012600200002770           26041500000371400626043000000378741400000000000000000001781037140062609102770000175552007340815901      
0012600200002772           26041500006808930826043000006943511700000000000000000001781680893082609102772000175562000000015581      
0012600200002775           26041500000087980926043000000089719900000000000000000001781008798092609102775000391092001739015421      
0012600200002776           26041500000288652426043000000294357700000000000000000001781028865242609102776000391102005705315571      
0012600200002777           26041500001942326026043000001980716800000000000000000001781194232602609102777000175572038390815791      
0012600200002780           26041500000566372526043000000577567100000000000000000001781056637252609102780000391112011194615211      
0012600200002781           26041500001707645526043000001741397700000000000000000001781170764552609102781000391122033752215631      
0012600200002784           26041500000097244026043000000099166100000000000000000001781009724402609102784000175582001922115901      
0012600200002786           26041500000637423026043000000650021900000000000000000001781063742302609102786000391132012598915841      
0012600200002788           26041500000877011726043000000894346200000000000000000001781087701172609102788000391142017334515361      
0012600200002790           26041500000572981926043000000584307100000000000000000001781057298192609102790000391152011325215001      
0012600200002791           26041500000243793426043000000248612100000000000000000001781024379342609102791000391162004818715571      
0012600200002793           26041500002794693826043000002849931900000000000000000001781279469382609102793000175592055238115581      
0012600200002794           26041500001150119326043000001172851800000000000000000001781115011932609102794000175602022732515781      
0012600200002797           26041500000495232326043000000505020700000000000000000001781049523232609102797000391172009788415581      
0012600200002799           26041500000087980926043000000089719900000000000000000001781008798092609102799000391182001739015211      
0012600200002800           26041500001285208926043000001310611500000000000000000001781128520892609102800000391192025402615571      
0012600200002802           26041500000410398426043000000418510100000000000000000001781041039842609102802000391202008111715161      
0012600200002803           26041500000806370426043000000822308600000000000000000001781080637042609102803000391212015938215781      
0012600200002804           26041500001551078326043000001581735900000000000000000001781155107832609102804000175612030657615361      
0012600200002805           26041500000688645526043000000702256800000000000000000001781068864552609102805000391222013611315361      
0012600200002806           26041500001293127526043000001318686600000000000000000001781129312752609102806000391232025559115151      
0012600200002807           26041500000366603726043000000373849800000000000000000001781036660372609102807000391242007246115001      
0012600200002808           26041500000444879826043000000453673000000000000000000001781044487982609102808000391252008793215001      
0012600200002809           26041500001545900226043000001576455500000000000000000001781154590022609102809000391262030555315631      
0012600200002810           26041500000092661026043000000094492500000000000000000001781009266102609102810000175622001831515901      
0012600200002811           26041500001354623426043000001381398000000000000000000001781135462342609102811000391272026774615631      
0012600200002814           26041500000087980926043000000089719900000000000000000001781008798092609102814000391282001739015781      
0012600200002815           26041500002121607926043000002163542300000000000000000001781212160792609102815000175632041934415841      
0012600200002816           26041500000121824226043000000124232100000000000000000001781012182422609102816000391292002407915781      
0012600200002817           26041500000587414926043000000599025300000000000000000001781058741492609102817000391302011610415991      
0012600200002818           26041500001050118526043000001070874500000000000000000001781105011852609102818000391312020756015001      
0012600200002819           26041500000543121226043000000553856200000000000000000001781054312122609102819000391322010735015161      
0012600200002821           26041500001878223826043000001915347600000000000000000001781187822382609102821000175642037123815571      
0012600200002824           26041500000087980926043000000089719900000000000000000001781008798092609102824000391332001739015841      
0012600200002827           26041500002511004826043000002560635700000000000000000001781251100482609102827000175652049630915841      
0012600200002829           26041500001906074626043000001943748800000000000000000001781190607462609102829000175662037674215631      
0012600200002830           26041500000130262326043000000132836900000000000000000001781013026232609102830000391342002574615901      
0012600200002833           26041500004310644026043000004395845400000000000000000001781431064402609102833000391352085201415361      
0012600200002834           26041500007838900826043000007993839400000000000000000001781783890082609102834000175672000000015791      
0012600200002836           26041500001856489326043000001893183500000000000000000001781185648932609102836000175682036694215791      
0012600200002837           26041500000156728926043000000159826700000000000000000001781015672892609102837000391362003097815421      
0012600200002838           26041500000291726826043000000297492900000000000000000001781029172682609102838000391372005766115791      
0012600200002839           26041500000361332026043000000368473900000000000000000001781036133202609102839000391382007141915001      
0012600200002840           26041500003883712926043000003960475900000000000000000001781388371292609102840000175692076763015901      
0012600200002841           26041500000756696126043000000771652400000000000000000001781075669612609102841000391392014956315841      
0012600200002843           26041500000412710626043000000420867900000000000000000001781041271062609102843000391402008157315571      
0012600200002845           26041500000809506626043000000825506800000000000000000001781080950662609102845000175702016000215841      
0012600200002848           26041500001741478626043000001775899600000000000000000001781174147862609102848000391412034421015581      
0012600200002849           26041500000092343626043000000094168800000000000000000001781009234362609102849000175712001825215991      
0012600200002850           26041500001220527026043000001244651100000000000000000001781122052702609102850000391422024124115001      
0012600200002852           26041500000230409126043000000234963200000000000000000001781023040912609102852000175722004554115361      
0012600200002853           26041500000304379326043000000310395400000000000000000001781030437932609102853000175732006016115211      
0012600200002855           26041500000082702026043000000084336600000000000000000001781008270202609102855000391432001634615781      
0012600200002856           26041500000450153726043000000459051200000000000000000001781045015372609102856000391442008897515791      
0012600200002857           26041500000498395326043000000508246300000000000000000001781049839532609102857000391452009851015791      
0012600200002858           26041500000437877626043000000446532400000000000000000001781043787762609102858000391462008654815631      
0012600200002859           26041500001207861226043000001231735000000000000000000001781120786122609102859000391472023873815161      
0012600200002860           26041500000199764326043000000203712700000000000000000001781019976432609102860000391482003948415371      
0012600200002861           26041500000446226726043000000455046500000000000000000001781044622672609102861000391492008819815371      
0012600200002864           26041500000478549626043000000488008300000000000000000001781047854962609102864000391502009458715371      
0012600200002866           26041500003058215126043000003118661700000000000000000001781305821512609102866000175742060446615421      
0012600200002867           26041500002284057826043000002329203000000000000000000001781228405782609102867000391512045145215571      
0012600200002868           26041500001503304426043000001533017800000000000000000001781150330442609102868000175752029713415421      
0012600200002869           26041500002640321226043000002692508000000000000000000001781264032122609102869000391522052186815211      
0012600200002870           26041500000396395526043000000404230400000000000000000001781039639552609102870000391532007834915361      
0012600200002872           26041500001152315226043000001175091200000000000000000001781115231522609102872000391542022776015151      
0012600200002874           26041500000686993126043000000700571700000000000000000001781068699312609102874000391552013578615001      
0012600200002876           26041500002617253326043000002668984200000000000000000001781261725332609102876000175762051730915991      
0012600200002877           26041500000706821126043000000720791600000000000000000001781070682112609102877000391562013970515001      
0012600200002879           26041500000225353326043000000229807400000000000000000001781022535332609102879000391572004454115211      
0012600200002880           26041500000092343626043000000094168800000000000000000001781009234362609102880000175772001825215211      
0012600200002881           26041500000105444826043000000107528900000000000000000001781010544482609102881000175782002084115581      
0012600200002882           26041500001120597326043000001142746400000000000000000001781112059732609102882000391582022149115631      
0012600200002883           26041500000764652926043000000779766500000000000000000001781076465292609102883000391592015113615421      
0012600200002884           26041500008328057926043000008492664800000000000000000001781832805792609102884000175792000000015001      
0012600200002885           26041500000092343626043000000094168800000000000000000001781009234362609102885000175802001825215421      
0012600200002886           26041500020691896726043000021100879200000000000000000001781000000002609102886000175812000000015581      
0012600200002887           26041500000087980926043000000089719900000000000000000001781008798092609102887000391602001739015991      
0012600200002888           26041500000396261426043000000404093600000000000000000001781039626142609102888000175822007832215581      
0012600200002889           26041500002517313526043000002567069100000000000000000001781251731352609102889000391612049755615631      
0012600200002890           26041500004450000226043000004537956100000000000000000001781445000022609102890000175832087955915001      
0012600200002891           26041500000720039826043000000734271700000000000000000001781072003982609102891000391622014231915371      
0012600200002894           26041500001929757426043000001967899700000000000000000001781192975742609102894000391632038142315581      
0012600200002895           26041500000501931426043000000511852200000000000000000001781050193142609102895000391642009920815581      
0012600200002896           26041500002345930226043000002392298400000000000000000001781234593022609102896000391652046368215841      
0012600200002897           26041500001140430126043000001162971100000000000000000001781114043012609102897000391662022541015991      
0012600200002898           26041500000345516926043000000352346100000000000000000001781034551692609102898000391672006829215991      
0012600200002899           26041500010442373026043000010648770200000000000000000001781000000002609102899000175842000000015991      
0012600200002900           26041500000342523926043000000349294000000000000000000001781034252392609102900000391682006770115841      
0012600200002901           26041500000254982726043000000260022500000000000000000001781025498272609102901000391692005039815421      
0012600200002902           26041500000176191626043000000179674100000000000000000001781017619162609102902000175852003482515371      
0012600200002905           26041500001400065726043000001427738500000000000000000001781140006572609102905000175862027672815581      
0012600200002906           26041500001014157726043000001034202900000000000000000001781101415772609102906000391702020045215421      
0012600200002908           26041500001398255226043000001425892200000000000000000001781139825522609102908000391712027637015791      
0012600200002909           26041500000908406126043000000926361000000000000000000001781090840612609102909000391722017954915361      
0012600200002910           26041500001157790226043000001180674300000000000000000001781115779022609102910000391732022884115581      
0012600200002911           26041500000504721326043000000514697300000000000000000001781050472132609102911000391742009976015001      
0012600200002912           26041500002530138226043000002580147300000000000000000001781253013822609102912000391752050009115161      
0012600200002913           26041500000382927626043000000390496300000000000000000001781038292762609102913000391762007568715421      
0012600200002914           26041500000748129526043000000762916500000000000000000001781074812952609102914000391772014787015631      
0012600200002915           26041500006493175126043000006621515000000000000000000001781649317512609102915000175872000000015211      
0012600200002916           26041500001713404226043000001747270300000000000000000001781171340422609102916000175882033866115841      
0012600200002917           26041500000953553826043000000972401100000000000000000001781095355382609102917000175892018847315901      
0012600200002918           26041500000091622526043000000093433500000000000000000001781009162252609102918000391782001811015841      
0012600200002919           26041500006670673326043000006802521400000000000000000001781667067332609102919000175902000000015421      
0012600200002920           26041500000745295926043000000760026900000000000000000001781074529592609102920000391792014731015211      
0012600200002921           26041500000546591426043000000557395000000000000000000001781054659142609102921000175912010803615781      
0012600200002922           26041500001090833926043000001112394600000000000000000001781109083392609102922000391802021560715901      
0012600200002923           26041500006846788226043000006982117400000000000000000001781684678822609102923000175922000000015421      
0012600200002924           26041500001553647426043000001584355700000000000000000001781155364742609102924000175932030708315791      
0012600200002925           26041500001675913226043000001709038200000000000000000001781167591322609102925000391812033125015901      
0012600200002926           26041500000083642726043000000085295900000000000000000001781008364272609102926000391822001653215151      
0012600200002927           26041500000313380926043000000319575000000000000000000001781031338092609102927000391832006194115791      
0012600200002929           26041500000658903426043000000671926900000000000000000001781065890342609102929000391842013023515371      
0012600200002930           26041500000143232226043000000146063200000000000000000001781014323222609102930000175942002831015211      
0012600200002931           26041500000607681026043000000619692100000000000000000001781060768102609102931000391852012011115151      
0012600200002932           26041500000087980926043000000089719900000000000000000001781008798092609102932000391862001739015001      
0012600200002933           26041500000397179326043000000405029700000000000000000001781039717932609102933000391872007850415841      
0012600200002934           26041500000087980926043000000089719900000000000000000001781008798092609102934000391882001739015631      
0012600200002935           26041500001585165326043000001616496700000000000000000001781158516532609102935000175952031331415571      
0012600200002936           26041500001610165426043000001641990900000000000000000001781161016542609102936000175962031825515631      
0012600200002937           26041500000345217526043000000352040800000000000000000001781034521752609102937000391892006823315581      
0012600200002940           26041500000801356526043000000817195600000000000000000001781080135652609102940000175972015839115991      
0012600200002941           26041500000337538026043000000344209600000000000000000001781033753802609102941000391902006671615631      
0012600200002942           26041500003074302026043000003135066600000000000000000001781307430202609102942000175982060764615631      
0012600200002943           26041500001092544626043000001114139100000000000000000001781109254462609102943000391912021594515841      
0012600200002944           26041500001175405226043000001198637400000000000000000001781117540522609102944000391922023232215791      
0012600200002945           26041500000660683126043000000673741800000000000000000001781066068312609102945000391932013058715841      
0012600200002946           26041500000283929526043000000289541500000000000000000001781028392952609102946000391942005612015631      
0012600200002947           26041500001160262826043000001183195800000000000000000001781116026282609102947000391952022933015791      
0012600200002948           26041500000929387926043000000947757600000000000000000001781092938792609102948000391962018369715001      
0012600200002949           26041500000504945626043000000514926000000000000000000001781050494562609102949000391972009980415421      
0012600200002950           26041500001066639426043000001087722000000000000000000001781106663942609102950000391982021082615001      
0012600200002951           26041500000092343626043000000094168800000000000000000001781009234362609102951000391992001825215001      
0012600200002952           26041500000313937426043000000320142500000000000000000001781031393742609102952000392002006205115161      
0012600200002954           26041500000325015726043000000331439700000000000000000001781032501572609102954000392012006424015371      
0012600200002955           26041500000480398526043000000489893700000000000000000001781048039852609102955000392022009495215841      
0012600200002956           26041500000512124626043000000522247000000000000000000001781051212462609102956000392032010122415421      
0012600200002957           26041500000766038626043000000781179600000000000000000001781076603862609102957000392042015141015841      
0012600200002958           26041500000101448826043000000103454000000000000000000001781010144882609102958000392052002005215161      
0012600200002959           26041500000658625126043000000671643000000000000000000001781065862512609102959000175992013017915901      
0012600200002960           26041500000379141026043000000386634900000000000000000001781037914102609102960000392062007493915581      
0012600200002961           26041500000637410026043000000650008600000000000000000001781063741002609102961000392072012598615001      
0012600200002962           26041500001242675626043000001267237500000000000000000001781124267562609102962000392082024561915841      
0012600200002963           26041500000517216026043000000527438900000000000000000001781051721602609102963000392092010222915841      
0012600200002964           26041500000376072626043000000383505800000000000000000001781037607262609102964000392102007433215841      
0012600200002966           26041500000519324726043000000529589400000000000000000001781051932472609102966000392112010264715791      
0012600200002967           26041500000363390026043000000370572600000000000000000001781036339002609102967000392122007182615571      
0012600200002969           26041500000599454026043000000611302400000000000000000001781059945402609102969000392132011848415211      
0012600200002970           26041500000651116326043000000663985900000000000000000001781065111632609102970000392142012869615001      
0012600200002971           26041500000416831826043000000425070600000000000000000001781041683182609102971000392152008238815571      
0012600200002972           26041500000278650626043000000284158300000000000000000001781027865062609102972000392162005507715841      
0012600200002973           26041500000363798926043000000370989600000000000000000001781036379892609102973000392172007190715631      
0012600200002974           26041500001578323226043000001609519300000000000000000001781157832322609102974000392182031196115421      
0012600200002975           26041500000346922726043000000353779800000000000000000001781034692272609102975000392192006857115991      
0012600200002976           26041500000739680226043000000754300300000000000000000001781073968022609102976000392202014620115361      
0012600200002977           26041500000343870726043000000350667400000000000000000001781034387072609102977000392212006796715841      
0012600200002978           26041500000231519826043000000236095900000000000000000001781023151982609102978000392222004576115901      
0012600200002979           26041500000779333026043000000794736800000000000000000001781077933302609102979000392232015403815571      
0012600200002980           26041500000283929526043000000289541500000000000000000001781028392952609102980000392242005612015781      
0012600200002981           26041500000643522026043000000656241400000000000000000001781064352202609102981000392252012719415361      
0012600200002982           26041500000370806526043000000378135600000000000000000001781037080652609102982000392262007329115841      
0012600200002983           26041500000170611326043000000173983400000000000000000001781017061132609102983000392272003372115161      
0012600200002984           26041500000323568326043000000329963800000000000000000001781032356832609102984000392282006395515781      
0012600200002985           26041500000509993026043000000520073100000000000000000001781050999302609102985000392292010080115421      
0012600200002987           26041500000958107726043000000977045000000000000000000001781095810772609102987000392302018937315001      
0012600200002990           26041500001438395526043000001466825900000000000000000001781143839552609102990000392312028430415001      
0012600200002991           26041500000109529526043000000111694400000000000000000001781010952952609102991000392322002164915991      
0012600200002992           26041500001615941426043000001647881000000000000000000001781161594142609102992000392332031939615901      
0012600200002994           26041500002400167026043000002447607100000000000000000001781240016702609102994000392342047440115001      
0012600200002995           26041500000345217526043000000352040800000000000000000001781034521752609102995000392352006823315421      
0012600200002996           26041500000177501826043000000181010200000000000000000001781017750182609102996000176002003508415571      
0012600200002998           26041500004973573926043000005071878300000000000000000001781497357392609102998000176012098304415901      
0012600200002999           26041500002672214526043000002725031700000000000000000001781267221452609102999000176022052817215151      
0012600200003000           26041500000097244026043000000099166100000000000000000001781009724402609103000000176032001922115991      
0012600200003003           26041500000320213026043000000326542100000000000000000001781032021302609103003000392362006329115571      
0012600200003004           26041500000552166326043000000563080000000000000000000001781055216632609103004000392372010913715581      
0012600200003005           26041500000643473826043000000656192200000000000000000001781064347382609103005000392382012718415211      
0012600200003006           26041500002004646826043000002044269300000000000000000001781200464682609103006000392392039622515581      
0012600200003007           26041500001887911926043000001925227100000000000000000001781188791192609103007000392402037315215151      
0012600200003008           26041500000294582026043000000300404500000000000000000001781029458202609103008000392412005822515631      
0012600200003009           26041500001016909026043000001037008600000000000000000001781101690902609103009000392422020099615001      
0012600200003010           26041500002473164826043000002522047700000000000000000001781247316482609103010000392432048882915781      
0012600200003011           26041500001015771426043000001035848400000000000000000001781101577142609103011000392442020077015361      
0012600200003012           26041500001098292026043000001120000100000000000000000001781109829202609103012000392452021708115631      
0012600200003013           26041500001203405426043000001227191100000000000000000001781120340542609103013000392462023785715581      
0012600200003014           26041500001797245126043000001832768300000000000000000001781179724512609103014000392472035523215421      
0012600200003015           26041500001810775626043000001846566200000000000000000001781181077562609103015000392482035790615001      
0012600200003016           26041500000561043726043000000572132900000000000000000001781056104372609103016000392492011089215161      
0012600200003017           26041500000805012726043000000820924100000000000000000001781080501272609103017000392502015911415161      
0012600200003018           26041500001798374326043000001833919700000000000000000001781179837432609103018000392512035545415161      
0012600200003019           26041500004617104126043000004708362800000000000000000001781461710412609103019000392522091258715161      
0012600200003020           26041500001379204226043000001406464700000000000000000001781137920422609103020000392532027260515841      
0012600200003021           26041500001378393626043000001405638100000000000000000001781137839362609103021000392542027244515841      
0012600200003022           26041500000723784226043000000738090000000000000000000001781072378422609103022000392552014305815631      
0012600200003023           26041500001118599626043000001140709100000000000000000001781111859962609103023000392562022109515841      
0012600200003025           26041500001923822126043000001961847100000000000000000001781192382212609103025000392572038025015001      
0012600200003026           26041500004556996626043000004647067200000000000000000001781455699662609103026000176042090070615841      
0012600200003027           26041500000149933226043000000152896700000000000000000001781014993322609103027000392582002963515991      
0012600200003028           26041500000092343626043000000094168800000000000000000001781009234362609103028000176052001825215151      
0012600200003029           26041500000256329526043000000261395900000000000000000001781025632952609103029000392592005066415841      
0012600200003030           26041500000417211726043000000425458100000000000000000001781041721172609103030000392602008246415001      
0012600200003031           26041500000515150226043000000525332400000000000000000001781051515022609103031000392612010182215211      
0012600200003032           26041500000577470426043000000588884300000000000000000001781057747042609103032000392622011413915001      
0012600200003033           26041500000487852026043000000497494600000000000000000001781048785202609103033000392632009642615421      
0012600200003034           26041500000401396726043000000409330400000000000000000001781040139672609103034000392642007933715151      
0012600200003035           26041500001705355726043000001739062700000000000000000001781170535572609103035000392652033707015841      
0012600200003036           26041500001745767126043000001780272800000000000000000001781174576712609103036000392662034505715211      
0012600200003037           26041500000171685826043000000175079200000000000000000001781017168582609103037000392672003393415161      
0012600200003038           26041500002830729526043000002886679900000000000000000001781283072952609103038000392682055950415841      
0012600200003039           26041500000089759526043000000091533600000000000000000001781008975952609103039000392692001774115631      
0012600200003040           26041500000318281726043000000324572600000000000000000001781031828172609103040000392702006290915631      
0012600200003041           26041500000812936826043000000829004800000000000000000001781081293682609103041000176062016068015901      
0012600200003043           26041500000820301926043000000836515400000000000000000001781082030192609103043000392712016213515841      
0012600200003044           26041500001458776726043000001487609900000000000000000001781145877672609103044000392722028833215421      
0012600200003046           26041500000109375226043000000111537000000000000000000001781010937522609103046000176072002161815841      
0012600200003047           26041500000108940626043000000111093800000000000000000001781010894062609103047000392732002153215631      
0012600200003048           26041500000381580826043000000389122900000000000000000001781038158082609103048000392742007542115001      
0012600200003049           26041500000258729726043000000263843500000000000000000001781025872972609103049000176082005113815841      
0012600200003050           26041500000797699626043000000813466400000000000000000001781079769962609103050000392752015766815791      
0012600200003051           26041500000258368426043000000263475100000000000000000001781025836842609103051000392762005106715781      
0012600200003052           26041500000864741026043000000881832900000000000000000001781086474102609103052000392772017091915841      
0012600200003053           26041500000627508926043000000639911900000000000000000001781062750892609103053000392782012403015991      
0012600200003054           26041500000087980926043000000089719900000000000000000001781008798092609103054000392792001739015781      
0012600200003055           26041500000087980926043000000089719900000000000000000001781008798092609103055000392802001739015901      
0012600200003056           26041500000626420226043000000638801600000000000000000001781062642022609103056000392812012381415001      
0012600200003057           26041500000323840626043000000330241400000000000000000001781032384062609103057000392822006400815151      
0012600200003058           26041500000493213426043000000502961900000000000000000001781049321342609103058000392832009748515901      
0012600200003059           26041500000283929526043000000289541500000000000000000001781028392952609103059000392842005612015571      
0012600200003060           26041500000500343126043000000510232600000000000000000001781050034312609103060000392852009889515361      
0012600200003061           26041500001120108026043000001142247400000000000000000001781112010802609103061000392862022139415581      
0012600200012002           26041500001032358426043000001052763400000000000000000001781103235842609112002000392872020405015991      
0012600200012004           26041500000321639626043000000327996900000000000000000001781032163962609112004000392882006357315631      
0012600200012005           26041500000558538226043000000569577900000000000000000001781055853822609112005000392892011039715001      
0012600200012006           26041500000502109326043000000512033700000000000000000001781050210932609112006000392902009924415211      
0012600200012007           26041500000548845926043000000559694000000000000000000001781054884592609112007000392912010848115421      
0012600200012009           26041500000279417826043000000284940600000000000000000001781027941782609112009000392922005522815631      
0012600200012011           26041500000296854326043000000302721700000000000000000001781029685432609112011000392932005867415161      
0012600200012013           26041500000283929526043000000289541500000000000000000001781028392952609112013000392942005612015161      
0012600200012014           26041500001162797826043000001185780900000000000000000001781116279782609112014000176092022983115001      
0012600200012019           26041500000341841426043000000348598000000000000000000001781034184142609112019000392952006756615631      
0012600200012020           26041500000469122126043000000478394500000000000000000001781046912212609112020000392962009272415991      
0012600200012021           26041500001138845626043000001161355200000000000000000001781113884562609112021000392972022509615631      
0012600200012031           26041500000528971026043000000539426200000000000000000001781052897102609112031000392982010455215361      
0012600200012037           26041500000127037826043000000129548800000000000000000001781012703782609112037000392992002511015631      
0012600200012040           26041500000505357426043000000515346000000000000000000001781050535742609112040000393002009988615211      
0012600200012042           26041500001998697026043000002038201900000000000000000001781199869702609112042000393012039504915791      
0012600200012056           26041500001592206126043000001623676600000000000000000001781159220612609112056000393022031470515841      
0012600200012072           26041500000225353326043000000229807400000000000000000001781022535332609112072000393032004454115421      
0012600200012075           26041500004977300526043000005075678600000000000000000001781497730052609112075000393042098378115991      
0012600200012076           26041500000605089126043000000617048900000000000000000001781060508912609112076000393052011959815841      
0012600200012092           26041500000929886526043000000948266000000000000000000001781092988652609112092000393062018379515781      
0012600200012094           26041500000092343626043000000094168800000000000000000001781009234362609112094000176102001825215211      
0012600200012099           26041500000087980926043000000089719900000000000000000001781008798092609112099000393072001739015001      
0012600200012103           26041500000285984026043000000291636500000000000000000001781028598402609112103000393082005652515781      
0012600200012105           26041500000477916026043000000487362200000000000000000001781047791602609112105000393092009446215421      
0012600200012125           26041500011910490426043000012145905500000000000000000001781000000002609112125000176112000000015631      
0012600200012141           26041500000750391326043000000765223000000000000000000001781075039132609112141000176122014831715901      
0012600200012151           26041500000755870926043000000770811000000000000000000001781075587092609112151000393102014940115631      
0012600200012163           26041500000158013926043000000161137200000000000000000001781015801392609112163000393112003123315361      
0012600200012165           26041500001122978526043000001145174600000000000000000001781112297852609112165000393122022196115421      
0012600200012168           26041500000415463626043000000423675400000000000000000001781041546362609112168000393132008211815791      
0012600200012169           26041500000262250226043000000267433700000000000000000001781026225022609112169000393142005183515901      
0012600200012178           26041500000098755226043000000100707200000000000000000001781009875522609112178000393152001952015631      
0012600200012187           26041500000466765326043000000475991100000000000000000001781046676532609112187000393162009225815631      
0012600200012194           26041500000441284926043000000450007100000000000000000001781044128492609112194000393172008722215361      
0012600200012200           26041500000885956626043000000903467800000000000000000001781088595662609112200000393182017511215361      
0012600200012202           26041500000087980926043000000089719900000000000000000001781008798092609112202000393192001739015421      
0012600200012206           26041500000835112226043000000851618500000000000000000001781083511222609112206000393202016506315571      
0012600200012217           26041500001300449426043000001326153200000000000000000001781130044942609112217000176132025703815001      
0012600200012229           26041500001318529326043000001344590500000000000000000001781131852932609112229000393212026061215211      
0012600200012235           26041500000197825226043000000201735300000000000000000001781019782522609112235000393222003910115631      
0012600200012237           26041500000742427726043000000757102100000000000000000001781074242772609112237000393232014674415631      
0012600200012247           26041500000505733726043000000515729800000000000000000001781050573372609112247000393242009996115781      
0012600200012274           26041500000153973626043000000157017000000000000000000001781015397362609112274000393252003043415001      
0012600200012287           26041500000591176626043000000602861400000000000000000001781059117662609112287000393262011684815211      
0012600200012303           26041500000092343626043000000094168800000000000000000001781009234362609112303000176142001825215781      
0012600200012309           26041500003846447826043000003922474200000000000000000001781384644782609112309000393272076026415791      
0012600200012337           26041500003318035726043000003383617800000000000000000001781331803572609112337000393282065582115841      
0012600200012343           26041500000521590626043000000531900000000000000000000001781052159062609112343000393292010309415421      
0012600200012370           26041500000087980926043000000089719900000000000000000001781008798092609112370000393332001739015631      
0012600200012373           26041500000326773426043000000333232100000000000000000001781032677342609112373000393342006458715001      
0012600200012374           26041500000684111326043000000697633100000000000000000001781068411132609112374000176152013521815781      
0012600200012375           26041500000218619426043000000222940400000000000000000001781021861942609112375000393352004321015161      
0012600200012377           26041500019173424026043000019552393500000000000000000001781000000002609112377000176162000000015631      
0012600200012382           26041500000322556926043000000328932400000000000000000001781032255692609112382000393362006375515371      
0012600200012426           26041500001160262826043000001183195800000000000000000001781116026282609112426000393372022933015421      
0012600200012427           26041500000235147426043000000239795100000000000000000001781023514742609112427000176172004647715581      
0012600200012432           26041500000551554426043000000562456000000000000000000001781055155442609112432000176182010901615571      
0012600200012469           26041500000117988826043000000120320800000000000000000001781011798882609112469000393382002332015631      
0012600200012485           26041500001539067626043000001569487800000000000000000001781153906762609112485000393392030420215421      
0012600200012504           26041500000505775726043000000515772500000000000000000001781050577572609112504000393402009996815901      
0012600200012509           26041500000087980926043000000089719900000000000000000001781008798092609112509000393412001739015631      
0012600200012532           26041500009811303426043000010005227200000000000000000001781000000002609112532000176192000000015211      
0012600200012575           26041500000294703826043000000300528700000000000000000001781029470382609112575000393442005824915001      
0012600200012583           26041500000087980926043000000089719900000000000000000001781008798092609112583000393452001739015901      
0012600200012587           26041500000100101926043000000102080500000000000000000001781010010192609112587000393462001978615211      
0012600200012594           26041500001957916926043000001996615800000000000000000001781195791692609112594000176202038698915841      
0012600200012595           26041500000358685426043000000365774900000000000000000001781035868542609112595000393472007089515841      
0012600200012615           26041500000168488826043000000171819100000000000000000001781016848882609112615000393482003330315001      
0012600200012616           26041500000523320026043000000533663600000000000000000001781052332002609112616000393492010343615161      
0012600200012617           26041500000986065926043000001005555900000000000000000001781098606592609112617000393502019490015361      
0012600200012618           26041500001723740526043000001757810800000000000000000001781172374052609112618000176212034070315211      
0012600200012621           26041500000097172326043000000099092900000000000000000001781009717232609112621000393512001920615001      
0012600200012624           26041500001939804926043000001978145800000000000000000001781193980492609112624000176222038340915361      
0012600200012632           26041500000500112726043000000509997600000000000000000001781050011272609112632000393522009884915631      
0012600200012633           26041500000091845726043000000093661100000000000000000001781009184572609112633000393532001815415211      
0012600200012640           26041500000090262826043000000092046800000000000000000001781009026282609112640000393542001784015371      
0012600200012644           26041500000159360726043000000162510600000000000000000001781015936072609112644000393552003149915001      
0012600200012669           26041500000125772326043000000128258200000000000000000001781012577232609112669000393562002485915991      
0012600200012674           26041500000421185426043000000429510300000000000000000001781042118542609112674000176232008324915791      
0012600200012675           26041500000118957026043000000121308300000000000000000001781011895702609112675000393572002351315571      
0012600200012681           26041500000087980926043000000089719900000000000000000001781008798092609112681000393582001739015991      
0012600200012688           26041500001391666926043000001419173700000000000000000001781139166692609112688000393592027506815151      
0012600200012689           26041500004377431026043000004463952400000000000000000001781437743102609112689000393602086521415901      
0012600200002003           26041500001612448626043000001644319200000000000000000001781161244862609102003000036422031870615991      
0012600200002001           26041500000489960726043000000499644900000000000000000001781048996072609102001000036412009684215781      
0012600200002008           26041500000087980926043000000089719900000000000000000001781008798092609102008000036432001739015001      
0012600200002015           26041500000536945726043000000547558600000000000000000001781053694572609102015000036442010612915841      
0012600200002058           26041500000828127526043000000844495800000000000000000001781082812752609102058000036452016368315781      
0012600200002059           26041500006864472326043000007000151100000000000000000001781686447232609102059000022222000000015001      
0012600200002061           26041500001332807326043000001359150700000000000000000001781133280732609102061000036462026343415991      
0012600200002095           26041500000735257126043000000749789700000000000000000001781073525712609102095000036472014532615841      
0012600200002096           26041500001297108526043000001322746300000000000000000001781129710852609102096000036482025637815841      
0012600200002097           26041500001191777126043000001215333000000000000000000001781119177712609102097000022232023555915901      
0012600200002140           26041500000087980926043000000089719900000000000000000001781008798092609102140000036492001739015841      
0012600200002143           26041500000097408426043000000099333800000000000000000001781009740842609102143000036502001925415421      
0012600200002162           26041500000847269726043000000864016300000000000000000001781084726972609102162000036512016746615781      
0012600200002202           26041500002711166226043000002764753300000000000000000001781271116622609102202000036522053587115421      
0012600200002233           26041500000104810026043000000106881600000000000000000001781010481002609102233000036542002071615421      
0012600200002236           26041500000093653726043000000095504800000000000000000001781009365372609102236000022242001851115901      
0012600200002237           26041500000399288026043000000407180100000000000000000001781039928802609102237000036552007892115001      
0012600200002268           26041500001570785426043000001601832500000000000000000001781157078542609102268000036562031047115631      
0012600200002314           26041500001419988926043000001448055500000000000000000001781141998892609102314000022252028066615421      
0012600200002316           26041500000568097526043000000579326200000000000000000001781056809752609102316000022262011228715631      
0012600200002317           26041500001063181526043000001084195700000000000000000001781106318152609102317000022272021014215781      
0012600200002347           26041500000111995526043000000114209100000000000000000001781011199552609102347000022282002213615631      
0012600200002359           26041500000092343626043000000094168800000000000000000001781009234362609102359000022292001825215151      
0012600200002365           26041500001320550226043000001346651400000000000000000001781132055022609102365000036572026101215421      
0012600200002378           26041500000851858826043000000868696100000000000000000001781085185882609102378000022302016837315791      
0012600200002380           26041500001153823526043000001176629200000000000000000001781115382352609102380000036582022805715631      
0012600200002452           26041500000263247926043000000268451100000000000000000001781026324792609102452000022312005203215631      
0012600200002469           26041500003233005626043000003296907000000000000000000001781323300562609102469000022322063901415421      
0012600200002479           26041500007697083326043000007849218900000000000000000001781769708332609102479000022332000000015571      
0012600200002531           26041500001208078026043000001231956100000000000000000001781120807802609102531000022342023878115421      
0012600200002536           26041500000092343626043000000094168800000000000000000001781009234362609102536000022352001825215361      
0012600200002556           26041500002366091526043000002412858100000000000000000001781236609152609102556000036592046766615631      
0012600200002595           26041500000837965626043000000854528300000000000000000001781083796562609102595000036602016562715361      
0012600200002613           26041500001146365426043000001169023700000000000000000001781114636542609102613000036612022658315631      
0012600200002614           26041500000928234126043000000946581000000000000000000001781092823412609102614000036622018346915001      
0012600200002623           26041500003576005926043000003646687000000000000000000001781357600592609102623000022362070681115161      
0012600200002626           26041500000194377226043000000198219200000000000000000001781019437722609102626000036632003842015161      
0012600200002647           26041500000112004626043000000114218400000000000000000001781011200462609102647000036642002213815841      
0012600200002652           26041500000784728326043000000800238700000000000000000001781078472832609102652000036652015510415161      
0012600200002656           26041500001067034626043000001088124900000000000000000001781106703462609102656000036662021090315161      
0012600200002684           26041500001388338926043000001415779900000000000000000001781138833892609102684000036672027441015211      
0012600200002700           26041500000741520226043000000756176600000000000000000001781074152022609102700000036682014656415361      
0012600200002746           26041500001533570126043000001563881700000000000000000001781153357012609102746000036692030311615371      
0012600200002761           26041500000234780826043000000239421300000000000000000001781023478082609102761000036702004640515001      
0012600200002773           26041500001476818826043000001506008600000000000000000001781147681882609102773000022372029189815571      
0012600200002774           26041500000184377026043000000188021300000000000000000001781018437702609102774000022382003644315151      
0012600200002778           26041500000159412226043000000162563000000000000000000001781015941222609102778000036712003150815161      
0012600200002785           26041500003073619426043000003134370600000000000000000001781307361942609102785000022392060751215161      
0012600200002787           26041500000788651826043000000804239700000000000000000001781078865182609102787000036722015587915371      
0012600200002813           26041500001987286826043000002026566200000000000000000001781198728682609102813000036732039279415901      
0012600200002832           26041500000509756626043000000519832100000000000000000001781050975662609102832000022402010075515631      
0012600200002842           26041500000240168026043000000244915000000000000000000001781024016802609102842000036742004747015991      
0012600200009001           26041500000301326026043000000307281900000000000000000001781030132602609109001000036752005955915841      
0012600200009002           26041500000185578726043000000189246700000000000000000001781018557872609109002000036762003668015151      
0012600200009003           26041500000558796826043000000569841600000000000000000001781055879682609109003000036772011044815781      
0012600200009004           26041500000741520226043000000756176600000000000000000001781074152022609109004000036782014656415631      
0012600200009005           26041500000118192926043000000120529000000000000000000001781011819292609109005000036792002336115361      
0012600200009006           26041500000926266926043000000944574900000000000000000001781092626692609109006000022412018308015001      
0012600200009007           26041500003615212526043000003686668400000000000000000001781361521252609109007000036802071455915361      
0012600200009008           26041500000918320226043000000936471200000000000000000001781091832022609109008000036812018151015211      
0012600200009009           26041500000116263426043000000118561400000000000000000001781011626342609109009000036822002298015781      
0012600200009010           26041500001571898626043000001602967800000000000000000001781157189862609109010000036832031069215211      
0012600200009011           26041500000850574326043000000867386200000000000000000001781085057432609109011000036842016811915581      
0012600200009012           26041500000092343626043000000094168800000000000000000001781009234362609109012000022422001825215841      
0012600200012017           26041500000807613626043000000823576400000000000000000001781080761362609112017000036852015962815781      
0012600200012065           26041500000366603726043000000373849800000000000000000001781036660372609112065000036862007246115581      
0012600200012066           26041500000114809426043000000117078600000000000000000001781011480942609112066000036872002269215421      
0012600200012067           26041500000347312926043000000354177700000000000000000001781034731292609112067000036882006864815421      
0012600200012107           26041500000087980926043000000089719900000000000000000001781008798092609112107000036892001739015001      
0012600200012109           26041500000096061626043000000097960300000000000000000001781009606162609112109000036902001898715161      
0012600200012121           26041500001261409626043000001286341800000000000000000001781126140962609112121000036912024932215211      
0012600200012122           26041500000165710726043000000168986000000000000000000001781016571072609112122000022432003275315211      
0012600200012132           26041500000101448826043000000103454000000000000000000001781010144882609112132000036922002005215791      
0012600200012228           26041500000113569826043000000115814600000000000000000001781011356982609112228000036932002244815001      
0012600200012284           26041500000415944926043000000424166200000000000000000001781041594492609112284000022442008221315211      
0012600200012307           26041500000087980926043000000089719900000000000000000001781008798092609112307000036942001739015421      
0012600200012330           26041500000087980926043000000089719900000000000000000001781008798092609112330000036952001739015991      
0012600200012385           26041500000093849726043000000095704600000000000000000001781009384972609112385000036962001854915421      
0012600200012452           26041500000602723926043000000614637000000000000000000001781060272392609112452000036972011913115581      
0012600200012486           26041500000109529526043000000111694400000000000000000001781010952952609112486000036982002164915631      
0012600200012488           26041500000450051126043000000458946500000000000000000001781045005112609112488000036992008895415841      
0012600200012494           26041500002226471826043000002270478800000000000000000001781222647182609112494000037002044007015571      
0012600200012503           26041500002286472226043000002331665100000000000000000001781228647222609112503000037012045192915151      
0012600200012523           26041500000097584126043000000099512800000000000000000001781009758412609112523000022452001928715151      
0012600200012524           26041500000089327726043000000091093300000000000000000001781008932772609112524000037022001765615991      
0012600200012557           26041500001400238526043000001427914700000000000000000001781140023852609112557000037032027676215791      
0012600200012623           26041500000092021326043000000093840200000000000000000001781009202132609112623000037042001818915211      
0012600200012685           26041500001193199926043000001216783900000000000000000001781119319992609112685000037052023584015781      
0012600200012686           26041500000096061626043000000097960300000000000000000001781009606162609112686000037062001898715211      
0012600200012694           26041500000459953726043000000469044800000000000000000001781045995372609112694000037072009091115151      
TRFACTURACION00001807000000020511939522000000020917365198000000000000000000                                                        
