0022600300004153           26033100000495599526042000000508660500000000000000000001781049559952609004153000545431013061020631      
0022600300004332           26033100005945619226042000006102308900000000000000000001781594561922609004332000545441000000020991      
0022600300004333           26033100009653710426042000009908122300000000000000000001781965371042609004333000545451000000020001      
0022600300004335           26033100003695573326042000003792965700000000000000000001781369557332609004335000545471097392420571      
0022600300004336           26033100003655393826042000003751727300000000000000000001781365539382609004336000545481096333520361      
0022600300004340           26033100017129006826042000017580421300000000000000000001781000000002609004340000545501000000020791      
0022600300004343           26033100000230887426042000000236972100000000000000000001781023088742609004343000545511006084720991      
0022600300004513           26033100001766582126042000001813138300000000000000000001781176658212609004513000545541046556220211      
0022600300004523           26033100004866483426042000004994733700000000000000000001781486648342609004523000545551000000020571      
0022600300004663           26033100000254800026042000000261514900000000000000000001781025480002609004663000545591006714920211      
0022600300004693           26033100002307690526042000002368506900000000000000000001781230769052609004693000545601060816420991      
0022600300004782           26033100000156758226042000000160889400000000000000000001781015675822609004782000545631004131220991      
0022600300004837           26033100000156758226042000000160889400000000000000000001781015675822609004837000545641004131220991      
0022600300004840           26033100005290386126042000005429807900000000000000000001781529038612609004840000545651000000020991      
0022600300004935           26033100000546534426042000000560937600000000000000000001781054653442609004935000545681014403220421      
0022600300012026           26033100000156758226042000000160889400000000000000000001781015675822609012026000545691004131220991      
0022600300012193           26033100000172304526042000000176845400000000000000000001781017230452609012193000545701004540920631      
0022600300012208           26033100000172304526042000000176845400000000000000000001781017230452609012208000545711004540920841      
0022600300012249           26033100000596750826042000000612477400000000000000000001781059675082609012249000545721015726620631      
0022600300012310           26033100000863839926042000000886605300000000000000000001781086383992609012310000545731022765420571      
0022600300012449           26033100001821678426042000001869686600000000000000000001781182167842609012449000545761048008220421      
0022600300004334           26033100009989892526042000010253164200000000000000000001781000000002609004334000545461000000020371      
0022600300004337           26033100007925787526042000008134662200000000000000000001781792578752609004337000545491000000020841      
0022600300004385           26033100000611098426042000000627203100000000000000000001781061109842609004385000545521016104720361      
0022600300004430           26033100022676807626042000023274427700000000000000000001781000000002609004430000545531000000020151      
0022600300004649           26033100000529795426042000000543757500000000000000000001781052979542609004649000545561013962120991      
0022600300004661           26033100000156758226042000000160889400000000000000000001781015675822609004661000545571004131220631      
0022600300004662           26033100008729979626042000008960047800000000000000000001781872997962609004662000545581000000020901      
0022600300004698           26033100001886253926042000001935963800000000000000000001781188625392609004698000545611049709920421      
0022600300004699           26033100001914871126042000001965335200000000000000000001781191487112609004699000545621050464120161      
0022600300004842           26033100002982536926042000003061138100000000000000000001781298253692609004842000545661078601220001      
0022600300004875           26033100000556052926042000000570707000000000000000000001781055605292609004875000545671014654120841      
0022600300012351           26033100016811266626042000017254307400000000000000000001781000000002609012351000545741000000020571      
0022600300012448           26033100000822215026042000000843883400000000000000000001781082221502609012448000545751021668420161      
0022600100004016           26031600000564412626040100000576312100000000000000000001781056441262607504016000545871011899516841      
0022600100004007           26031600000912014226040100000931242200000000000000000001781091201422607504007000545791019228016371      
0022600100004015           26031600000847914926040100000865791600000000000000000001781084791492607504015000545861017876716421      
0022600100004011           26031600000141348926040100000144329000000000000000000001781014134892607504011000545831002980116841      
0022600100004012           26031600000141918326040100000144910400000000000000000001781014191832607504012000545841002992116571      
0022600100004005           26031600000517539626040100000528450900000000000000000001781051753962607504005000545781010911316631      
0022600100004017           26031600000477837026040100000487911200000000000000000001781047783702607504017000545881010074216901      
0022600100004008           26031600000452811326040100000462358000000000000000000001781045281132607504008000545801009546716211      
0022600100004018           26031600001393857126040100001423243900000000000000000001781139385712607504018000545891029386816001      
0022600100004009           26031600000241998826040100000247100900000000000000000001781024199882607504009000545811005102116001      
0022600100004010           26031600000338775026040100000345917400000000000000000001781033877502607504010000545821007142416001      
0022600100004013           26031600000416527026040100000425308700000000000000000001781041652702607504013000545851008781716841      
0022600100004014           26031600001078944026040100001101691400000000000000000001781107894402607504014000035061022747416791      
0022600100004019           26031600000603388826040100000616110000000000000000000001781060338882607504019000545901012721216161      
0022600100004940           26031600000990543226040100001011426800000000000000000001781099054322607504940000552821020883616901      
0022600100012655           26031600000035168326040100000035909800000000000000000001781003516832607512655000553881000741516421      
0022600100012663           26031600000692584526040100000707186300000000000000000001781069258452607512663000553891014601816781      
0022600100004004           26031600000199248526040100000203449300000000000000000001781019924852607504004000545771004200816901      
0022600100004020           26031600002415002226040100002465917800000000000000000001781241500222607504020000545911050915616841      
0022600100004021           26031600000460857226040100000470573500000000000000000001781046085722607504021000545921009716316901      
0022600100004022           26031600000216109726040100000220666000000000000000000001781021610972607504022000545931004556316361      
0022600100004024           26031600000070147826040100000071626800000000000000000001781007014782607504024000545941001479016211      
0022600100004025           26031600000359259526040100000366833700000000000000000001781035925952607504025000545951007574216841      
0022600100004026           26031600000896092626040100000914984900000000000000000001781089609262607504026000545961018892316421      
0022600100004027           26031600000817462726040100000834697300000000000000000001781081746272607504027000545971017234616421      
0022600100004028           26031600000155573926040100000158853800000000000000000001781015557392607504028000545981003279916581      
0022600100004029           26031600000689343426040100000703876800000000000000000001781068934342607504029000545991014533416161      
0022600100004030           26031600000991975226040100001012889100000000000000000001781099197522607504030000546001020913916901      
0022600100004033           26031600001839115126040100001877889200000000000000000001781183911512607504033000546011038774116841      
0022600100004034           26031600000176717726040100000180443400000000000000000001781017671772607504034000546021003725716371      
0022600100004035           26031600000328408126040100000335332000000000000000000001781032840812607504035000546031006923916421      
0022600100004036           26031600000566937026040100000578889700000000000000000001781056693702607504036000546041011952716421      
0022600100004037           26031600000095133326040100000097139000000000000000000001781009513332607504037000546051002005716841      
0022600100004038           26031600000812489326040100000829619000000000000000000001781081248932607504038000546061017129716841      
0022600100004039           26031600000130902626040100000133662400000000000000000001781013090262607504039000546071002759816791      
0022600100004040           26031600000429208526040100000438257500000000000000000001781042920852607504040000546081009049016151      
0022600100004041           26031600000130964826040100000133725900000000000000000001781013096482607504041000546091002761116151      
0022600100004042           26031600001936397526040100001977222700000000000000000001781193639752607504042000546101040825216841      
0022600100004043           26031600000406610026040100000415182600000000000000000001781040661002607504043000546111008572616571      
0022600100004044           26031600001161861626040100001186357200000000000000000001781116186162607504044000546121024495616631      
0022600100004046           26031600000719708226040100000734881800000000000000000001781071970822607504046000546131015173616421      
0022600100004047           26031600000191929426040100000195975900000000000000000001781019192942607504047000546141004046516571      
0022600100004048           26031600000730730226040100000746136200000000000000000001781073073022607504048000546151015406016631      
0022600100004049           26031600001243092126040100001269300200000000000000000001781124309212607504049000546161026208116901      
0022600100004051           26031600004468253026040100004562457300000000000000000001781446825302607504051000546171094204316841      
0022600100004052           26031600006318752026040100006451970500000000000000000001781631875202607504052000035071000000016211      
0022600100004053           26031600001140220426040100001164259700000000000000000001781114022042607504053000035081024039316211      
0022600100004054           26031600000267243426040100000272877600000000000000000001781026724342607504054000546181005634216211      
0022600100004056           26031600000049175726040100000050212400000000000000000001781004917572607504056000546191001036716631      
0022600100004057           26031600000703411126040100000718241100000000000000000001781070341112607504057000546201014830016371      
0022600100004058           26031600003636115726040100003712776100000000000000000001781363611572607504058000546211076660416581      
0022600100004059           26031600000068276926040100000069716400000000000000000001781006827692607504059000546221001439516151      
0022600100004060           26031600000110402126040100000112729700000000000000000001781011040212607504060000546231002327616361      
0022600100004061           26031600000369875926040100000377674000000000000000000001781036987592607504061000546241007798116631      
0022600100004063           26031600000355362226040100000362854300000000000000000001781035536222607504063000546251007492116371      
0022600100004064           26031600000621866126040100000634976900000000000000000001781062186612607504064000546261013110816361      
0022600100004066           26031600001231819426040100001257789900000000000000000001781123181942607504066000035091025970516371      
0022600100004067           26031600000254370726040100000259733700000000000000000001781025437072607504067000546271005363016841      
0022600100004068           26031600001229277326040100001255194200000000000000000001781122927732607504068000546281025916916841      
0022600100004069           26031600001011188026040100001032506900000000000000000001781101118802607504069000546291021318916571      
0022600100004070           26031600000327529426040100000334434700000000000000000001781032752942607504070000546301006905316371      
0022600100004071           26031600000200061726040100000204279600000000000000000001781020006172607504071000546311004217916001      
0022600100004072           26031600000042808826040100000043711300000000000000000001781004280882607504072000546321000902516571      
0022600100004073           26031600000150989926040100000154173200000000000000000001781015098992607504073000546331003183316161      
0022600100004074           26031600000359412126040100000366989600000000000000000001781035941212607504074000546341007577516421      
0022600100004075           26031600000325298026040100000332156300000000000000000001781032529802607504075000546351006858316001      
0022600100004076           26031600000593751726040100000606269800000000000000000001781059375172607504076000546361012518116421      
0022600100004077           26031600000620631626040100000633716400000000000000000001781062063162607504077000546371013084816631      
0022600100004078           26031600001692469026040100001728151400000000000000000001781169246902607504078000546381035682416421      
0022600100004079           26031600000462314426040100000472061400000000000000000001781046231442607504079000546391009747016901      
0022600100004081           26031600000035168326040100000035909800000000000000000001781003516832607504081000546401000741516211      
0022600100004083           26031600000111572726040100000113924900000000000000000001781011157272607504083000546411002352216421      
0022600100004084           26031600000035168326040100000035909800000000000000000001781003516832607504084000546421000741516901      
0022600100004088           26031600000536291726040100000547598300000000000000000001781053629172607504088000546431011306616901      
0022600100004089           26031600001779298326040100001816811300000000000000000001781177929832607504089000546441037513016841      
0022600100004092           26031600000581379826040100000593637100000000000000000001781058137982607504092000546451012257316421      
0022600100004093           26031600000277115726040100000282958200000000000000000001781027711572607504093000546461005842516211      
0022600100004094           26031600000275947126040100000281764900000000000000000001781027594712607504094000546471005817816991      
0022600100004095           26031600000426894026040100000435894200000000000000000001781042689402607504095000546481009000216001      
0022600100004097           26031600000338083926040100000345211800000000000000000001781033808392607504097000546491007127916211      
0022600100004098           26031600001318913126040100001346719700000000000000000001781131891312607504098000546501027806616781      
0022600100004099           26031600000622822726040100000635953700000000000000000001781062282272607504099000546511013131016841      
0022600100004101           26031600000231777326040100000236663900000000000000000001781023177732607504101000546521004886616841      
0022600100004103           26031600000287471526040100000293532300000000000000000001781028747152607504103000546531006060816781      
0022600100004104           26031600000507756026040100000518461000000000000000000001781050775602607504104000546541010705016211      
0022600100004105           26031600000393719826040100000402020600000000000000000001781039371982607504105000546551008300816791      
0022600100004106           26031600000191116226040100000195145500000000000000000001781019111622607504106000546561004029316161      
0022600100004110           26031600000645914726040100000659532500000000000000000001781064591472607504110000546571013617816991      
0022600100004111           26031600000101144626040100000103277000000000000000000001781010114462607504111000546581002132416581      
0022600100004112           26031600002722533026040100002779932300000000000000000001781272253302607504112000035101057399316991      
0022600100004113           26031600000727952726040100000743300100000000000000000001781072795272607504113000546591015347416151      
0022600100004115           26031600001686086926040100001721634800000000000000000001781168608692607504115000546601035547916211      
0022600100004116           26031600000268689126040100000274353800000000000000000001781026868912607504116000546611005664716211      
0022600100004117           26031600000371335226040100000379164000000000000000000001781037133522607504117000546621007828816151      
0022600100004118           26031600000402013426040100000410489100000000000000000001781040201342607504118000546631008475716151      
0022600100004119           26031600000051722626040100000052813100000000000000000001781005172262607504119000546641001090516581      
0022600100004120           26031600002145757426040100002190996500000000000000000001781214575742607504120000546651045239116211      
0022600100004121           26031600001266947126040100001293658200000000000000000001781126694712607504121000546661026711116001      
0022600100004122           26031600001032115526040100001053875700000000000000000001781103211552607504122000546671021760216421      
0022600100004123           26031600000904244026040100000923308200000000000000000001781090424402607504123000546681019064216211      
0022600100004124           26031600000804054726040100000821006600000000000000000001781080405472607504124000546691016951916211      
0022600100004125           26031600000748385926040100000764164200000000000000000001781074838592607504125000546701015778316841      
0022600100004126           26031600001076005126040100001098690500000000000000000001781107600512607504126000546711022685416151      
0022600100004127           26031600001265985626040100001292676400000000000000000001781126598562607504127000546721026690816421      
0022600100004128           26031600000258014626040100000263454300000000000000000001781025801462607504128000546731005439716901      
0022600100004129           26031600000094159326040100000096144400000000000000000001781009415932607504129000035111001985116001      
0022600100004130           26031600000320785926040100000327549100000000000000000001781032078592607504130000035121006763216631      
0022600100004131           26031600000604996826040100000617752000000000000000000001781060499682607504131000546741012755216841      
0022600100004132           26031600000797368626040100000814179600000000000000000001781079736862607504132000546751016811016581      
0022600100004134           26031600000219818426040100000224452800000000000000000001781021981842607504134000546761004634416161      
0022600100004135           26031600000035168326040100000035909800000000000000000001781003516832607504135000546771000741516361      
0022600100004136           26031600000305791126040100000312238100000000000000000001781030579112607504136000546781006447016151      
0022600100004137           26031600000614521026040100000627477000000000000000000001781061452102607504137000546791012956016421      
0022600100004140           26031600000568099126040100000580076400000000000000000001781056809912607504140000546801011977316001      
0022600100004141           26031600001063556126040100001085979100000000000000000001781106355612607504141000035131022423016371      
0022600100004142           26031600000104230526040100000106428000000000000000000001781010423052607504142000546811002197516841      
0022600100004143           26031600000736227526040100000751749400000000000000000001781073622752607504143000546821015521916421      
0022600100004146           26031600001585664326040100001619094900000000000000000001781158566432607504146000546831033430616841      
0022600100004147           26031600000106149826040100000108387800000000000000000001781010614982607504147000546841002238016631      
0022600100004151           26031600000069550226040100000071016500000000000000000001781006955022607504151000546851001466316211      
0022600100004152           26031600000664767526040100000678782800000000000000000001781066476752607504152000546861014015316211      
0022600100004154           26031600000511902826040100000522695300000000000000000001781051190282607504154000546871010792516901      
0022600100004155           26031600002469917926040100002521991200000000000000000001781246991792607504155000546881052073316631      
0022600100004156           26031600000522269826040100000533280800000000000000000001781052226982607504156000546891011011016001      
0022600100004157           26031600000512939526040100000523753900000000000000000001781051293952607504157000546901010814416571      
0022600100004158           26031600000157469626040100000160789600000000000000000001781015746962607504158000546911003320016211      
0022600100004162           26031600000859723426040100000877849000000000000000000001781085972342607504162000546921018125616001      
0022600100004165           26031600002250596026040100002298045400000000000000000001781225059602607504165000546931047449416161      
0022600100004167           26031600000417327926040100000426126400000000000000000001781041732792607504167000546941008798516421      
0022600100004168           26031600000280570726040100000286486000000000000000000001781028057072607504168000546951005915316581      
0022600100004169           26031600000384679226040100000392789500000000000000000001781038467922607504169000546961008110316581      
0022600100004171           26031600000285450226040100000291468400000000000000000001781028545022607504171000546971006018216631      
0022600100004172           26031600001978842726040100002020562800000000000000000001781197884272607504172000546981041720116571      
0022600100004173           26031600000655604726040100000669426900000000000000000001781065560472607504173000546991013822216631      
0022600100004174           26031600001337228326040100001365421200000000000000000001781133722832607504174000547001028192916901      
0022600100004175           26031600000291955926040100000298111200000000000000000001781029195592607504175000547011006155316841      
0022600100004176           26031600000239530826040100000244580900000000000000000001781023953082607504176000547021005050116841      
0022600100004177           26031600000062295226040100000063608500000000000000000001781006229522607504177000547031001313316211      
0022600100004178           26031600001057830926040100001080133100000000000000000001781105783092607504178000547041022302216581      
0022600100004179           26031600000828423126040100000845888700000000000000000001781082842312607504179000547051017465616841      
0022600100004180           26031600000268372426040100000274030500000000000000000001781026837242607504180000547061005658116211      
0022600100004181           26031600001010242626040100001031541600000000000000000001781101024262607504181000547071021299016421      
0022600100004183           26031600000557079826040100000568824800000000000000000001781055707982607504183000547081011745016991      
0022600100004184           26031600001214508026040100001240113500000000000000000001781121450802607504184000547091025605516421      
0022600100004185           26031600003197699126040100003265116300000000000000000001781319769912607504185000547101067417216361      
0022600100004186           26031600001362781126040100001391512700000000000000000001781136278112607504186000547111028731616571      
0022600100004187           26031600000125070826040100000127707600000000000000000001781012507082607504187000547121002636816571      
0022600100004188           26031600000632163626040100000645491500000000000000000001781063216362607504188000547131013327916211      
0022600100004189           26031600001669694226040100001704896500000000000000000001781166969422607504189000547141035202316841      
0022600100004190           26031600000033058226040100000033755200000000000000000001781003305822607504190000547151000697016421      
0022600100004191           26031600000723806226040100000739066200000000000000000001781072380622607504191000547161015260016841      
0022600100004192           26031600002146472126040100002191726200000000000000000001781214647212607504192000547171045254116581      
0022600100004193           26031600000760833926040100000776874600000000000000000001781076083392607504193000547181016040716581      
0022600100004194           26031600000460068226040100000469767800000000000000000001781046006822607504194000547191009699616211      
0022600100004195           26031600000636519726040100000649939400000000000000000001781063651972607504195000547201013419716001      
0022600100004196           26031600000488462126040100000498760400000000000000000001781048846212607504196000547211010298316211      
0022600100004197           26031600002422309226040100002473378800000000000000000001781242230922607504197000547221051069616841      
0022600100004199           26031600000542413926040100000553849600000000000000000001781054241392607504199000547231011435716151      
0022600100004200           26031600000264381626040100000269955600000000000000000001781026438162607504200000547241005574016361      
0022600100004201           26031600000545229826040100000556724900000000000000000001781054522982607504201000547251011495116161      
0022600100004202           26031600000844720426040100000862529700000000000000000001781084472042607504202000547261017809316001      
0022600100004203           26031600000482374726040100000492544600000000000000000001781048237472607504203000547271010169916211      
0022600100004204           26031600000682364126040100000696750400000000000000000001781068236412607504204000547281014386316151      
0022600100004205           26031600000387499626040100000395669300000000000000000001781038749962607504205000547291008169716571      
0022600100004206           26031600000455921426040100000465533600000000000000000001781045592142607504206000547301009612216781      
0022600100004207           26031600000568079226040100000580056000000000000000000001781056807922607504207000547311011976816211      
0022600100004208           26031600000839095326040100000856786000000000000000000001781083909532607504208000547321017690716211      
0022600100004209           26031600001056319226040100001078589600000000000000000001781105631922607504209000547331022270416631      
0022600100004210           26031600000652407726040100000666162500000000000000000001781065240772607504210000547341013754816151      
0022600100004211           26031600004419677926040100004512858200000000000000000001781441967792607504211000035141093180316841      
0022600100004212           26031600001867640426040100001907016000000000000000000001781186764042607504212000547351039375616631      
0022600100004213           26031600000913705326040100000932969000000000000000000001781091370532607504213000547361019263716571      
0022600100004214           26031600000678932526040100000693246400000000000000000001781067893252607504214000547371014313916901      
0022600100004216           26031600001202903926040100001228264800000000000000000001781120290392607504216000547381025360916631      
0022600100004217           26031600000186429926040100000190360500000000000000000001781018642992607504217000547391003930616001      
0022600100004219           26031600000144681326040100000147731600000000000000000001781014468132607504219000547401003050316421      
0022600100004220           26031600000038988526040100000039810500000000000000000001781003898852607504220000547411000822016421      
0022600100004221           26031600000761073926040100000777119700000000000000000001781076107392607504221000547421016045816631      
0022600100004222           26031600002615658326040100002670804300000000000000000001781261565832607504222000547431055146016581      
0022600100004223           26031600000250374226040100000255652800000000000000000001781025037422607504223000547441005278616001      
0022600100004226           26031600000160951426040100000164344700000000000000000001781016095142607504226000547451003393316001      
0022600100004227           26031600000534767226040100000546041700000000000000000001781053476722607504227000547461011274516631      
0022600100004228           26031600000110299326040100000112624800000000000000000001781011029932607504228000547471002325516151      
0022600100004229           26031600000218333326040100000222936400000000000000000001781021833332607504229000547481004603116211      
0022600100004232           26031600000773843526040100000790158400000000000000000001781077384352607504232000547491016314916421      
0022600100004233           26031600000337209726040100000344319100000000000000000001781033720972607504233000547501007109416781      
0022600100004234           26031600000058089626040100000059314400000000000000000001781005808962607504234000547511001224816791      
0022600100004235           26031600000035168326040100000035909800000000000000000001781003516832607504235000547521000741516371      
0022600100004236           26031600000640186026040100000653683100000000000000000001781064018602607504236000547531013497116841      
0022600100004237           26031600001192916126040100001218066400000000000000000001781119291612607504237000547541025150316421      
0022600100004238           26031600002420482426040100002471513500000000000000000001781242048242607504238000547551051031116901      
0022600100004239           26031600005673455026040100005793068700000000000000000001781567345502607504239000035151000000016421      
0022600100004240           26031600001445005626040100001475470700000000000000000001781144500562607504240000547561030465116421      
0022600100004241           26031600000313172926040100000319775500000000000000000001781031317292607504241000547571006602616841      
0022600100004243           26031600000285450226040100000291468400000000000000000001781028545022607504243000547581006018216631      
0022600100004244           26031600001386502226040100001415733900000000000000000001781138650222607504244000547591029231716211      
0022600100004246           26031600000462979626040100000472740700000000000000000001781046297962607504246000547601009761116991      
0022600100004247           26031600002781203526040100002839839700000000000000000001781278120352607504247000547611058636216841      
0022600100004249           26031600001397510626040100001426974300000000000000000001781139751062607504249000547621029463716421      
0022600100004252           26031600000467325026040100000477177700000000000000000001781046732502607504252000547631009852716631      
0022600100004254           26031600000219818426040100000224452800000000000000000001781021981842607504254000547641004634416001      
0022600100004255           26031600000495315726040100000505758500000000000000000001781049531572607504255000547651010442816631      
0022600100004256           26031600001229657026040100001255581900000000000000000001781122965702607504256000547661025924916581      
0022600100004257           26031600000079737626040100000081418700000000000000000001781007973762607504257000547671001681116991      
0022600100004258           26031600002480764726040100002533066700000000000000000001781248076472607504258000547681052302016001      
0022600100004261           26031600000926212726040100000945740000000000000000000001781092621272607504261000547691019527316631      
0022600100004262           26031600000751759926040100000767609300000000000000000001781075175992607504262000547701015849416841      
0022600100004263           26031600000534794326040100000546069400000000000000000001781053479432607504263000547711011275116361      
0022600100004264           26031600002183097426040100002229123700000000000000000001781218309742607504264000035161046026316581      
0022600100004265           26031600000051201526040100000052280900000000000000000001781005120152607504265000547721001079416151      
0022600100004266           26031600000489841526040100000500168900000000000000000001781048984152607504266000547731010327416211      
0022600100004267           26031600000365940426040100000373655500000000000000000001781036594042607504267000035171007715116361      
0022600100004269           26031600000598658926040100000611280400000000000000000001781059865892607504269000547741012621516841      
0022600100004270           26031600009574111726040100009775963100000000000000000001781957411172607504270000035181000000016841      
0022600100004271           26031600001052257626040100001074442300000000000000000001781105225762607504271000547751022184716631      
0022600100004272           26031600001913147726040100001953482700000000000000000001781191314772607504272000035191040335016211      
0022600100004274           26031600000733722826040100000749191900000000000000000001781073372282607504274000547761015469116371      
0022600100004275           26031600000380431826040100000388452400000000000000000001781038043182607504275000547771008020616151      
0022600100004276           26031600000758507526040100000774499100000000000000000001781075850752607504276000547781015991616631      
0022600100004277           26031600000181357526040100000185181100000000000000000001781018135752607504277000547791003823616631      
0022600100004278           26031600000771794326040100000788066000000000000000000001781077179432607504278000547801016271716991      
0022600100004279           26031600000352252026040100000359678500000000000000000001781035225202607504279000547811007426516421      
0022600100004280           26031600000226084826040100000230851400000000000000000001781022608482607504280000547821004766616991      
0022600100004281           26031600001585234026040100001618655500000000000000000001781158523402607504281000547831033421516211      
0022600100004282           26031600001413951126040100001443761500000000000000000001781141395112607504282000547841029810416571      
0022600100004283           26031600001029632526040100001051340300000000000000000001781102963252607504283000035201021707816371      
0022600100004284           26031600000957034526040100000977211700000000000000000001781095703452607504284000547851020177216361      
0022600100004285           26031600000434010726040100000443161000000000000000000001781043401072607504285000547861009150316421      
0022600100004286           26031600000975841926040100000996415700000000000000000001781097584192607504286000547871020573816211      
0022600100004287           26031600000177789926040100000181538200000000000000000001781017778992607504287000547881003748316631      
0022600100004288           26031600000384148726040100000392247700000000000000000001781038414872607504288000547891008099016901      
0022600100004289           26031600000047902426040100000048912400000000000000000001781004790242607504289000547901001010016371      
0022600100004290           26031600000437396526040100000446618200000000000000000001781043739652607504290000547911009221716571      
0022600100004291           26031600000046629026040100000047612100000000000000000001781004662902607504291000547921000983116991      
0022600100004292           26031600000555726026040100000567442400000000000000000001781055572602607504292000547931011716416001      
0022600100004293           26031600000517376526040100000528284400000000000000000001781051737652607504293000547941010907916991      
0022600100004294           26031600000891775126040100000910576400000000000000000001781089177512607504294000547951018801316001      
0022600100004296           26031600001022057126040100001043605100000000000000000001781102205712607504296000547961021548016161      
0022600100004297           26031600000402013426040100000410489100000000000000000001781040201342607504297000547971008475716211      
0022600100004298           26031600001164356826040100001188905000000000000000000001781116435682607504298000035211024548216001      
0022600100004299           26031600000035168326040100000035909800000000000000000001781003516832607504299000547981000741516371      
0022600100004300           26031600000703972726040100000718814600000000000000000001781070397272607504300000547991014841916631      
0022600100004302           26031600000368278626040100000376043000000000000000000001781036827862607504302000548001007764416581      
0022600100004303           26031600000189489826040100000193484900000000000000000001781018948982607504303000548011003995116371      
0022600100004304           26031600000642796226040100000656348300000000000000000001781064279622607504304000548021013552116361      
0022600100004306           26031600000365208926040100000372908600000000000000000001781036520892607504306000548031007699716001      
0022600100004307           26031600000108697326040100000110988900000000000000000001781010869732607504307000548041002291616991      
0022600100004308           26031600000445726426040100000455123600000000000000000001781044572642607504308000548051009397216571      
0022600100004309           26031600000648127026040100000661791500000000000000000001781064812702607504309000548061013664516631      
0022600100004310           26031600001101531526040100001124755200000000000000000001781110153152607504310000548071023223716211      
0022600100004311           26031600000529953326040100000541126300000000000000000001781052995332607504311000548081011173016631      
0022600100004312           26031600000188676526040100000192654400000000000000000001781018867652607504312000548091003977916841      
0022600100004313           26031600000506719426040100000517402600000000000000000001781050671942607504313000548101010683216781      
0022600100004314           26031600000040339326040100000041189800000000000000000001781004033932607504314000548111000850516421      
0022600100004315           26031600000525768426040100000536853200000000000000000001781052576842607504315000548121011084816901      
0022600100004316           26031600001203611526040100001228987300000000000000000001781120361152607504316000548131025375816371      
0022600100004318           26031600000732306226040100000747745400000000000000000001781073230622607504318000548141015439216571      
0022600100004319           26031600000289849726040100000295960600000000000000000001781028984972607504319000548151006110916371      
0022600100004320           26031600001863305726040100001902589800000000000000000001781186330572607504320000548161039284116631      
0022600100004321           26031600000523481026040100000534517500000000000000000001781052348102607504321000548171011036516371      
0022600100004322           26031600000511579726040100000522365400000000000000000001781051157972607504322000548181010785716631      
0022600100004323           26031600000999707226040100001020784100000000000000000001781099970722607504323000548191021076916211      
0022600100004324           26031600000335447026040100000342519200000000000000000001781033544702607504324000548201007072216371      
0022600100004325           26031600000167532626040100000171064700000000000000000001781016753262607504325000548211003532116001      
0022600100004326           26031600000519159726040100000530105100000000000000000001781051915972607504326000548221010945416161      
0022600100004327           26031600001479774826040100001510973000000000000000000001781147977482607504327000548231031198216211      
0022600100004328           26031600000614039626040100000626985400000000000000000001781061403962607504328000548241012945816901      
0022600100004329           26031600000810155826040100000827236400000000000000000001781081015582607504329000548251017080616901      
0022600100004330           26031600000901988126040100000921004700000000000000000001781090198812607504330000548261019016616371      
0022600100004331           26031600001447196326040100001477707500000000000000000001781144719632607504331000548271030511216161      
0022600100004338           26031600001112301426040100001135752000000000000000000001781111230142607504338000035221023450616421      
0022600100004344           26031600000292710326040100000298881500000000000000000001781029271032607504344000548281006171216631      
0022600100004345           26031600000135438526040100000138294000000000000000000001781013543852607504345000548291002855516631      
0022600100004346           26031600000091409026040100000093336200000000000000000001781009140902607504346000548301001927216421      
0022600100004347           26031600001282426226040100001309463700000000000000000001781128242622607504347000548311027037516161      
0022600100004348           26031600001168196026040100001192825100000000000000000001781116819602607504348000548321024629116991      
0022600100004349           26031600000806615526040100000823621400000000000000000001781080661552607504349000548331017005916371      
0022600100004350           26031600000594835426040100000607376300000000000000000001781059483542607504350000548341012540916211      
0022600100004351           26031600002311778226040100002360517500000000000000000001781231177822607504351000035231048739316001      
0022600100004352           26031600000123774926040100000126384500000000000000000001781012377492607504352000548351002609616631      
0022600100004353           26031600001140580426040100001164627300000000000000000001781114058042607504353000548361024046916571      
0022600100004354           26031600000895110326040100000913981900000000000000000001781089511032607504354000548371018871616781      
0022600100004355           26031600001466878526040100001497804800000000000000000001781146687852607504355000548381030926316211      
0022600100004356           26031600001806699326040100001844790000000000000000000001781180669932607504356000548391038090716841      
0022600100004357           26031600000346882226040100000354195600000000000000000001781034688222607504357000035241007313416581      
0022600100004358           26031600002131898926040100002176845800000000000000000001781213189892607504358000548401044946916791      
0022600100004359           26031600001688780926040100001724385500000000000000000001781168878092607504359000035251035604616361      
0022600100004361           26031600000307407126040100000313888200000000000000000001781030740712607504361000548411006481116001      
0022600100004365           26031600005155548826040100005264243500000000000000000001781515554882607504365000035261000000016421      
0022600100004367           26031600000179731026040100000183520200000000000000000001781017973102607504367000548421003789216211      
0022600100004368           26031600000146870926040100000149967400000000000000000001781014687092607504368000548431003096516421      
0022600100004369           26031600000594080926040100000606606000000000000000000001781059408092607504369000548441012525116421      
0022600100004370           26031600001907283026040100001947494300000000000000000001781190728302607504370000548451040211316571      
0022600100004372           26031600000045355526040100000046311800000000000000000001781004535552607504372000548461000956316361      
0022600100004374           26031600005028257526040100005134268500000000000000000001781502825752607504374000035271000000016571      
0022600100004375           26031600000806230526040100000823228300000000000000000001781080623052607504375000548471016997816421      
0022600100004376           26031600000228524526040100000233342500000000000000000001781022852452607504376000548481004818016631      
0022600100004377           26031600000981848826040100001002549100000000000000000001781098184882607504377000035281020700316211      
0022600100004379           26031600001154554626040100001178896200000000000000000001781115455462607504379000548491024341616161      
0022600100004384           26031600000941533426040100000961383800000000000000000001781094153342607504384000548501019850416361      
0022600100004386           26031600000324484826040100000331325900000000000000000001781032448482607504386000548511006841116151      
0022600100004387           26031600000120027826040100000122558400000000000000000001781012002782607504387000548521002530616371      
0022600100004388           26031600000911551026040100000930769300000000000000000001781091155102607504388000548531019218316581      
0022600100004389           26031600000935580526040100000955305400000000000000000001781093558052607504389000548541019724916421      
0022600100004397           26031600000403050026040100000411547500000000000000000001781040305002607504397000548551008497516991      
0022600100004400           26031600000216326126040100000220887000000000000000000001781021632612607504400000548561004560916151      
0022600100004401           26031600000460799226040100000470514300000000000000000001781046079922607504401000548571009715116371      
0022600100004403           26031600000144678226040100000147728500000000000000000001781014467822607504403000548581003050316001      
0022600100004404           26031600000354987726040100000362471900000000000000000001781035498772607504404000548591007484216211      
0022600100004405           26031600001234931126040100001260967200000000000000000001781123493112607504405000548601026036116631      
0022600100004406           26031600002005813526040100002048102200000000000000000001781200581352607504406000548611042288716211      
0022600100004407           26031600000209820326040100000214243900000000000000000001781020982032607504407000548621004423616571      
0022600100004408           26031600002628555226040100002683973100000000000000000001781262855522607504408000548631055417916791      
0022600100004410           26031600000160494526040100000163878300000000000000000001781016049452607504410000548641003383816371      
0022600100004411           26031600000354987726040100000362471900000000000000000001781035498772607504411000548651007484216001      
0022600100004412           26031600001056765126040100001079045000000000000000000001781105676512607504412000548661022279916841      
0022600100004413           26031600000469398426040100000479294700000000000000000001781046939842607504413000548671009896316161      
0022600100004414           26031600000975535126040100000996102300000000000000000001781097553512607504414000548681020567216361      
0022600100004415           26031600001134369426040100001158285400000000000000000001781113436942607504415000548691023916016001      
0022600100004416           26031600000580548626040100000592788400000000000000000001781058054862607504416000548701012239816211      
0022600100004417           26031600000101144626040100000103277000000000000000000001781010114462607504417000548711002132416001      
0022600100004419           26031600000035168326040100000035909800000000000000000001781003516832607504419000548721000741516001      
0022600100004420           26031600001372790326040100001401732900000000000000000001781137279032607504420000548731028942616421      
0022600100004421           26031600000590077926040100000602518500000000000000000001781059007792607504421000548741012440616361      
0022600100004424           26031600000165906326040100000169404200000000000000000001781016590632607504424000548751003497916001      
0022600100004425           26031600000430004026040100000439069800000000000000000001781043000402607504425000548761009065816421      
0022600100004426           26031600000658146326040100000672022000000000000000000001781065814632607504426000548771013875716781      
0022600100004428           26031600001587443126040100001620911200000000000000000001781158744312607504428000548781033468116791      
0022600100004429           26031600002945413626040100003007511900000000000000000001781294541362607504429000035291062098316901      
0022600100004431           26031600002925440526040100002987117700000000000000000001781292544052607504431000548791061677216421      
0022600100004432           26031600001299597526040100001326997000000000000000000001781129959752607504432000035301027399516371      
0022600100004436           26031600000154877726040100000158143000000000000000000001781015487772607504436000548801003265316791      
0022600100004437           26031600000670260826040100000684391900000000000000000001781067026082607504437000548811014131116841      
0022600100004438           26031600000035168326040100000035909800000000000000000001781003516832607504438000548821000741516211      
0022600100004439           26031600000197660026040100000201827200000000000000000001781019766002607504439000548831004167216151      
0022600100004440           26031600000352711026040100000360147200000000000000000001781035271102607504440000548841007436216581      
0022600100004441           26031600000191677426040100000195718600000000000000000001781019167742607504441000035311004041216361      
0022600100004442           26031600000421710526040100000430601500000000000000000001781042171052607504442000548851008891016211      
0022600100004443           26031600000756820726040100000772776700000000000000000001781075682072607504443000548861015956016991      
0022600100004445           26031600000539819526040100000551200500000000000000000001781053981952607504445000548871011381016781      
0022600100004447           26031600000058089626040100000059314400000000000000000001781005808962607504447000548881001224816151      
0022600100004451           26031600001508056326040100001539850700000000000000000001781150805632607504451000548891031794416901      
0022600100004453           26031600000311059326040100000317617400000000000000000001781031105932607504453000548901006558116001      
0022600100004454           26031600000191929426040100000195975900000000000000000001781019192942607504454000548911004046516791      
0022600100004455           26031600000825362626040100000842763700000000000000000001781082536262607504455000548921017401116211      
0022600100004456           26031600001049058326040100001071175600000000000000000001781104905832607504456000035321022117316001      
0022600100004458           26031600000389699126040100000397915100000000000000000001781038969912607504458000548931008216016421      
0022600100004459           26031600000591501426040100000603972000000000000000000001781059150142607504459000548941012470616151      
0022600100004461           26031600000318834026040100000325556000000000000000000001781031883402607504461000548951006722016901      
0022600100004464           26031600000108918726040100000111215000000000000000000001781010891872607504464000548961002296316421      
0022600100004468           26031600001516199126040100001548165200000000000000000001781151619912607504468000548971031966116161      
0022600100004471           26031600000290569026040100000296695100000000000000000001781029056902607504471000035331006126116211      
0022600100004472           26031600003572962026040100003648290900000000000000000001781357296202607504472000548981075328916571      
0022600100004473           26031600001675174326040100001710492000000000000000000001781167517432607504473000548991035317716361      
0022600100004475           26031600000995263926040100001016247100000000000000000001781099526392607504475000035341020983216901      
0022600100004476           26031600000059363026040100000060614500000000000000000001781005936302607504476000549001001251516991      
0022600100004477           26031600000322858426040100000329665300000000000000000001781032285842607504477000549011006806916581      
0022600100004479           26031600000623553026040100000636699400000000000000000001781062355302607504479000549021013146416781      
0022600100004480           26031600000214718726040100000219245700000000000000000001781021471872607504480000549031004527016361      
0022600100004481           26031600002263673826040100002311399000000000000000000001781226367382607504481000549041047725216151      
0022600100004482           26031600001141767626040100001165839600000000000000000001781114176762607504482000549051024072016211      
0022600100004483           26031600000056938726040100000058139100000000000000000001781005693872607504483000549061001200416371      
0022600100004484           26031600001514421526040100001546350100000000000000000001781151442152607504484000549071031928616001      
0022600100004486           26031600001193770226040100001218938600000000000000000001781119377022607504486000549081025168416581      
0022600100004487           26031600000269642926040100000275327800000000000000000001781026964292607504487000549091005684916901      
0022600100004488           26031600000331518226040100000338507600000000000000000001781033151822607504488000549101006989416371      
0022600100004489           26031600000033058226040100000033755200000000000000000001781003305822607504489000549111000697016421      
0022600100004494           26031600000800680926040100000817561700000000000000000001781080068092607504494000549121016880816841      
0022600100004495           26031600001360476626040100001389159500000000000000000001781136047662607504495000549131028682916001      
0022600100004496           26031600000204127726040100000208431300000000000000000001781020412772607504496000549141004303616151      
0022600100004497           26031600000446068826040100000455473300000000000000000001781044606882607504497000549151009404516421      
0022600100004498           26031600001879768626040100001919399900000000000000000001781187976862607504498000549161039631316361      
0022600100004499           26031600000958543326040100000978752400000000000000000001781095854332607504499000549171020209116421      
0022600100004500           26031600000858575626040100000876677000000000000000000001781085857562607504500000549181018101416781      
0022600100004501           26031600000761881426040100000777944200000000000000000001781076188142607504501000549191016062816001      
0022600100004502           26031600001007924826040100001029174900000000000000000001781100792482607504502000549201021250116991      
0022600100004503           26031600000596562226040100000609139500000000000000000001781059656222607504503000549211012577316211      
0022600100004504           26031600000954669726040100000974797100000000000000000001781095466972607504504000549221020127416991      
0022600100004505           26031600000169972426040100000173555900000000000000000001781016997242607504505000549231003583516781      
0022600100004506           26031600000438297626040100000447538200000000000000000001781043829762607504506000549241009240616001      
0022600100004507           26031600000217952526040100000222547600000000000000000001781021795252607504507000549251004595116371      
0022600100004509           26031600001393857126040100001423243900000000000000000001781139385712607504509000549261029386816781      
0022600100004510           26031600000398718226040100000407124400000000000000000001781039871822607504510000549271008406216361      
0022600100004511           26031600003174983626040100003241921900000000000000000001781317498362607504511000549281066938316631      
0022600100004512           26031600000090038826040100000091937000000000000000000001781009003882607504512000035351001898216371      
0022600100004515           26031600000035168326040100000035909800000000000000000001781003516832607504515000549291000741516991      
0022600100004516           26031600000599396626040100000612033700000000000000000001781059939662607504516000549301012637116901      
0022600100004517           26031600000626742426040100000639956100000000000000000001781062674242607504517000549311013213716571      
0022600100004518           26031600000070376826040100000071860500000000000000000001781007037682607504518000549321001483716361      
0022600100004520           26031600000090850026040100000092765400000000000000000001781009085002607504520000549331001915416151      
0022600100004521           26031600001351842126040100001380343000000000000000000001781135184212607504521000549341028500916421      
0022600100004522           26031600000924541926040100000944034000000000000000000001781092454192607504522000549351019492116001      
0022600100004524           26031600001337180326040100001365372100000000000000000001781133718032607504524000549361028191816991      
0022600100004525           26031600000514478126040100000525324900000000000000000001781051447812607504525000549371010846816631      
0022600100004526           26031600000081008426040100000082716300000000000000000001781008100842607504526000549381001707916781      
0022600100004527           26031600001163853926040100001188391500000000000000000001781116385392607504527000549391024537616151      
0022600100004528           26031600000396168026040100000404520400000000000000000001781039616802607504528000549401008352416421      
0022600100004529           26031600000172031526040100000175658500000000000000000001781017203152607504529000549411003627016211      
0022600100004530           26031600000443557226040100000452908700000000000000000001781044355722607504530000549421009351516841      
0022600100004531           26031600000304276126040100000310691200000000000000000001781030427612607504531000549431006415116211      
0022600100004532           26031600001720842726040100001757123300000000000000000001781172084272607504532000549441036280616841      
0022600100004533           26031600000361530926040100000369153100000000000000000001781036153092607504533000549451007622216161      
0022600100004534           26031600000257800626040100000263235800000000000000000001781025780062607504534000549461005435216991      
0022600100004535           26031600000402246926040100000410727400000000000000000001781040224692607504535000549471008480516371      
0022600100004536           26031600000809923526040100000826999100000000000000000001781080992352607504536000549481017075616791      
0022600100004537           26031600000749306326040100000765103900000000000000000001781074930632607504537000549491015797616001      
0022600100004538           26031600001047631426040100001069718600000000000000000001781104763142607504538000549501022087216161      
0022600100004539           26031600001536639026040100001569036000000000000000000001781153663902607504539000549511032397016421      
0022600100004540           26031600000368719226040100000376493000000000000000000001781036871922607504540000549521007773816371      
0022600100004541           26031600000686611726040100000701087500000000000000000001781068661172607504541000549531014475816371      
0022600100004542           26031600001969230826040100002010748200000000000000000001781196923082607504542000549541041517416001      
0022600100004543           26031600001525382126040100001557541800000000000000000001781152538212607504543000549551032159716001      
0022600100004544           26031600000357213626040100000364744800000000000000000001781035721362607504544000549561007531216991      
0022600100004545           26031600000226084826040100000230851400000000000000000001781022608482607504545000549571004766616001      
0022600100004546           26031600000766942326040100000783111800000000000000000001781076694232607504546000549581016169516781      
0022600100004547           26031600000871855626040100000890237000000000000000000001781087185562607504547000549591018381416991      
0022600100004548           26031600001766786726040100001804035900000000000000000001781176678672607504548000549601037249216901      
0022600100004549           26031600000107106126040100000109364200000000000000000001781010710612607504549000549611002258116421      
0022600100004550           26031600002088707526040100002132743800000000000000000001781208870752607504550000549621044036316421      
0022600100004551           26031600001351842126040100001380343000000000000000000001781135184212607504551000549631028500916001      
0022600100004552           26031600001458263426040100001489008000000000000000000001781145826342607504552000549641030744616361      
0022600100004553           26031600001121228726040100001144867600000000000000000001781112122872607504553000549651023638916361      
0022600100004554           26031600000394258026040100000402570200000000000000000001781039425802607504554000549661008312216991      
0022600100004555           26031600000106555126040100000108801600000000000000000001781010655512607504555000549671002246516421      
0022600100004556           26031600000633449326040100000646804300000000000000000001781063344932607504556000549681013355016361      
0022600100004557           26031600000574524826040100000586637500000000000000000001781057452482607504557000549691012112716151      
0022600100004558           26031600000935298526040100000955017400000000000000000001781093529852607504558000549701019718916571      
0022600100004559           26031600000140622226040100000143586900000000000000000001781014062222607504559000549711002964716901      
0022600100004560           26031600000318792326040100000325513400000000000000000001781031879232607504560000549721006721116841      
0022600100004561           26031600001619399626040100001653541400000000000000000001781161939962607504561000549731034141816781      
0022600100004562           26031600001576481626040100001609718600000000000000000001781157648162607504562000549741033237016841      
0022600100004564           26031600001188317026040100001213370300000000000000000001781118831702607504564000549751025053316211      
0022600100004565           26031600001645643626040100001680338800000000000000000001781164564362607504565000549761034695216151      
0022600100004566           26031600000297648526040100000303923800000000000000000001781029764852607504566000549771006275316631      
0022600100004567           26031600001166141326040100001190727000000000000000000001781116614132607504567000549781024585716781      
0022600100004568           26031600000627342926040100000640569200000000000000000001781062734292607504568000549791013226316361      
0022600100004569           26031600000155070726040100000158340100000000000000000001781015507072607504569000549801003269416211      
0022600100004570           26031600000605255326040100000618016000000000000000000001781060525532607504570000035361012760716421      
0022600100004571           26031600000360364526040100000367962100000000000000000001781036036452607504571000549811007597616781      
0022600100004573           26031600000209625126040100000214044600000000000000000001781020962512607504573000549821004419516571      
0022600100004574           26031600001281123426040100001308133400000000000000000001781128112342607504574000549831027010016361      
0022600100004575           26031600000037715126040100000038510200000000000000000001781003771512607504575000549841000795116781      
0022600100004576           26031600000572446726040100000584515600000000000000000001781057244672607504576000549851012068916901      
0022600100004577           26031600000665722526040100000679757900000000000000000001781066572252607504577000549861014035416781      
0022600100004578           26031600001768337826040100001805619700000000000000000001781176833782607504578000549871037281916841      
0022600100004580           26031600000230150826040100000235003000000000000000000001781023015082607504580000549881004852216211      
0022600100004581           26031600000033058226040100000033755200000000000000000001781003305822607504581000549891000697016901      
0022600100004582           26031600000963732826040100000984051200000000000000000001781096373282607504582000549901020318416161      
0022600100004583           26031600000307240326040100000313717900000000000000000001781030724032607504583000549911006477616361      
0022600100004584           26031600000593188326040100000605694500000000000000000001781059318832607504584000549921012506216571      
0022600100004585           26031600000537237326040100000548563900000000000000000001781053723732607504585000549931011326616841      
0022600100004586           26031600000372455026040100000380307500000000000000000001781037245502607504586000549941007852516571      
0022600100004587           26031600000242496626040100000247609200000000000000000001781024249662607504587000035371005112616791      
0022600100004588           26031600000102605526040100000104768700000000000000000001781010260552607504588000549951002163216631      
0022600100004589           26031600000359477726040100000367056500000000000000000001781035947772607504589000549961007578816581      
0022600100004590           26031600002504512326040100002557315000000000000000000001781250451232607504590000549971052802716841      
0022600100004591           26031600000403809926040100000412323500000000000000000001781040380992607504591000549981008513616371      
0022600100004592           26031600000247827326040100000253052200000000000000000001781024782732607504592000549991005224916571      
0022600100004593           26031600001148020126040100001172223900000000000000000001781114802012607504593000550001024203816421      
0022600100004594           26031600000469886226040100000479792800000000000000000001781046988622607504594000550011009906616581      
0022600100004596           26031600000139326426040100000142263800000000000000000001781013932642607504596000550021002937416571      
0022600100004597           26031600000758209626040100000774194900000000000000000001781075820962607504597000550031015985316161      
0022600100004598           26031600000128496626040100000131205700000000000000000001781012849662607504598000035381002709116001      
0022600100004599           26031600000093320026040100000095287500000000000000000001781009332002607504599000550041001967516631      
0022600100004601           26031600000968616926040100000989038300000000000000000001781096861692607504601000550051020421416371      
0022600100004602           26031600000273777626040100000279549700000000000000000001781027377762607504602000550061005772116001      
0022600100004603           26031600000884157426040100000902798200000000000000000001781088415742607504603000550071018640816841      
0022600100004604           26031600001279061026040100001306027500000000000000000001781127906102607504604000550081026966516841      
0022600100004605           26031600000360545626040100000368146900000000000000000001781036054562607504605000550091007601316371      
0022600100004606           26031600000330966526040100000337944300000000000000000001781033096652607504606000550101006977816371      
0022600100004607           26031600000234034126040100000238968200000000000000000001781023403412607504607000550111004934116421      
0022600100004608           26031600002360200126040100002409960300000000000000000001781236020012607504608000550121049760216001      
0022600100004610           26031600000993754126040100001014705500000000000000000001781099375412607504610000550131020951416841      
0022600100004611           26031600001321641826040100001349506000000000000000000001781132164182607504611000550141027864216581      
0022600100004613           26031600000637031326040100000650461800000000000000000001781063703132607504613000550151013430516361      
0022600100004614           26031600000675847926040100000690096900000000000000000001781067584792607504614000550161014249016581      
0022600100004615           26031600003762288926040100003841609400000000000000000001781376228892607504615000550171079320516991      
0022600100004616           26031600000358472226040100000366029900000000000000000001781035847222607504616000550181007557716421      
0022600100004617           26031600001374617026040100001403598100000000000000000001781137461702607504617000550191028981116371      
0022600100004618           26031600000203258126040100000207543400000000000000000001781020325812607504618000550201004285316161      
0022600100004619           26031600001069329426040100001091874100000000000000000001781106932942607504619000550211022544716631      
0022600100004620           26031600004371526626040100004463691700000000000000000001781437152662607504620000035391092165116371      
0022600100004621           26031600002429530126040100002480751900000000000000000001781242953012607504621000550221051221816371      
0022600100004622           26031600000797875726040100000814697400000000000000000001781079787572607504622000035401016821716841      
0022600100004623           26031600001115220626040100001138732800000000000000000001781111522062607504623000550231023512216421      
0022600100004624           26031600001803045926040100001841059600000000000000000001781180304592607504624000550241038013716631      
0022600100004625           26031600000715165626040100000730243400000000000000000001781071516562607504625000550251015077816781      
0022600100004626           26031600000135813426040100000138676700000000000000000001781013581342607504626000550261002863316001      
0022600100004627           26031600000853095426040100000871081200000000000000000001781085309542607504627000550271017985816001      
0022600100004629           26031600000299881126040100000306203500000000000000000001781029988112607504629000550281006322416901      
0022600100004630           26031600000347068626040100000354385800000000000000000001781034706862607504630000550291007317216791      
0022600100004631           26031600000207768126040100000212148500000000000000000001781020776812607504631000550301004380416421      
0022600100004632           26031600000047404526040100000048404000000000000000000001781004740452607504632000550311000999516001      
0022600100004633           26031600001121991826040100001145646800000000000000000001781112199182607504633000035411023655016631      
0022600100004634           26031600000035168326040100000035909800000000000000000001781003516832607504634000550321000741516571      
0022600100004637           26031600000090038826040100000091937000000000000000000001781009003882607504637000035421001898216371      
0022600100004638           26031600000731516626040100000746939100000000000000000001781073151662607504638000550331015422516781      
0022600100004639           26031600000593799826040100000606318900000000000000000001781059379982607504639000550341012519116421      
0022600100004640           26031600001392030326040100001421378500000000000000000001781139203032607504640000550351029348216211      
0022600100004641           26031600000321231926040100000328004400000000000000000001781032123192607504641000550361006772516631      
0022600100004642           26031600000092024126040100000093964200000000000000000001781009202412607504642000550371001940116781      
0022600100004643           26031600000573321426040100000585408800000000000000000001781057332142607504643000550381012087416631      
0022600100004645           26031600001514180826040100001546104400000000000000000001781151418082607504645000550391031923616991      
0022600100004646           26031600000302643526040100000309024200000000000000000001781030264352607504646000550401006380716631      
0022600100004647           26031600000122950026040100000125542200000000000000000001781012295002607504647000550411002592216571      
0022600100004648           26031600001951628426040100001992774700000000000000000001781195162842607504648000550421041146316361      
0022600100004650           26031600000771794326040100000788066000000000000000000001781077179432607504650000550431016271716631      
0022600100004651           26031600011512412826040100011755129500000000000000000001781000000002607504651000035431000000016841      
0022600100004652           26031600000427399526040100000436410400000000000000000001781042739952607504652000550441009010916991      
0022600100004654           26031600000447752426040100000457192300000000000000000001781044775242607504654000550451009439916781      
0022600100004655           26031600002604632426040100002659546000000000000000000001781260463242607504655000035441054913616571      
0022600100004657           26031600000270748626040100000276456800000000000000000001781027074862607504657000550461005708216901      
0022600100004658           26031600000292748226040100000298920200000000000000000001781029274822607504658000550471006172016161      
0022600100004659           26031600000090038826040100000091937000000000000000000001781009003882607504659000035451001898216001      
0022600100004660           26031600001205703326040100001231123200000000000000000001781120570332607504660000550481025419916211      
0022600100004664           26031600000808329126040100000825371100000000000000000001781080832912607504664000550491017042016161      
0022600100004665           26031600000282197226040100000288146800000000000000000001781028219722607504665000550501005949616901      
0022600100004666           26031600001832628526040100001871265900000000000000000001781183262852607504666000550511038637416371      
0022600100004667           26031600000348205626040100000355546800000000000000000001781034820562607504667000550521007341216421      
0022600100004668           26031600001066915326040100001089409100000000000000000001781106691532607504668000550531022493816781      
0022600100004669           26031600001770679326040100001808010600000000000000000001781177067932607504669000550541037331316901      
0022600100004670           26031600000235030326040100000239985500000000000000000001781023503032607504670000550551004955216211      
0022600100004671           26031600000594311726040100000606841600000000000000000001781059431172607504671000550561012529916841      
0022600100004672           26031600001196521726040100001221748000000000000000000001781119652172607504672000550571025226316631      
0022600100004673           26031600001694085026040100001729801400000000000000000001781169408502607504673000550581035716416631      
0022600100004674           26031600000491169026040100000501524300000000000000000001781049116902607504674000550591010355316421      
0022600100004675           26031600001151851026040100001176135600000000000000000001781115185102607504675000550601024284616581      
0022600100004676           26031600001078685926040100001101427900000000000000000001781107868592607504676000550611022742016151      
0022600100004677           26031600001588749126040100001622244800000000000000000001781158874912607504677000035461033495716631      
0022600100004678           26031600001086965526040100001109882100000000000000000001781108696552607504678000550621022916616991      
0022600100004679           26031600000350716826040100000358111000000000000000000001781035071682607504679000550631007394216631      
0022600100004681           26031600000233403926040100000238324700000000000000000001781023340392607504681000550641004920816211      
0022600100004682           26031600000151048426040100000154233000000000000000000001781015104842607504682000550651003184616901      
0022600100004683           26031600000705846026040100000720727400000000000000000001781070584602607504683000550661014881416781      
0022600100004684           26031600000467263626040100000477114900000000000000000001781046726362607504684000550671009851316841      
0022600100004685           26031600000812907226040100000830045800000000000000000001781081290722607504685000550681017138616841      
0022600100004686           26031600001229403026040100001255322500000000000000000001781122940302607504686000550691025919516211      
0022600100004687           26031600000516049626040100000526929400000000000000000001781051604962607504687000550701010879816631      
0022600100004690           26031600000645889026040100000659506300000000000000000001781064588902607504690000550711013617316001      
0022600100004691           26031600000427930626040100000436952700000000000000000001781042793062607504691000550721009022116581      
0022600100004694           26031600001158160326040100001182577900000000000000000001781115816032607504694000550731024417616841      
0022600100004695           26031600001467781726040100001498727000000000000000000001781146778172607504695000550741030945316901      
0022600100004696           26031600000627789926040100000641025600000000000000000001781062778992607504696000550751013235716841      
0022600100004697           26031600002462497426040100002514414400000000000000000001781246249742607504697000550761051917016901      
0022600100004700           26031600000337070826040100000344177300000000000000000001781033707082607504700000550771007106516421      
0022600100004701           26031600000035168326040100000035909800000000000000000001781003516832607504701000550781000741516791      
0022600100004702           26031600000308689526040100000315197600000000000000000001781030868952607504702000550791006508116841      
0022600100004703           26031600001359937926040100001388609600000000000000000001781135993792607504703000550801028671716361      
0022600100004704           26031600000543259426040100000554713000000000000000000001781054325942607504704000550811011453616001      
0022600100004705           26031600000238376226040100000243401900000000000000000001781023837622607504705000035471005025716361      
0022600100004706           26031600000321231926040100000328004400000000000000000001781032123192607504706000550821006772516631      
0022600100004707           26031600000285450226040100000291468400000000000000000001781028545022607504707000550831006018216581      
0022600100004708           26031600000174415826040100000178093000000000000000000001781017441582607504708000550841003677216581      
0022600100004709           26031600000580982726040100000593231500000000000000000001781058098272607504709000550851012248816151      
0022600100004710           26031600000378425226040100000386403600000000000000000001781037842522607504710000550861007978416901      
0022600100004711           26031600000223645126040100000228360200000000000000000001781022364512607504711000550871004715116151      
0022600100004712           26031600000336224726040100000343313400000000000000000001781033622472607504712000550881007088716001      
0022600100004715           26031600000112111426040100000114475000000000000000000001781011211142607504715000550891002363616991      
0022600100004716           26031600000475252526040100000485272300000000000000000001781047525252607504716000035481010019816991      
0022600100004717           26031600001012164826040100001033504400000000000000000001781101216482607504717000035491021339616571      
0022600100004718           26031600000274065026040100000279843100000000000000000001781027406502607504718000550901005778116001      
0022600100004720           26031600000437260926040100000446479600000000000000000001781043726092607504720000550911009218716781      
0022600100004721           26031600000424626826040100000433579200000000000000000001781042462682607504721000550921008952416991      
0022600100004723           26031600000684223526040100000698649000000000000000000001781068422352607504723000550931014425516631      
0022600100004724           26031600001229450826040100001255371400000000000000000001781122945082607504724000550941025920616421      
0022600100004725           26031600000275161726040100000280962900000000000000000001781027516172607504725000550951005801216841      
0022600100004726           26031600000921586626040100000941016400000000000000000001781092158662607504726000550961019429816791      
0022600100004727           26031600000282023426040100000287969300000000000000000001781028202342607504727000550971005945916571      
0022600100004728           26031600000395099626040100000403429500000000000000000001781039509962607504728000550981008329916581      
0022600100004729           26031600000033058226040100000033755200000000000000000001781003305822607504729000550991000697016781      
0022600100004730           26031600000611632826040100000624527900000000000000000001781061163282607504730000551001012895116901      
0022600100004731           26031600001438213326040100001468535200000000000000000001781143821332607504731000551011030321916001      
0022600100004732           26031600001861805826040100001901058300000000000000000001781186180582607504732000551021039252516001      
0022600100004733           26031600000291820726040100000297973200000000000000000001781029182072607504733000551031006152516421      
0022600100004734           26031600000060931026040100000062215700000000000000000001781006093102607504734000551041001284716421      
0022600100004735           26031600000035168326040100000035909800000000000000000001781003516832607504735000551051000741516421      
0022600100004736           26031600000315842026040100000322500900000000000000000001781031584202607504736000551061006658916791      
0022600100004737           26031600000427057226040100000436060800000000000000000001781042705722607504737000551071009003616161      
0022600100004738           26031600000404086726040100000412606100000000000000000001781040408672607504738000551081008519416781      
0022600100004739           26031600000205804926040100000210143800000000000000000001781020580492607504739000551091004338916581      
0022600100004740           26031600000827199926040100000844639800000000000000000001781082719992607504740000551101017439916991      
0022600100004741           26031600000495227326040100000505668100000000000000000001781049522732607504741000551111010440816581      
0022600100004742           26031600000632622226040100000645959800000000000000000001781063262222607504742000551121013337616571      
0022600100004743           26031600000456548726040100000466174100000000000000000001781045654872607504743000551131009625416161      
0022600100004745           26031600000798993926040100000815839200000000000000000001781079899392607504745000551141016845316841      
0022600100004746           26031600000285450226040100000291468400000000000000000001781028545022607504746000551151006018216781      
0022600100004748           26031600000084831226040100000086619700000000000000000001781008483122607504748000551161001788516161      
0022600100004749           26031600001107913626040100001131271800000000000000000001781110791362607504749000551171023358216841      
0022600100004750           26031600000371476726040100000379308500000000000000000001781037147672607504750000551181007831816371      
0022600100004751           26031600004227591526040100004316722000000000000000000001781422759152607504751000551191089130516211      
0022600100004752           26031600001596597826040100001630258900000000000000000001781159659782607504752000551201033661116571      
0022600100004753           26031600000453611026040100000463174500000000000000000001781045361102607504753000551211009563516991      
0022600100004754           26031600000401222226040100000409681200000000000000000001781040122222607504754000551221008459016791      
0022600100004755           26031600000645601026040100000659212300000000000000000001781064560102607504755000035501013611316001      
0022600100004756           26031600000167602626040100000171136200000000000000000001781016760262607504756000551231003533616211      
0022600100004757           26031600000899581926040100000918547800000000000000000001781089958192607504757000551241018965916211      
0022600100004758           26031600001084166126040100001107023600000000000000000001781108416612607504758000551251022857516371      
0022600100004759           26031600000870438126040100000888789600000000000000000001781087043812607504759000551261018351516631      
0022600100004760           26031600000543696826040100000555159600000000000000000001781054369682607504760000551271011462816901      
0022600100004761           26031600000646296926040100000659922800000000000000000001781064629692607504761000551281013625916991      
0022600100004762           26031600000339951626040100000347118800000000000000000001781033995162607504762000551291007167216901      
0022600100004763           26031600000334968626040100000342030800000000000000000001781033496862607504763000551301007062216841      
0022600100004764           26031600000405123426040100000413664700000000000000000001781040512342607504764000551311008541316161      
0022600100004765           26031600001284572926040100001311655600000000000000000001781128457292607504765000551321027082716211      
0022600100004766           26031600000360101326040100000367693300000000000000000001781036010132607504766000551331007592016841      
0022600100004767           26031600001381831126040100001410964300000000000000000001781138183112607504767000551341029133216161      
0022600100004768           26031600000266598526040100000272219200000000000000000001781026659852607504768000551351005620716631      
0022600100004769           26031600001144448426040100001168576900000000000000000001781114444842607504769000551361024128516211      
0022600100004770           26031600001227091226040100001252962000000000000000000001781122709122607504770000551371025870816211      
0022600100004771           26031600000708363026040100000723297400000000000000000001781070836302607504771000551381014934416841      
0022600100004772           26031600000287651226040100000293715700000000000000000001781028765122607504772000551391006064516211      
0022600100004773           26031600000226898026040100000231681700000000000000000001781022689802607504773000551401004783716161      
0022600100004774           26031600002611665226040100002666727100000000000000000001781261166522607504774000551411055061916991      
0022600100004775           26031600000273037926040100000278794400000000000000000001781027303792607504775000551421005756516571      
0022600100004776           26031600000438177026040100000447415100000000000000000001781043817702607504776000551431009238116781      
0022600100004779           26031600000901896726040100000920911400000000000000000001781090189672607504779000551441019014716841      
0022600100004780           26031600000712843926040100000727872800000000000000000001781071284392607504780000035511015028916421      
0022600100004781           26031600001098049026040100001121199200000000000000000001781109804902607504781000551451023150216631      
0022600100004783           26031600000192177026040100000196228700000000000000000001781019217702607504783000551461004051716361      
0022600100004784           26031600000779637626040100000796074700000000000000000001781077963762607504784000551471016437116001      
0022600100004785           26031600000395916926040100000404264100000000000000000001781039591692607504785000551481008347216841      
0022600100004786           26031600000080360426040100000082054600000000000000000001781008036042607504786000551491001694216581      
0022600100004787           26031600001037643626040100001059520300000000000000000001781103764362607504787000551501021876716361      
0022600100004788           26031600000599936026040100000612584500000000000000000001781059993602607504788000551511012648516781      
0022600100004789           26031600000504758626040100000515400400000000000000000001781050475862607504789000551521010641816001      
0022600100004790           26031600000255734626040100000261126200000000000000000001781025573462607504790000551531005391616151      
0022600100004792           26031600000287889726040100000293959300000000000000000001781028788972607504792000551541006069616791      
0022600100004793           26031600002558374326040100002612312600000000000000000001781255837432607504793000551551053938316001      
0022600100004794           26031600000160676726040100000164064200000000000000000001781016067672607504794000551561003387516421      
0022600100004795           26031600001523507326040100001555627500000000000000000001781152350732607504795000551571032120216161      
0022600100004796           26031600000652972426040100000666739100000000000000000001781065297242607504796000551581013766716151      
0022600100004797           26031600000233074126040100000237988000000000000000000001781023307412607504797000551591004913916421      
0022600100004798           26031600000666996126040100000681058400000000000000000001781066699612607504798000551601014062316581      
0022600100004799           26031600000834828126040100000852428800000000000000000001781083482812607504799000551611017600716211      
0022600100004800           26031600000086161626040100000087978200000000000000000001781008616162607504800000551621001816616631      
0022600100004801           26031600000463834326040100000473613300000000000000000001781046383432607504801000551631009779016841      
0022600100004802           26031600000848405226040100000866292100000000000000000001781084840522607504802000551641017886916421      
0022600100004803           26031600001692469026040100001728151400000000000000000001781169246902607504803000551651035682416791      
0022600100004804           26031600002900913926040100002962074000000000000000000001781290091392607504804000551661061160116631      
0022600100004805           26031600003221334626040100003289250100000000000000000001781322133462607504805000551671067915516901      
0022600100004806           26031600000506918526040100000517605800000000000000000001781050691852607504806000551681010687316631      
0022600100004807           26031600000407587926040100000416181100000000000000000001781040758792607504807000551691008593216421      
0022600100004808           26031600001806655026040100001844744800000000000000000001781180665502607504808000551701038089816151      
0022600100004809           26031600000353805726040100000361265000000000000000000001781035380572607504809000551711007459316781      
0022600100004810           26031600001000297926040100001021387200000000000000000001781100029792607504810000551721021089316581      
0022600100004811           26031600001071378926040100001093966800000000000000000001781107137892607504811000551731022587916791      
0022600100004812           26031600004312018526040100004402928900000000000000000001781431201852607504812000551741090910416581      
0022600100004813           26031600000055642526040100000056815600000000000000000001781005564252607504813000551751001173116421      
0022600100004815           26031600000597500426040100000610097500000000000000000001781059750042607504815000551761012597116571      
0022600100004816           26031600002193967226040100002240222700000000000000000001781219396722607504816000551771046255516901      
0022600100004817           26031600000417510226040100000426312600000000000000000001781041751022607504817000035521008802416001      
0022600100004818           26031600000945488426040100000965422200000000000000000001781094548842607504818000551781019933816841      
0022600100004819           26031600003191364926040100003258648500000000000000000001781319136492607504819000551791067283616841      
0022600100004820           26031600000842135026040100000859889800000000000000000001781084213502607504820000551801017754816211      
0022600100004821           26031600000283823726040100000289807500000000000000000001781028382372607504821000551811005983816361      
0022600100004823           26031600000326080126040100000332954800000000000000000001781032608012607504823000551821006874716791      
0022600100004825           26031600001287954326040100001315108300000000000000000001781128795432607504825000551831027154016211      
0022600100004826           26031600001012923426040100001034278900000000000000000001781101292342607504826000551841021355516161      
0022600100004827           26031600001012069426040100001033406900000000000000000001781101206942607504827000551851021337516781      
0022600100004828           26031600000324484826040100000331325900000000000000000001781032448482607504828000551861006841116371      
0022600100004829           26031600000496352426040100000506817000000000000000000001781049635242607504829000551871010464616841      
0022600100004830           26031600000352252026040100000359678500000000000000000001781035225202607504830000551881007426516631      
0022600100004831           26031600000035168326040100000035909800000000000000000001781003516832607504831000551891000741516421      
0022600100004832           26031600001414584926040100001444408600000000000000000001781141458492607504832000551901029823716001      
0022600100004833           26031600000716722826040100000731833500000000000000000001781071672282607504833000551911015110716781      
0022600100004834           26031600000581379826040100000593637100000000000000000001781058137982607504834000551921012257316161      
0022600100004835           26031600000189250626040100000193240600000000000000000001781018925062607504835000551931003990016211      
0022600100004839           26031600000841167126040100000858901500000000000000000001781084116712607504839000551941017734416791      
0022600100004841           26031600001368234926040100001397081400000000000000000001781136823492607504841000551951028846516151      
0022600100004843           26031600001243653326040100001269873300000000000000000001781124365332607504843000551961026220016901      
0022600100004844           26031600000131243626040100000134010600000000000000000001781013124362607504844000035531002767016841      
0022600100004845           26031600000033706226040100000034416800000000000000000001781003370622607504845000551971000710616571      
0022600100004846           26031600000306080026040100000312533100000000000000000001781030608002607504846000551981006453116581      
0022600100004847           26031600000546750326040100000558277500000000000000000001781054675032607504847000551991011527216791      
0022600100004848           26031600000686015126040100000700478400000000000000000001781068601512607504848000552001014463316791      
0022600100004849           26031600000619409526040100000632468500000000000000000001781061940952607504849000552011013059016161      
0022600100004850           26031600000604514926040100000617260000000000000000000001781060451492607504850000552021012745116791      
0022600100004851           26031600000314062626040100000320684000000000000000000001781031406262607504851000552031006621416631      
0022600100004852           26031600000403050026040100000411547500000000000000000001781040305002607504852000552041008497516841      
0022600100004853           26031600000760639726040100000776676300000000000000000001781076063972607504853000552051016036616991      
0022600100004854           26031600000608370726040100000621197100000000000000000001781060837072607504854000552061012826416151      
0022600100004855           26031600000397238726040100000405613700000000000000000001781039723872607504855000552071008375016781      
0022600100004856           26031600000625239926040100000638421900000000000000000001781062523992607504856000552081013182016161      
0022600100004858           26031600000563317326040100000575193700000000000000000001781056331732607504858000552091011876416841      
0022600100004859           26031600001587311626040100001620776900000000000000000001781158731162607504859000552101033465316211      
0022600100004860           26031600002973010726040100003035690800000000000000000001781297301072607504860000552111062680116421      
0022600100004861           26031600000568377526040100000580360600000000000000000001781056837752607504861000552121011983116791      
0022600100004862           26031600000653629826040100000667410200000000000000000001781065362982607504862000552131013780416211      
0022600100004863           26031600001813033626040100001851257900000000000000000001781181303362607504863000552141038224316571      
0022600100004864           26031600001356349726040100001384945600000000000000000001781135634972607504864000552151028595916581      
0022600100004865           26031600000132846526040100000135647300000000000000000001781013284652607504865000552161002800816421      
0022600100004866           26031600000969686726040100000990130600000000000000000001781096968672607504866000552171020443916001      
0022600100004867           26031600000798293426040100000815123900000000000000000001781079829342607504867000552181016830516151      
0022600100004868           26031600001179156326040100001204016500000000000000000001781117915632607504868000552191024860216991      
0022600100004869           26031600000838834826040100000856520000000000000000000001781083883482607504869000552201017685216901      
0022600100004870           26031600001176822626040100001201633700000000000000000001781117682262607504870000552211024811116631      
0022600100004871           26031600000287446126040100000293506400000000000000000001781028744612607504871000552221006060316001      
0022600100004872           26031600000379241726040100000387237300000000000000000001781037924172607504872000552231007995616001      
0022600100004873           26031600000282034226040100000287980400000000000000000001781028203422607504873000552241005946216781      
0022600100004874           26031600000182306426040100000186150000000000000000000001781018230642607504874000552251003843616631      
0022600100004876           26031600000381807426040100000389857000000000000000000001781038180742607504876000552261008049616001      
0022600100004877           26031600001098470826040100001121630000000000000000000001781109847082607504877000552271023159216001      
0022600100004878           26031600000273295526040100000279057400000000000000000001781027329552607504878000552281005761916211      
0022600100004879           26031600000102306826040100000104463700000000000000000001781010230682607504879000552291002156916631      
0022600100004880           26031600000178104626040100000181859600000000000000000001781017810462607504880000552301003755016421      
0022600100004881           26031600000662352526040100000676316900000000000000000001781066235252607504881000552311013964416421      
0022600100004882           26031600000900209826040100000919189000000000000000000001781090020982607504882000552321018979216631      
0022600100004883           26031600000065150826040100000066524400000000000000000001781006515082607504883000552331001373616791      
0022600100004884           26031600000098997026040100000101084100000000000000000001781009899702607504884000552341002087116841      
0022600100004886           26031600000336224726040100000343313400000000000000000001781033622472607504886000552351007088716151      
0022600100004888           26031600000119659526040100000122182200000000000000000001781011965952607504888000552361002522716361      
0022600100004889           26031600001075955426040100001098639800000000000000000001781107595542607504889000035541022684416901      
0022600100004890           26031600001738298226040100001774946800000000000000000001781173829822607504890000552371036648616161      
0022600100004891           26031600000688509626040100000703025500000000000000000001781068850962607504891000552381014515916371      
0022600100004892           26031600001092397926040100001115428900000000000000000001781109239792607504892000552391023031016901      
0022600100004893           26031600000377099126040100000385049500000000000000000001781037709912607504893000035551007950416631      
0022600100004894           26031600000385456126040100000393582700000000000000000001781038545612607504894000552401008126616841      
0022600100004895           26031600000319828126040100000326571100000000000000000001781031982812607504895000552411006743016361      
0022600100004896           26031600000219229326040100000223851400000000000000000001781021922932607504896000552421004622116161      
0022600100004897           26031600000739951426040100000755551800000000000000000001781073995142607504897000552431015600416151      
0022600100004898           26031600000663118126040100000677098700000000000000000001781066311812607504898000552441013980616901      
0022600100004899           26031600000757126326040100000773088900000000000000000001781075712632607504899000552451015962616421      
0022600100004900           26031600002755977326040100002814081600000000000000000001781275597732607504900000035561058104316161      
0022600100004901           26031600000487769926040100000498053600000000000000000001781048776992607504901000552461010283716991      
0022600100004902           26031600000558298926040100000570069500000000000000000001781055829892607504902000552471011770616421      
0022600100004903           26031600001525334126040100001557492800000000000000000001781152533412607504903000552481032158716791      
0022600100004905           26031600000060636526040100000061914900000000000000000001781006063652607504905000552491001278416571      
0022600100004906           26031600000173225326040100000176877400000000000000000001781017322532607504906000552501003652116791      
0022600100004907           26031600000205804926040100000210143800000000000000000001781020580492607504907000552511004338916001      
0022600100004908           26031600000399939926040100000408371900000000000000000001781039993992607504908000552521008432016001      
0022600100004909           26031600000690913326040100000705479900000000000000000001781069091332607504909000552531014566616631      
0022600100004910           26031600001439811226040100001470166800000000000000000001781143981122607504910000552541030355616371      
0022600100004911           26031600000984004526040100001004750300000000000000000001781098400452607504911000552551020745816001      
0022600100004912           26031600006525451226040100006663027600000000000000000001781652545122607504912000552561000000016571      
0022600100004913           26031600000464854926040100000474655400000000000000000001781046485492607504913000552571009800516781      
0022600100004914           26031600000187556926040100000191511200000000000000000001781018755692607504914000035571003954316571      
0022600100004915           26031600000674895826040100000689124700000000000000000001781067489582607504915000552581014228916361      
0022600100004916           26031600000444524126040100000453896000000000000000000001781044452412607504916000552591009371916631      
0022600100004917           26031600000467489226040100000477345300000000000000000001781046748922607504917000552601009856116001      
0022600100004918           26031600000801022126040100000817910100000000000000000001781080102212607504918000552611016888016371      
0022600100004919           26031600000488058926040100000498348600000000000000000001781048805892607504919000552621010289716371      
0022600100004920           26031600000491600626040100000501965000000000000000000001781049160062607504920000552631010364416161      
0022600100004921           26031600001745749026040100001782554700000000000000000001781174574902607504921000552641036805716581      
0022600100004922           26031600001124994326040100001148712600000000000000000001781112499432607504922000552651023718316571      
0022600100004923           26031600001198982526040100001224260700000000000000000001781119898252607504923000552661025278216001      
0022600100004924           26031600000444941326040100000454322100000000000000000001781044494132607504924000552671009380816781      
0022600100004925           26031600000202853126040100000207129800000000000000000001781020285312607504925000552681004276716781      
0022600100004926           26031600000668149526040100000682236100000000000000000001781066814952607504926000552691014086616901      
0022600100004927           26031600000569548326040100000581556100000000000000000001781056954832607504927000552701012007816991      
0022600100004928           26031600000117943126040100000120429700000000000000000001781011794312607504928000552711002486616151      
0022600100004929           26031600000249116226040100000254368300000000000000000001781024911622607504929000552721005252116421      
0022600100004930           26031600000446068826040100000455473300000000000000000001781044606882607504930000552731009404516631      
0022600100004931           26031600000442665126040100000451997800000000000000000001781044266512607504931000552741009332716211      
0022600100004932           26031600000318792326040100000325513400000000000000000001781031879232607504932000552751006721116421      
0022600100004933           26031600000046123626040100000047096100000000000000000001781004612362607504933000552761000972516361      
0022600100004934           26031600000209007126040100000213413600000000000000000001781020900712607504934000552771004406516161      
0022600100004936           26031600000376802726040100000384746800000000000000000001781037680272607504936000552781007944116571      
0022600100004937           26031600001214559026040100001240165600000000000000000001781121455902607504937000552791025606616781      
0022600100004938           26031600007132617426040100007282994600000000000000000001781713261742607504938000552801000000016361      
0022600100004939           26031600000370912526040100000378732500000000000000000001781037091252607504939000552811007820016211      
0022600100004941           26031600000253363926040100000258705600000000000000000001781025336392607504941000552831005341716581      
0022600100004942           26031600000320418726040100000327174100000000000000000001781032041872607504942000552841006755416361      
0022600100004943           26031600000484861226040100000495083500000000000000000001781048486122607504943000552851010222316421      
0022600100004944           26031600000088750226040100000090621300000000000000000001781008875022607504944000552861001871116991      
0022600100004945           26031600000423520926040100000432450000000000000000000001781042352092607504945000552871008929116841      
0022600100004946           26031600000362694326040100000370341000000000000000000001781036269432607504946000552881007646716371      
0022600100004947           26031600000302930426040100000309317100000000000000000001781030293042607504947000035581006386716791      
0022600100004948           26031600000878279726040100000896796500000000000000000001781087827972607504948000552891018516816991      
0022600100004949           26031600001043977926040100001065988200000000000000000001781104397792607504949000552901022010316151      
0022600100004950           26031600000033058226040100000033755200000000000000000001781003305822607504950000552911000697016991      
0022600100004951           26031600000264240726040100000269811700000000000000000001781026424072607504951000552921005571016211      
0022600100004952           26031600003077297026040100003142175700000000000000000001781307729702607504952000552931064878716421      
0022600100004953           26031600000565287026040100000577205000000000000000000001781056528702607504953000035591011918016161      
0022600100004954           26031600000874905926040100000893351600000000000000000001781087490592607504954000552941018445716001      
0022600100012012           26031600000972453626040100000992955800000000000000000001781097245362607512012000035601020502216781      
0022600100012025           26031600000398926026040100000407336600000000000000000001781039892602607512025000552951008410616161      
0022600100012039           26031600000220923326040100000225581100000000000000000001781022092332607512039000552961004657816781      
0022600100012046           26031600000480507326040100000490637900000000000000000001781048050732607512046000552971010130616001      
0022600100012051           26031600002243289126040100002290584500000000000000000001781224328912607512051000552981047295416841      
0022600100012053           26031600000035168326040100000035909800000000000000000001781003516832607512053000552991000741516211      
0022600100012058           26031600000702046826040100000716848100000000000000000001781070204682607512058000553001014801316361      
0022600100012060           26031600000051201526040100000052280900000000000000000001781005120152607512060000553011001079416841      
0022600100012061           26031600003407794326040100003479641000000000000000000001781340779432607512061000035611071846716841      
0022600100012062           26031600000467183326040100000477032900000000000000000001781046718332607512062000553021009849616211      
0022600100012068           26031600001188658526040100001213719100000000000000000001781118865852607512068000553031025060616841      
0022600100012077           26031600000280936026040100000286859000000000000000000001781028093602607512077000553041005923016421      
0022600100012078           26031600000118882126040100000121388500000000000000000001781011888212607512078000035621002506416791      
0022600100012079           26031600004333826126040100004425196300000000000000000001781433382612607512079000553051091370216001      
0022600100012080           26031600001032163426040100001053924500000000000000000001781103216342607512080000553061021761116631      
0022600100012093           26031600000035168326040100000035909800000000000000000001781003516832607512093000553071000741516001      
0022600100012098           26031600000704429626040100000719281100000000000000000001781070442962607512098000553081014851516631      
0022600100012106           26031600000620389026040100000633468700000000000000000001781062038902607512106000553091013079716571      
0022600100012108           26031600000041743926040100000042623900000000000000000001781004174392607512108000553101000880016001      
0022600100012110           26031600000120486626040100000123026900000000000000000001781012048662607512110000553111002540316361      
0022600100012111           26031600000494769026040100000505200300000000000000000001781049476902607512111000553121010431316991      
0022600100012126           26031600000072097126040100000073617100000000000000000001781007209712607512126000553131001520016361      
0022600100012127           26031600000311900326040100000318476200000000000000000001781031190032607512127000035631006575916571      
0022600100012137           26031600000441407726040100000450713900000000000000000001781044140772607512137000553141009306216151      
0022600100012138           26031600000265130426040100000270720100000000000000000001781026513042607512138000553151005589716151      
0022600100012143           26031600000101144626040100000103277000000000000000000001781010114462607512143000553161002132416901      
0022600100012167           26031600016172893326040100016513867100000000000000000001781000000002607512167000035641000000016151      
0022600100012170           26031600000453954226040100000463524900000000000000000001781045395422607512170000553171009570716791      
0022600100012179           26031600000147228126040100000150332100000000000000000001781014722812607512179000553181003104016421      
0022600100012180           26031600000341549626040100000348750600000000000000000001781034154962607512180000553191007201016001      
0022600100012182           26031600000036441726040100000037210100000000000000000001781003644172607512182000553201000768416421      
0022600100012183           26031600000035168326040100000035909800000000000000000001781003516832607512183000553211000741516901      
0022600100012184           26031600013083529326040100013359369900000000000000000001781000000002607512184000035651000000016781      
0022600100012185           26031600000035168326040100000035909800000000000000000001781003516832607512185000553221000741516421      
0022600100012186           26031600001747707526040100001784554500000000000000000001781174770752607512186000553231036847016841      
0022600100012197           26031600003252278326040100003320846200000000000000000001781325227832607512197000035661068567916151      
0022600100012198           26031600000168876126040100000172436500000000000000000001781016887612607512198000553241003560416781      
0022600100012199           26031600000125749626040100000128400800000000000000000001781012574962607512199000035671002651216001      
0022600100012209           26031600000033058226040100000033755200000000000000000001781003305822607512209000553251000697016001      
0022600100012226           26031600000382316126040100000390376500000000000000000001781038231612607512226000553261008060416901      
0022600100012233           26031600006117937826040100006246922500000000000000000001781611793782607512233000553271000000016361      
0022600100012265           26031600000035355226040100000036100600000000000000000001781003535522607512265000553281000745416001      
0022600100012266           26031600002466102926040100002518095900000000000000000001781246610292607512266000553291051993016161      
0022600100012270           26031600000534767226040100000546041700000000000000000001781053476722607512270000553301011274516901      
0022600100012272           26031600000184461626040100000188350700000000000000000001781018446162607512272000553311003889116901      
0022600100012283           26031600001209356726040100001234853600000000000000000001781120935672607512283000553321025496916421      
0022600100012289           26031600000768564926040100000784768600000000000000000001781076856492607512289000553331016203716631      
0022600100012295           26031600000308689526040100000315197600000000000000000001781030868952607512295000553341006508116791      
0022600100012296           26031600000060921126040100000062205500000000000000000001781006092112607512296000553351001284416361      
0022600100012302           26031600000347068626040100000354385800000000000000000001781034706862607512302000553361007317216371      
0022600100012308           26031600001910823326040100001951109300000000000000000001781191082332607512308000553371040286016421      
0022600100012317           26031600000334520826040100000341573500000000000000000001781033452082607512317000035681007052716841      
0022600100012320           26031600000135364126040100000138218000000000000000000001781013536412607512320000035691002853916781      
0022600100012325           26031600000386947226040100000395105300000000000000000001781038694722607512325000553381008158116151      
0022600100012332           26031600000039050926040100000039874200000000000000000001781003905092607512332000553391000823316901      
0022600100012336           26031600000126853626040100000129528100000000000000000001781012685362607512336000553401002674516151      
0022600100012342           26031600000047996426040100000049008300000000000000000001781004799642607512342000553411001011916421      
0022600100012347           26031600000213445326040100000217945400000000000000000001781021344532607512347000553421004500116581      
0022600100012348           26031600000658671026040100000672557800000000000000000001781065867102607512348000553431013886816151      
0022600100012354           26031600000181610126040100000185439000000000000000000001781018161012607512354000553441003828916371      
0022600100012355           26031600001697095226040100001732875100000000000000000001781169709522607512355000553451035779916991      
0022600100012362           26031600000053015126040100000054132800000000000000000001781005301512607512362000553461001117716001      
0022600100012363           26031600005230747526040100005341027500000000000000000001781523074752607512363000035701000000016631      
0022600100012364           26031600000145806126040100000148880100000000000000000001781014580612607512364000553471003074016571      
0022600100012365           26031600000290111426040100000296227800000000000000000001781029011142607512365000553481006116416371      
0022600100012366           26031600000455528626040100000465132500000000000000000001781045552862607512366000553491009603916841      
0022600100012367           26031600000286263326040100000292298700000000000000000001781028626332607512367000553501006035416151      
0022600100012371           26031600000591300126040100000603766500000000000000000001781059130012607512371000553511012466416211      
0022600100012372           26031600000221085726040100000225746900000000000000000001781022108572607512372000553521004661216361      
0022600100012376           26031600001435316826040100001465577700000000000000000001781143531682607512376000035711030260916791      
0022600100012390           26031600000374037926040100000381923700000000000000000001781037403792607512390000035721007885816571      
0022600100012435           26031600000211446826040100000215904700000000000000000001781021144682607512435000553531004457916991      
0022600100012436           26031600000258013026040100000263452700000000000000000001781025801302607512436000553541005439716991      
0022600100012437           26031600000278141826040100000284005800000000000000000001781027814182607512437000553551005864016631      
0022600100012438           26031600000064456626040100000065815600000000000000000001781006445662607512438000553561001359016151      
0022600100012445           26031600000596893926040100000609478300000000000000000001781059689392607512445000553571012584416631      
0022600100012474           26031600000261834826040100000267355100000000000000000001781026183482607512474000553581005520316001      
0022600100012482           26031600000035168326040100000035909800000000000000000001781003516832607512482000553591000741516421      
0022600100012491           26031600000263493126040100000269048300000000000000000001781026349312607512491000553601005555216901      
0022600100012498           26031600000046629026040100000047612100000000000000000001781004662902607512498000553611000983116631      
0022600100012506           26031600000265204126040100000270795400000000000000000001781026520412607512506000553621005591316791      
0022600100012510           26031600000101144626040100000103277000000000000000000001781010114462607512510000553631002132416371      
0022600100012513           26031600002922273126040100002983883500000000000000000001781292227312607512513000553641061610416001      
0022600100012517           26031600000245280526040100000250451800000000000000000001781024528052607512517000553651005171316211      
0022600100012518           26031600000275842226040100000281657800000000000000000001781027584222607512518000553661005815616781      
0022600100012519           26031600000097464426040100000099519200000000000000000001781009746442607512519000553671002054816421      
0022600100012520           26031600001128980426040100001152782800000000000000000001781112898042607512520000553681023802416211      
0022600100012525           26031600000056816226040100000058014100000000000000000001781005681622607512525000553691001197916001      
0022600100012558           26031600000036441726040100000037210100000000000000000001781003644172607512558000553701000768416631      
0022600100012559           26031600000101796126040100000103942300000000000000000001781010179612607512559000035731002146216421      
0022600100012563           26031600000324484826040100000331325900000000000000000001781032448482607512563000553711006841116571      
0022600100012564           26031600000463178226040100000472943400000000000000000001781046317822607512564000553721009765216841      
0022600100012570           26031600000038988526040100000039810500000000000000000001781003898852607512570000553731000822016991      
0022600100012571           26031600000046704726040100000047689400000000000000000001781004670472607512571000553741000984716631      
0022600100012580           26031600000212318026040100000216794300000000000000000001781021231802607512580000553751004476316421      
0022600100012586           26031600000035168326040100000035909800000000000000000001781003516832607512586000553761000741516841      
0022600100012599           26031600000177942426040100000181694000000000000000000001781017794242607512599000035741003751616841      
0022600100012603           26031600000333437226040100000340467100000000000000000001781033343722607512603000553771007029916151      
0022600100012604           26031600000163058726040100000166496400000000000000000001781016305872607512604000553781003437716991      
0022600100012605           26031600000091198226040100000093120900000000000000000001781009119822607512605000553791001922716791      
0022600100012626           26031600000812489326040100000829619000000000000000000001781081248932607512626000553801017129716791      
0022600100012627           26031600000036298026040100000037063300000000000000000001781003629802607512627000553811000765316781      
0022600100012628           26031600000135767426040100000138629800000000000000000001781013576742607512628000553821002862416151      
0022600100012629           26031600000074643826040100000076217500000000000000000001781007464382607512629000553831001573716991      
0022600100012635           26031600000035168326040100000035909800000000000000000001781003516832607512635000553841000741516991      
0022600100012638           26031600000727067026040100000742395800000000000000000001781072706702607512638000553851015328816371      
0022600100012643           26031600000035168326040100000035909800000000000000000001781003516832607512643000553861000741516371      
0022600100012654           26031600000728119226040100000743470100000000000000000001781072811922607512654000553871015350916841      
0022600100012664           26031600000503803226040100000514424900000000000000000001781050380322607512664000553901010621716781      
0022600100012665           26031600000598249126040100000610862000000000000000000001781059824912607512665000553911012612916791      
0022600100012666           26031600000827931726040100000845387000000000000000000001781082793172607512666000553921017455316631      
0022600100012672           26031600000287303026040100000293360300000000000000000001781028730302607512672000553931006057316421      
0022600100012673           26031600000036441726040100000037210100000000000000000001781003644172607512673000553941000768416631      
0022600100012677           26031600002885761526040100002946602100000000000000000001781288576152607512677000553951060840616211      
0022600100012680           26031600004979676826040100005084663500000000000000000001781497967682607512680000553961000000016001      
0022600100012683           26031600000144854826040100000147908800000000000000000001781014485482607512683000553971003054016211      
0022600100012691           26031600000847914926040100000865791600000000000000000001781084791492607512691000553981017876716571      
0012600300002166           26033100000830035026042000000851909600000000000000000001781083003502609002166000387831021874620421      
0012600300002208           26033100017561853826042000018024675400000000000000000001781000000002609002208000387841000000020631      
0012600300002213           26033100004019441426042000004125368900000000000000000001781401944142609002213000387851000000020791      
0012600300002214           26033100002703794426042000002775049600000000000000000001781270379442609002214000387861071255220841      
0012600300002215           26033100003521360526042000003614161700000000000000000001781352136052609002215000387871092801220161      
0012600300002216           26033100008591287526042000008817700500000000000000000001781859128752609002216000387881000000020901      
0012600300002223           26033100000250855626042000000257466600000000000000000001781025085562609002223000387891006611020001      
0012600300002495           26033100001189295126042000001220637500000000000000000001781118929512609002495000387901031342420581      
0012600300002502           26033100000996374626042000001022632800000000000000000001781099637462609002502000387911026258220901      
0012600300002664           26033100001831843426042000001880119400000000000000000001781183184342609002664000387921048276020001      
0012600300002677           26033100001018127826042000001044959300000000000000000001781101812782609002677000387931026831520211      
0012600300002692           26033100003889972326042000003992487900000000000000000001781388997232609002692000387941000000020001      
0012600300002765           26033100003216973926042000003301753400000000000000000001781321697392609002765000387951084779520421      
0012600300002938           26033100001276056226042000001309685100000000000000000001781127605622609002938000387961033628920781      
0012600300002939           26033100000403139926042000000413764200000000000000000001781040313992609002939000387971010624320371      
0012600300003002           26033100001720439226042000001765779400000000000000000001781172043922609003002000387981045340220581      
0012600300003045           26033100010795969926042000011080484700000000000000000001781000000002609003045000387991000000020791      
0012600300012032           26033100001148645926042000001178917100000000000000000001781114864592609012032000388001030271220841      
0012600300012054           26033100000527963126042000000541876900000000000000000001781052796312609012054000388011013913820841      
0012600300012192           26033100001773267826042000001820000200000000000000000001781177326782609012192000388021046732420781      
0012600300012447           26033100000700218926042000000718672400000000000000000001781070021892609012447000388031018453520571      
0012600300012512           26033100002885651726042000002961699600000000000000000001781288565172609012512000388041076047920151      
0012600300012619           26033100000230884126042000000236968800000000000000000001781023088412609012619000388051006084720421      
0012600100002011           26031600000125691026040100000128340900000000000000000001781012569102607502011000388131002649916151      
0012600100002014           26031600001858374226040100001897554400000000000000000001781185837422607502014000388141039180216211      
0012600100002006           26031600012453565626040100012716124600000000000000000001781000000002607502006000173551000000016991      
0012600100002007           26031600001197944926040100001223201200000000000000000001781119794492607502007000388111025256316151      
0012600100002004           26031600000108182726040100000110463600000000000000000001781010818272607502004000388091002280916791      
0012600100002005           26031600000417211726040100000426007800000000000000000001781041721172607502005000388101008796116571      
0012600100002017           26031600000298257726040100000304545800000000000000000001781029825772607502017000388151006288116161      
0012600100002009           26031600000624204326040100000637364400000000000000000001781062420432607502009000388121013160116581      
0012600100000498           26031600000289052526040100000295146700000000000000000001781028905252607500498000388061006094216901      
0012600100000502           26031600000087980926040100000089835800000000000000000001781008798092607500502000388071001854916841      
0012600100000531           26031600001320408426040100001348246600000000000000000001781132040842607500531000388081027838216791      
0012600100002020           26031600001920868726040100001961366400000000000000000001781192086872607502020000173561040497716421      
0012600100012344           26031600000110758026040100000113093100000000000000000001781011075802607512344000393301002335116581      
0012600100012353           26031600000726649126040100000741969000000000000000000001781072664912607512353000393311015319916421      
0012600100012359           26031600002534671426040100002588110000000000000000000001781253467142607512359000393321053438616781      
0012600100012553           26031600000446226726040100000455634600000000000000000001781044622672607512553000393421009407916211      
0012600100012554           26031600000900144426040100000919122200000000000000000001781090014442607512554000393431018977816361      
0012600100002022           26031600001116141426040100001139673000000000000000000001781111614142607502022000388161023531616571      
0012600100002023           26031600000364495026040100000372179700000000000000000001781036449502607502023000388171007684716151      
0012600100002025           26031600000878664026040100000897188900000000000000000001781087866402607502025000388181018524916781      
0012600100002026           26031600000578526826040100000590724000000000000000000001781057852682607502026000388191012197216631      
0012600100002027           26031600002173714226040100002219542700000000000000000001781217371422607502027000388201045828516631      
0012600100002028           26031600000177822726040100000181571800000000000000000001781017782272607502028000388211003749116421      
0012600100002030           26031600000409863426040100000418504600000000000000000001781040986342607502030000388221008641216151      
0012600100002031           26031600000358655026040100000366216500000000000000000001781035865502607502031000388231007561516901      
0012600100002034           26031600001180095526040100001204975500000000000000000001781118009552607502034000388241024880016001      
0012600100002035           26031600000135118526040100000137967200000000000000000001781013511852607502035000388251002848716421      
0012600100002036           26031600000597767026040100000610369800000000000000000001781059776702607502036000388261012602816901      
0012600100002037           26031600000997525926040100001018556800000000000000000001781099752592607502037000388271021030916151      
0012600100002038           26031600001738164126040100001774809900000000000000000001781173816412607502038000173571036645816211      
0012600100002039           26031600000087980926040100000089835800000000000000000001781008798092607502039000388281001854916001      
0012600100002041           26031600000224006526040100000228729300000000000000000001781022400652607502041000388291004722816151      
0012600100002042           26031600000087980926040100000089835800000000000000000001781008798092607502042000388301001854916631      
0012600100002043           26031600000489960126040100000500290000000000000000000001781048996012607502043000388311010329916421      
0012600100002044           26031600000087980926040100000089835800000000000000000001781008798092607502044000388321001854916211      
0012600100002045           26031600000516810326040100000527706200000000000000000001781051681032607502045000388331010895916791      
0012600100002047           26031600000109529526040100000111838700000000000000000001781010952952607502047000388341002309216371      
0012600100002048           26031600001752756426040100001789709800000000000000000001781175275642607502048000173581036953416991      
0012600100002049           26031600000918289326040100000937649700000000000000000001781091828932607502049000388351019360416631      
0012600100002050           26031600000096144726040100000098171700000000000000000001781009614472607502050000173591002027016841      
0012600100002051           26031600000361496826040100000369118200000000000000000001781036149682607502051000388361007621416001      
0012600100002052           26031600000449840926040100000459324900000000000000000001781044984092607502052000388371009484016361      
0012600100002053           26031600000280571626040100000286486900000000000000000001781028057162607502053000388381005915316581      
0012600100002054           26031600000092343626040100000094290500000000000000000001781009234362607502054000173601001946916161      
0012600100002055           26031600000590505826040100000602955500000000000000000001781059050582607502055000388391012449716581      
0012600100002057           26031600000470635226040100000480557600000000000000000001781047063522607502057000388401009922416631      
0012600100002063           26031600002010596726040100002052986100000000000000000001781201059672607502063000388411042389416421      
0012600100002065           26031600000372153326040100000379999400000000000000000001781037215332607502065000388421007846116001      
0012600100002066           26031600000090129026040100000092029200000000000000000001781009012902607502066000388431001900216151      
0012600100002067           26031600000095344926040100000097355100000000000000000001781009534492607502067000173611002010216631      
0012600100002068           26031600000431013926040100000440101000000000000000000001781043101392607502068000388441009087116841      
0012600100002070           26031600000569568026040100000581576300000000000000000001781056956802607502070000388451012008316371      
0012600100002071           26031600000285984026040100000292013400000000000000000001781028598402607502071000388461006029416841      
0012600100002072           26031600000343870726040100000351120500000000000000000001781034387072607502072000388471007249816421      
0012600100002073           26031600001572783126040100001605942200000000000000000001781157278312607502073000388481033159116001      
0012600100002074           26031600000285840826040100000291867200000000000000000001781028584082607502074000388491006026416161      
0012600100002075           26031600001548983926040100001581641200000000000000000001781154898392607502075000388501032657316151      
0012600100002077           26031600000677074626040100000691349300000000000000000001781067707462607502077000388511014274716001      
0012600100002078           26031600000253765726040100000259115800000000000000000001781025376572607502078000388521005350116901      
0012600100002081           26031600000316935026040100000323617000000000000000000001781031693502607502081000388531006682016421      
0012600100002082           26031600000087980926040100000089835800000000000000000001781008798092607502082000388541001854916901      
0012600100002084           26031600000249595526040100000254857800000000000000000001781024959552607502084000388551005262316211      
0012600100002085           26031600000219966226040100000224603800000000000000000001781021996622607502085000388561004637616841      
0012600100002086           26031600002103159426040100002147500300000000000000000001781210315942607502086000173621044340916371      
0012600100002087           26031600000799927426040100000816792300000000000000000001781079992742607502087000388571016864916841      
0012600100002089           26031600001150331926040100001174584400000000000000000001781115033192607502089000388581024252516161      
0012600100002090           26031600000279847226040100000285747300000000000000000001781027984722607502090000388591005900116901      
0012600100002092           26031600000098880026040100000100964700000000000000000001781009888002607502092000388601002084716161      
0012600100002093           26031600000259145026040100000264608500000000000000000001781025914502607502093000173631005463516631      
0012600100002094           26031600000406774026040100000415350000000000000000000001781040677402607502094000173641008576016421      
0012600100002098           26031600000153973626040100000157219800000000000000000001781015397362607502098000388611003246216161      
0012600100002099           26031600000839631326040100000857333200000000000000000001781083963132607502099000388621017701916361      
0012600100002100           26031600002141531326040100002186681200000000000000000001781214153132607502100000173651045149916841      
0012600100002101           26031600002664197826040100002720367200000000000000000001781266419782607502101000173661056169416361      
0012600100002102           26031600000188562126040100000192537600000000000000000001781018856212607502102000388631003975516211      
0012600100002105           26031600000182812226040100000186666400000000000000000001781018281222607502105000173671003854216901      
0012600100002106           26031600000735469226040100000750975100000000000000000001781073546922607502106000388641015505916151      
0012600100002107           26031600000087980926040100000089835800000000000000000001781008798092607502107000388651001854916001      
0012600100002108           26031600000129731326040100000132466400000000000000000001781012973132607502108000388661002735116631      
0012600100002111           26031600002159816926040100002205352300000000000000000001781215981692607502111000388671045535416581      
0012600100002112           26031600000424592126040100000433543800000000000000000001781042459212607502112000388681008951716901      
0012600100002113           26031600000240168026040100000245231500000000000000000001781024016802607502113000388691005063516211      
0012600100002114           26031600000749598226040100000765402000000000000000000001781074959822607502114000388701015803816151      
0012600100002115           26031600000087980926040100000089835800000000000000000001781008798092607502115000388711001854916001      
0012600100002116           26031600000592036226040100000604518100000000000000000001781059203622607502116000388721012481916161      
0012600100002118           26031600001757131826040100001794177500000000000000000001781175713182607502118000173681037045716161      
0012600100002120           26031600001213321726040100001238902200000000000000000001781121332172607502120000388731025580516001      
0012600100002122           26031600001413771826040100001443578500000000000000000001781141377182607502122000388741029806716211      
0012600100002123           26031600001388338926040100001417609300000000000000000001781138833892607502123000388751029270416371      
0012600100002124           26031600000619247326040100000632303000000000000000000001781061924732607502124000388761013055716791      
0012600100002125           26031600000256483326040100000261890800000000000000000001781025648332607502125000388771005407516631      
0012600100002126           26031600000512101726040100000522898400000000000000000001781051210172607502126000388781010796716791      
0012600100002127           26031600000494801226040100000505233100000000000000000001781049480122607502127000388791010431916211      
0012600100002131           26031600000451693926040100000461217000000000000000000001781045169392607502131000388801009523116781      
0012600100002133           26031600000878623826040100000897147800000000000000000001781087862382607502133000388811018524016991      
0012600100002134           26031600001047216326040100001069294800000000000000000001781104721632607502134000388821022078516001      
0012600100002136           26031600000195724026040100000199850500000000000000000001781019572402607502136000388831004126516581      
0012600100002139           26031600000546894726040100000558424900000000000000000001781054689472607502139000388841011530216001      
0012600100002141           26031600000279080126040100000284964000000000000000000001781027908012607502141000388851005883916901      
0012600100002142           26031600001231646126040100001257612900000000000000000001781123164612607502142000388861025966816161      
0012600100002147           26031600000343870726040100000351120500000000000000000001781034387072607502147000388871007249816901      
0012600100002148           26031600001277744026040100001304682700000000000000000001781127774402607502148000173691026938716841      
0012600100002149           26031600003969709526040100004053403000000000000000000001781396970952607502149000388881083693516991      
0012600100002150           26031600000390853326040100000399093600000000000000000001781039085332607502150000388891008240316211      
0012600100002151           26031600000446733026040100000456151500000000000000000001781044673302607502151000388901009418516211      
0012600100002153           26031600001635937326040100001670427900000000000000000001781163593732607502153000388911034490616781      
0012600100002154           26031600000534242726040100000545506100000000000000000001781053424272607502154000388921011263416371      
0012600100002155           26031600001241562426040100001267738300000000000000000001781124156242607502155000388931026175916421      
0012600100002157           26031600000486840126040100000497104200000000000000000001781048684012607502157000388941010264116841      
0012600100002159           26031600000630566826040100000643861100000000000000000001781063056682607502159000388951013294316901      
0012600100002160           26031600000675024326040100000689255800000000000000000001781067502432607502160000388961014231516841      
0012600100002161           26031600000515150226040100000526011200000000000000000001781051515022607502161000388971010861016211      
0012600100002164           26031600000485743326040100000495984300000000000000000001781048574332607502164000388981010241016991      
0012600100002169           26031600002339502626040100002388826400000000000000000001781233950262607502169000388991049323816371      
0012600100002173           26031600000574307426040100000586415500000000000000000001781057430742607502173000389001012108116791      
0012600100002174           26031600001231646126040100001257612900000000000000000001781123164612607502174000389011025966816841      
0012600100002175           26031600000544892226040100000556380200000000000000000001781054489222607502175000389021011488016571      
0012600100002176           26031600000087980926040100000089835800000000000000000001781008798092607502176000389031001854916421      
0012600100002180           26031600000126313326040100000128976400000000000000000001781012631332607502180000173701002663116581      
0012600100002182           26031600000092021326040100000093961400000000000000000001781009202132607502182000389041001940116001      
0012600100002183           26031600001186045326040100001211050800000000000000000001781118604532607502183000389051025005516001      
0012600100002186           26031600000663860426040100000677856600000000000000000001781066386042607502186000389061013996216001      
0012600100002187           26031600001453786826040100001484437100000000000000000001781145378682607502187000389071030650316791      
0012600100002188           26031600000159412226040100000162773100000000000000000001781015941222607502188000389081003360916371      
0012600100002189           26031600002957683126040100003020040100000000000000000001781295768312607502189000173711062357016211      
0012600100002190           26031600000100825026040100000102950700000000000000000001781010082502607502190000173721002125716781      
0012600100002191           26031600000087980926040100000089835800000000000000000001781008798092607502191000389091001854916421      
0012600100002192           26031600001570785426040100001603902400000000000000000001781157078542607502192000389101033117016361      
0012600100002193           26031600000542677326040100000554118600000000000000000001781054267732607502193000389111011441316001      
0012600100002194           26031600001759210626040100001796300100000000000000000001781175921062607502194000389121037089516421      
0012600100002197           26031600002038837426040100002081822300000000000000000001781203883742607502197000389131042984916901      
0012600100002199           26031600003356065426040100003426821500000000000000000001781335606542607502199000173731070756116581      
0012600100002203           26031600001840490826040100001879293900000000000000000001781184049082607502203000173741038803116581      
0012600100002204           26031600000453892926040100000463462300000000000000000001781045389292607502204000389141009569416841      
0012600100002205           26031600001975387226040100002017034300000000000000000001781197538722607502205000389151041647116791      
0012600100002207           26031600000122997426040100000125590600000000000000000001781012299742607502207000389161002593216001      
0012600100002217           26031600000125427826040100000128072300000000000000000001781012542782607502217000389171002644516161      
0012600100002218           26031600000125427826040100000128072300000000000000000001781012542782607502218000389181002644516421      
0012600100002220           26031600000125427826040100000128072300000000000000000001781012542782607502220000389191002644516841      
0012600100002221           26031600000125427826040100000128072300000000000000000001781012542782607502221000389201002644516151      
0012600100002222           26031600000125427826040100000128072300000000000000000001781012542782607502222000389211002644516421      
0012600100002224           26031600005580327626040100005697977800000000000000000001781558032762607502224000173751000000016631      
0012600100002225           26031600000642039726040100000655575800000000000000000001781064203972607502225000389221013536116001      
0012600100002226           26031600000995475726040100001016463400000000000000000001781099547572607502226000389231020987716581      
0012600100002227           26031600001275292426040100001302179400000000000000000001781127529242607502227000389241026887016901      
0012600100002229           26031600002160772926040100002206328600000000000000000001781216077292607502229000173761045555716211      
0012600100002230           26031600001547000626040100001579616000000000000000000001781154700062607502230000389251032615416421      
0012600100002231           26031600000420718426040100000429588400000000000000000001781042071842607502231000389261008870016151      
0012600100002232           26031600000291482926040100000297628200000000000000000001781029148292607502232000173771006145316371      
0012600100002234           26031600000243595826040100000248731500000000000000000001781024359582607502234000173781005135716371      
0012600100002238           26031600001091261126040100001114268200000000000000000001781109126112607502238000389271023007116901      
0012600100002240           26031600002428582226040100002479784100000000000000000001781242858222607502240000389281051201916421      
0012600100002241           26031600000798316526040100000815147500000000000000000001781079831652607502241000389291016831016211      
0012600100002242           26031600000117787926040100000120271200000000000000000001781011778792607502242000173791002483316361      
0012600100002243           26031600000089165426040100000091045300000000000000000001781008916542607502243000389301001879916151      
0012600100002244           26031600000149989126040100000153151300000000000000000001781014998912607502244000173801003162216841      
0012600100002245           26031600000112223126040100000114589100000000000000000001781011222312607502245000389311002366016631      
0012600100002246           26031600004442576226040100004536239200000000000000000001781444257622607502246000389321093663016791      
0012600100002248           26031600003018587726040100003082228700000000000000000001781301858772607502248000389331063641016781      
0012600100002249           26031600000951366826040100000971424500000000000000000001781095136682607502249000389341020057716841      
0012600100002250           26031600001153362826040100001177679200000000000000000001781115336282607502250000389351024316416001      
0012600100002251           26031600001049185226040100001071305200000000000000000001781104918522607502251000389361022120016371      
0012600100002252           26031600005303213226040100005415021100000000000000000001781530321322607502252000173811000000016211      
0012600100002253           26031600000443533026040100000452884000000000000000000001781044353302607502253000389371009351016841      
0012600100002254           26031600000962354126040100000982643500000000000000000001781096235412607502254000389381020289416631      
0012600100002255           26031600000296733126040100000302989200000000000000000001781029673312607502255000389391006256116421      
0012600100002257           26031600001646634726040100001681350800000000000000000001781164663472607502257000389401034716116421      
0012600100002258           26031600000477308626040100000487371700000000000000000001781047730862607502258000389411010063116001      
0012600100002259           26031600002553637626040100002607476100000000000000000001781255363762607502259000173821053838516211      
0012600100002261           26031600007017296126040100007165242100000000000000000001781701729612607502261000173831000000016581      
0012600100002262           26031600011021871126040100011254245700000000000000000001781000000002607502262000173841000000016991      
0012600100002263           26031600000748807226040100000764594300000000000000000001781074880722607502263000173851015787116161      
0012600100002265           26031600001406115626040100001435760800000000000000000001781140611562607502265000389421029645216781      
0012600100002266           26031600000308620026040100000315126700000000000000000001781030862002607502266000173861006506716901      
0012600100002272           26031600000322925926040100000329734200000000000000000001781032292592607502272000173871006808316161      
0012600100002273           26031600000342523926040100000349745300000000000000000001781034252392607502273000389431007221416151      
0012600100002274           26031600000087980926040100000089835800000000000000000001781008798092607502274000389441001854916421      
0012600100002275           26031600000858807926040100000876914200000000000000000001781085880792607502275000173881018106316211      
0012600100002277           26031600001247037326040100001273328700000000000000000001781124703732607502277000389451026291416001      
0012600100002278           26031600005036513826040100005142698800000000000000000001781503651382607502278000389461000000016421      
0012600100002279           26031600003429697126040100003502005500000000000000000001781342969712607502279000173891072308416361      
0012600100002280           26031600005662287926040100005781666100000000000000000001781566228792607502280000389471000000016161      
0012600100002281           26031600003095457526040100003160719200000000000000000001781309545752607502281000389481065261716001      
0012600100002282           26031600001199704426040100001224997800000000000000000001781119970442607502282000173901025293416421      
0012600100002283           26031600000466428526040100000476262300000000000000000001781046642852607502283000389491009833816581      
0012600100002284           26031600000941973526040100000961833100000000000000000001781094197352607502284000173911019859616991      
0012600100002286           26031600000882346026040100000900948500000000000000000001781088234602607502286000173921018602516781      
0012600100002287           26031600000104810026040100000107019700000000000000000001781010481002607502287000389501002209716421      
0012600100002288           26031600001289582226040100001316770500000000000000000001781128958222607502288000173931027188316631      
0012600100002289           26031600002081078826040100002124954200000000000000000001781208107882607502289000173941043875416901      
0012600100002290           26031600004550434426040100004646371400000000000000000001781455043442607502290000173951095937016211      
0012600100002291           26031600002069083026040100002112705600000000000000000001781206908302607502291000173961043622616631      
0012600100002292           26031600002104624526040100002148996400000000000000000001781210462452607502292000173971044371916791      
0012600100002293           26031600002233902726040100002281000100000000000000000001781223390272607502293000173981047097416211      
0012600100002295           26031600000957670926040100000977861600000000000000000001781095767092607502295000173991020190716211      
0012600100002296           26031600000092343626040100000094290500000000000000000001781009234362607502296000174001001946916631      
0012600100002297           26031600002054925426040100002098249500000000000000000001781205492542607502297000174011043324116571      
0012600100002298           26031600002646174926040100002701964400000000000000000001781264617492607502298000174021055789516571      
0012600100002299           26031600000922234226040100000941677700000000000000000001781092223422607502299000174031019443516841      
0012600100002300           26031600002663160426040100002719307900000000000000000001781266316042607502300000174041056147516841      
0012600100002301           26031600001563756826040100001596725500000000000000000001781156375682607502301000174051032968716991      
0012600100002302           26031600001618398426040100001652519200000000000000000001781161839842607502302000389511034120816001      
0012600100002303           26031600005276727726040100005387977200000000000000000001781527672772607502303000174061000000016841      
0012600100002304           26031600005451188726040100005566116300000000000000000001781545118872607502304000174071000000016631      
0012600100002305           26031600002106435826040100002150845800000000000000000001781210643582607502305000174081044410016581      
0012600100002306           26031600000737110026040100000752650500000000000000000001781073711002607502306000174091015540516151      
0012600100002307           26031600000686373426040100000700844300000000000000000001781068637342607502307000174101014470916361      
0012600100002308           26031600005110628426040100005218376000000000000000000001781511062842607502308000174111000000016211      
0012600100002309           26031600014249439226040100014549860700000000000000000001781000000002607502309000174121000000016571      
0012600100002310           26031600001852866926040100001891931000000000000000000001781185286692607502310000174131039064116211      
0012600100002312           26031600000399848226040100000408278300000000000000000001781039984822607502312000174141008430116371      
0012600100002315           26031600002332836426040100002382019600000000000000000001781233283642607502315000174151049183216421      
0012600100002318           26031600000723603526040100000738859300000000000000000001781072360352607502318000174161015255816151      
0012600100002319           26031600004246019526040100004335538400000000000000000001781424601952607502319000389521089518916991      
0012600100002320           26031600000092343626040100000094290500000000000000000001781009234362607502320000174171001946916421      
0012600100002321           26031600000108874726040100000111170100000000000000000001781010887472607502321000174181002295416901      
0012600100002323           26031600000252417526040100000257739200000000000000000001781025241752607502323000174191005321716901      
0012600100002324           26031600002934156626040100002996017500000000000000000001781293415662607502324000174201061860916361      
0012600100002328           26031600002992115226040100003055198100000000000000000001781299211522607502328000174211063082916571      
0012600100002329           26031600004727249926040100004826914700000000000000000001781472724992607502329000174221099664816581      
0012600100002330           26031600000949982526040100000970011000000000000000000001781094998252607502330000174231020028516001      
0012600100002332           26031600001365652726040100001394444800000000000000000001781136565272607502332000174241028792116161      
0012600100002333           26031600002577349226040100002631687500000000000000000001781257734922607502333000174251054338316361      
0012600100002334           26031600001942298726040100001983248200000000000000000001781194229872607502334000174261040949516631      
0012600100002335           26031600001800342026040100001838298700000000000000000001781180034202607502335000174271037956716781      
0012600100002336           26031600000753798826040100000769691200000000000000000001781075379882607502336000389531015892416161      
0012600100002337           26031600000232287226040100000237184600000000000000000001781023228722607502337000174281004897416781      
0012600100002338           26031600000257601326040100000263032300000000000000000001781025760132607502338000389541005431016371      
0012600100002341           26031600001143557026040100001167666600000000000000000001781114355702607502341000174291024109616781      
0012600100002342           26031600000565552426040100000577476000000000000000000001781056555242607502342000389551011923616571      
0012600100002343           26031600000485381726040100000495615000000000000000000001781048538172607502343000174301010233316421      
0012600100002344           26031600001301972826040100001329422400000000000000000001781130197282607502344000389561027449616211      
0012600100002345           26031600000476815626040100000486868300000000000000000001781047681562607502345000174311010052716161      
0012600100002346           26031600001153741826040100001178066200000000000000000001781115374182607502346000174321024324416841      
0012600100002348           26031600000226632926040100000231411100000000000000000001781022663292607502348000174331004778216631      
0012600100002350           26031600000094581526040100000096575600000000000000000001781009458152607502350000174341001994116211      
0012600100002351           26031600000472280426040100000482237500000000000000000001781047228042607502351000174351009957116151      
0012600100002353           26031600000712023326040100000727034900000000000000000001781071202332607502353000174361015011616371      
0012600100002355           26031600000158980326040100000162332100000000000000000001781015898032607502355000389571003351816151      
0012600100002356           26031600001433395126040100001463615500000000000000000001781143339512607502356000174371030220416211      
0012600100002357           26031600002515768126040100002568808100000000000000000001781251576812607502357000174381053040016421      
0012600100002358           26031600002753036126040100002811078500000000000000000001781275303612607502358000174391058042416421      
0012600100002360           26031600000096274026040100000098303800000000000000000001781009627402607502360000174401002029816421      
0012600100002361           26031600000571329526040100000583374800000000000000000001781057132952607502361000389581012045316371      
0012600100002362           26031600000350604626040100000357996400000000000000000001781035060462607502362000389591007391816421      
0012600100002363           26031600000691950126040100000706538500000000000000000001781069195012607502363000389601014588416571      
0012600100002364           26031600000284586326040100000290586200000000000000000001781028458632607502364000389611005999916151      
0012600100002367           26031600002119796826040100002164488500000000000000000001781211979682607502367000174411044691716991      
0012600100002368           26031600002241511926040100002288769800000000000000000001781224151192607502368000389621047257916581      
0012600100002369           26031600000157849926040100000161177900000000000000000001781015784992607502369000174421003328016571      
0012600100002370           26031600004043296926040100004128541900000000000000000001781404329692607502370000174431085245016001      
0012600100002371           26031600001386258626040100001415485200000000000000000001781138625862607502371000174441029226616991      
0012600100002372           26031600001427515126040100001457611400000000000000000001781142751512607502372000389631030096316901      
0012600100002373           26031600010848370226040100011077086800000000000000000001781000000002607502373000174451000000016581      
0012600100002375           26031600001224883626040100001250707900000000000000000001781122488362607502375000389641025824316841      
0012600100002376           26031600000462592026040100000472344800000000000000000001781046259202607502376000389651009752816001      
0012600100002377           26031600000236371026040100000241354400000000000000000001781023637102607502377000389661004983416991      
0012600100002379           26031600000236127626040100000241105900000000000000000001781023612762607502379000389671004978316001      
0012600100002381           26031600000733823026040100000749294200000000000000000001781073382302607502381000389681015471216211      
0012600100002384           26031600000800686226040100000817567200000000000000000001781080068622607502384000389691016881016841      
0012600100002385           26031600000097758226040100000099819200000000000000000001781009775822607502385000389701002061016371      
0012600100002386           26031600000134750726040100000137591700000000000000000001781013475072607502386000174461002841016421      
0012600100002387           26031600000098755226040100000100837200000000000000000001781009875522607502387000389711002082016581      
0012600100002388           26031600000511845526040100000522636800000000000000000001781051184552607502388000389721010791316791      
0012600100002389           26031600000897736726040100000916663800000000000000000001781089773672607502389000174471018927116581      
0012600100002391           26031600000697883026040100000712596500000000000000000001781069788302607502391000389731014713516991      
0012600100002392           26031600000242259226040100000247366700000000000000000001781024225922607502392000389741005107516361      
0012600100002393           26031600000092343626040100000094290500000000000000000001781009234362607502393000174481001946916571      
0012600100002394           26031600001650715126040100001685517200000000000000000001781165071512607502394000174491034802116781      
0012600100002395           26031600004137216226040100004224441300000000000000000001781413721622607502395000174501087225116151      
0012600100002396           26031600000440210326040100000449491200000000000000000001781044021032607502396000174511009280916421      
0012600100002397           26031600003271426626040100003340398200000000000000000001781327142662607502397000389751068971616151      
0012600100002399           26031600001898249426040100001938270300000000000000000001781189824942607502399000389761040020916841      
0012600100002401           26031600000099858326040100000101963600000000000000000001781009985832607502401000389771002105316421      
0012600100002402           26031600001694163526040100001729881600000000000000000001781169416352607502402000174521035718116421      
0012600100002404           26031600002218047826040100002264811000000000000000000001781221804782607502404000174531046763216631      
0012600100002405           26031600001009534126040100001030818100000000000000000001781100953412607502405000389781021284016901      
0012600100002406           26031600000101448826040100000103587600000000000000000001781010144882607502406000389791002138816581      
0012600100002407           26031600000643642926040100000657212800000000000000000001781064364292607502407000389801013569916211      
0012600100002408           26031600000104810026040100000107019700000000000000000001781010481002607502408000389811002209716211      
0012600100002409           26031600000087980926040100000089835800000000000000000001781008798092607502409000389821001854916211      
0012600100002410           26031600003804217826040100003884422300000000000000000001781380421782607502410000174541080204516211      
0012600100002411           26031600002141531326040100002186681200000000000000000001781214153132607502411000174551045149916371      
0012600100002413           26031600001859148326040100001898344800000000000000000001781185914832607502413000389831039196516781      
0012600100002414           26031600000535492026040100000546781800000000000000000001781053549202607502414000174561011289816001      
0012600100002416           26031600001931755226040100001972482500000000000000000001781193175522607502416000389841040727316211      
0012600100002417           26031600002579602526040100002633988400000000000000000001781257960252607502417000174571054385916001      
0012600100002418           26031600000104810026040100000107019700000000000000000001781010481002607502418000389851002209716211      
0012600100002419           26031600000564974526040100000576885900000000000000000001781056497452607502419000174581011911416791      
0012600100002420           26031600009687544426040100009891787300000000000000000001781968754442607502420000174591000000016991      
0012600100002422           26031600000957976226040100000978173300000000000000000001781095797622607502422000389861020197116781      
0012600100002423           26031600001590143226040100001623668300000000000000000001781159014322607502423000389871033525116161      
0012600100002424           26031600000087980926040100000089835800000000000000000001781008798092607502424000389881001854916211      
0012600100002425           26031600000334322526040100000341371000000000000000000001781033432252607502425000389891007048516901      
0012600100002426           26031600001159446326040100001183891000000000000000000001781115944632607502426000174601024444716901      
0012600100002429           26031600002103496026040100002147844100000000000000000001781210349602607502429000174611044348116991      
0012600100002430           26031600001043249826040100001065244700000000000000000001781104324982607502430000389901021994916151      
0012600100002431           26031600000100101926040100000102212400000000000000000001781010010192607502431000389911002110516421      
0012600100002432           26031600000104810026040100000107019700000000000000000001781010481002607502432000389921002209716211      
0012600100002433           26031600000088212726040100000090072500000000000000000001781008821272607502433000389931001859816361      
0012600100002434           26031600011070773726040100011304179300000000000000000001781000000002607502434000174621000000016781      
0012600100002435           26031600000991684726040100001012592400000000000000000001781099168472607502435000389941020907716421      
0012600100002436           26031600000662289526040100000676252500000000000000000001781066228952607502436000174631013963016901      
0012600100002437           26031600002829094426040100002888740300000000000000000001781282909442607502437000174641059645916001      
0012600100002438           26031600002634179126040100002689715600000000000000000001781263417912607502438000174651055536516581      
0012600100002441           26031600001129408426040100001153219700000000000000000001781112940842607502441000389951023811316841      
0012600100002443           26031600001444164126040100001474611500000000000000000001781144416412607502443000174661030447416211      
0012600100002444           26031600001454050726040100001484706500000000000000000001781145405072607502444000174671030655816841      
0012600100002445           26031600002242706026040100002289989000000000000000000001781224270602607502445000174681047283016211      
0012600100002447           26031600009413860526040100009612333300000000000000000001781941386052607502447000174691000000016841      
0012600100002448           26031600004519643926040100004614931800000000000000000001781451964392607502448000174701095287916631      
0012600100002449           26031600002472981826040100002525119700000000000000000001781247298182607502449000174711052137916841      
0012600100002450           26031600000225955426040100000230719200000000000000000001781022595542607502450000389961004763816211      
0012600100002453           26031600005377140626040100005490507100000000000000000001781537714062607502453000174721000000016901      
0012600100002455           26031600005298462126040100005410169800000000000000000001781529846212607502455000174731000000016571      
0012600100002456           26031600002092400226040100002136514400000000000000000001781209240022607502456000389971044114216791      
0012600100002460           26031600017611036326040100017982330500000000000000000001781000000002607502460000174741000000016211      
0012600100002461           26031600015893102926040100016228177800000000000000000001781000000002607502461000174751000000016571      
0012600100002462           26031600002693167026040100002749947100000000000000000001781269316702607502462000174761056780116841      
0012600100002464           26031600002918934826040100002980474800000000000000000001781291893482607502464000389981061540016781      
0012600100002467           26031600000368780426040100000376555400000000000000000001781036878042607502467000174771007775016781      
0012600100002468           26031600000092343626040100000094290500000000000000000001781009234362607502468000174781001946916631      
0012600100002470           26031600000336891526040100000343994200000000000000000001781033689152607502470000174791007102716991      
0012600100002473           26031600000712387526040100000727406700000000000000000001781071238752607502473000174801015019216991      
0012600100002475           26031600000205700526040100000210037300000000000000000001781020570052607502475000174811004336816631      
0012600100002476           26031600004492475826040100004587190800000000000000000001781449247582607502476000174821094715016901      
0012600100002477           26031600000618736926040100000631781800000000000000000001781061873692607502477000174831013044916631      
0012600100002478           26031600001953165926040100001994344600000000000000000001781195316592607502478000174841041178716421      
0012600100002482           26031600018255855026040100018640743900000000000000000001781000000002607502482000174851000000016001      
0012600100002483           26031600000092343626040100000094290500000000000000000001781009234362607502483000174861001946916991      
0012600100002484           26031600005895477326040100006019771900000000000000000001781589547732607502484000174871000000016781      
0012600100002486           26031600001208078026040100001233548000000000000000000001781120807802607502486000174881025470016791      
0012600100002488           26031600010199427426040100010414462300000000000000000001781000000002607502488000174891000000016571      
0012600100002489           26031600001866228026040100001905573800000000000000000001781186622802607502489000174901039345816571      
0012600100002491           26031600003657669126040100003734783900000000000000000001781365766912607502491000174911077114816151      
0012600100002492           26031600001009341726040100001030621700000000000000000001781100934172607502492000174921021280016001      
0012600100002493           26031600000706123326040100000721010500000000000000000001781070612332607502493000174931014887216791      
0012600100002494           26031600018273254926040100018658510700000000000000000001781000000002607502494000174941000000016001      
0012600100002496           26031600000239668226040100000244721200000000000000000001781023966822607502496000389991005053016791      
0012600100002498           26031600005948002426040100006073404400000000000000000001781594800242607502498000174951000000016151      
0012600100002499           26031600001438097226040100001468416700000000000000000001781143809722607502499000174961030319516791      
0012600100002500           26031600000102238626040100000104394100000000000000000001781010223862607502500000174971002155516841      
0012600100002501           26031600004112863926040100004199575500000000000000000001781411286392607502501000390001086711616991      
0012600100002503           26031600000634118326040100000647487500000000000000000001781063411832607502503000390011013369216991      
0012600100002504           26031600000701175426040100000715958300000000000000000001781070117542607502504000390021014782916841      
0012600100002505           26031600001152115026040100001176405100000000000000000001781115211502607502505000390031024290116421      
0012600100002506           26031600000739867826040100000755466500000000000000000001781073986782607502506000390041015598716211      
0012600100002507           26031600022153539426040100022620603400000000000000000001781000000002607502507000174981000000016421      
0012600100002512           26031600000083469226040100000085229000000000000000000001781008346922607502512000390051001759816631      
0012600100002513           26031600006225536926040100006356790200000000000000000001781622553692607502513000390061000000016991      
0012600100002514           26031600000141001826040100000143974500000000000000000001781014100182607502514000390071002972716151      
0012600100002517           26031600002165781226040100002211442500000000000000000001781216578122607502517000390081045661316841      
0012600100002518           26031600001017452826040100001038903800000000000000000001781101745282607502518000390091021451016791      
0012600100002523           26031600000087980926040100000089835800000000000000000001781008798092607502523000390101001854916211      
0012600100002524           26031600000092343626040100000094290500000000000000000001781009234362607502524000174991001946916631      
0012600100002525           26031600002459418026040100002511270000000000000000000001781245941802607502525000390111051852016631      
0012600100002528           26031600011515847026040100011758636000000000000000000001781000000002607502528000175001000000016581      
0012600100002530           26031600000941613726040100000961465800000000000000000001781094161372607502530000390121019852116901      
0012600100002532           26031600002558585326040100002612528100000000000000000001781255858532607502532000175011053942816161      
0012600100002533           26031600004294177026040100004384711300000000000000000001781429417702607502533000175021090534316161      
0012600100002535           26031600000113386126040100000115776600000000000000000001781011338612607502535000390131002390516361      
0012600100002538           26031600000087980926040100000089835800000000000000000001781008798092607502538000390141001854916001      
0012600100002539           26031600001973403926040100002015009300000000000000000001781197340392607502539000390151041605416001      
0012600100002541           26031600000093335626040100000095303400000000000000000001781009333562607502541000175031001967816161      
0012600100002543           26031600000509993026040100000520745200000000000000000001781050999302607502543000390161010752216361      
0012600100002544           26031600003218408826040100003286262700000000000000000001781321840882607502544000390171067853916991      
0012600100002546           26031600000104810026040100000107019700000000000000000001781010481002607502546000390181002209716001      
0012600100002547           26031600000166094626040100000169596300000000000000000001781016609462607502547000390191003501716581      
0012600100002548           26031600000094395026040100000096385100000000000000000001781009439502607502548000175041001990116371      
0012600100002550           26031600000951716826040100000971781900000000000000000001781095171682607502550000175051020065116421      
0012600100002551           26031600000201074226040100000205313400000000000000000001781020107422607502551000390201004239216781      
0012600100002552           26031600001233154426040100001259153100000000000000000001781123315442607502552000390211025998716901      
0012600100002553           26031600010088187826040100010300877500000000000000000001781000000002607502553000175061000000016001      
0012600100002554           26031600000105059026040100000107273900000000000000000001781010505902607502554000390221002214916791      
0012600100002555           26031600001810080726040100001848242600000000000000000001781181008072607502555000175071038161916791      
0012600100002557           26031600001731430426040100001767934200000000000000000001781173143042607502557000390231036503816421      
0012600100002559           26031600000579579026040100000591798300000000000000000001781057957902607502559000390241012219316991      
0012600100002562           26031600001346161426040100001374542600000000000000000001781134616142607502562000390251028381216581      
0012600100002563           26031600030695540526040100031342695800000000000000000001781000000002607502563000175081000000016841      
0012600100002564           26031600001549267126040100001581930300000000000000000001781154926712607502564000175091032663216211      
0012600100002565           26031600000322410626040100000329208000000000000000000001781032241062607502565000390261006797416001      
0012600100002566           26031600000087980926040100000089835800000000000000000001781008798092607502566000390271001854916901      
0012600100002567           26031600000771978826040100000788254500000000000000000001781077197882607502567000390281016275716001      
0012600100002568           26031600000092343626040100000094290500000000000000000001781009234362607502568000175101001946916421      
0012600100002569           26031600000093335626040100000095303400000000000000000001781009333562607502569000175111001967816421      
0012600100002570           26031600000201111226040100000205351300000000000000000001781020111122607502570000390291004240116791      
0012600100002573           26031600000154540726040100000157798900000000000000000001781015454072607502573000175121003258216571      
0012600100002574           26031600003354486626040100003425209400000000000000000001781335448662607502574000390301070722816371      
0012600100002576           26031600000208506826040100000212902700000000000000000001781020850682607502576000390311004395916841      
0012600100002578           26031600000132563726040100000135358600000000000000000001781013256372607502578000390321002794916841      
0012600100002579           26031600003361060426040100003431921800000000000000000001781336106042607502579000390331070861416001      
0012600100002580           26031600000274694326040100000280485700000000000000000001781027469432607502580000175131005791416211      
0012600100002581           26031600000476771926040100000486823700000000000000000001781047677192607502581000390341010051816151      
0012600100002583           26031600000092343626040100000094290500000000000000000001781009234362607502583000175141001946916161      
0012600100002584           26031600003215521026040100003283313900000000000000000001781321552102607502584000175151067792916211      
0012600100002585           26031600000160195026040100000163572400000000000000000001781016019502607502585000175161003377416211      
0012600100002586           26031600000118957026040100000121465000000000000000000001781011895702607502586000390351002508016001      
0012600100002587           26031600002151898326040100002197266900000000000000000001781215189832607502587000390361045368616901      
0012600100002588           26031600000207845126040100000212227100000000000000000001781020784512607502588000390371004382016361      
0012600100002589           26031600001127494726040100001151265800000000000000000001781112749472607502589000390381023771116361      
0012600100002590           26031600000131078126040100000133841600000000000000000001781013107812607502590000390391002763516161      
0012600100002592           26031600000502914126040100000513517100000000000000000001781050291412607502592000390401010603016901      
0012600100002594           26031600000816245426040100000833454400000000000000000001781081624542607502594000175171017209016371      
0012600100002596           26031600001269342626040100001296104200000000000000000001781126934262607502596000390411026761616371      
0012600100002597           26031600000650813526040100000664534700000000000000000001781065081352607502597000175181013721216781      
0012600100002598           26031600000843370126040100000861150900000000000000000001781084337012607502598000390421017780816151      
0012600100002601           26031600000164747826040100000168221200000000000000000001781016474782607502601000390431003473416421      
0012600100002602           26031600002714657826040100002771891000000000000000000001781271465782607502602000390441057233216631      
0012600100002604           26031600001086392426040100001109296900000000000000000001781108639242607502604000390451022904516161      
0012600100002605           26031600000432758826040100000441882700000000000000000001781043275882607502605000390461009123916001      
0012600100002608           26031600002774770526040100002833271100000000000000000001781277477052607502608000175191058500616421      
0012600100002609           26031600000790262626040100000806923700000000000000000001781079026262607502609000390471016661116361      
0012600100002610           26031600000606028626040100000618805500000000000000000001781060602862607502610000390481012776916781      
0012600100002615           26031600003028504026040100003092354100000000000000000001781302850402607502615000390491063850116161      
0012600100002616           26031600000092021326040100000093961400000000000000000001781009202132607502616000390501001940116901      
0012600100002617           26031600000128384526040100000131091300000000000000000001781012838452607502617000390511002706816421      
0012600100002620           26031600001391816126040100001421159800000000000000000001781139181612607502620000390521029343716211      
0012600100002624           26031600001402221926040100001431785000000000000000000001781140222192607502624000390531029563116571      
0012600100002628           26031600000082702026040100000084445600000000000000000001781008270202607502628000390541001743616781      
0012600100002629           26031600000118277326040100000120771000000000000000000001781011827732607502629000390551002493716991      
0012600100002630           26031600000355479026040100000362973600000000000000000001781035547902607502630000390561007494616841      
0012600100002631           26031600000787250926040100000803848600000000000000000001781078725092607502631000175201016597716421      
0012600100002632           26031600000138846226040100000141773600000000000000000001781013884622607502632000390571002927416991      
0012600100002633           26031600000687313326040100000701803900000000000000000001781068731332607502633000390581014490616841      
0012600100002635           26031600000500731926040100000511288900000000000000000001781050073192607502635000390591010557016991      
0012600100002636           26031600002206052126040100002252562400000000000000000001781220605212607502636000175211046510316791      
0012600100002638           26031600000133771726040100000136592000000000000000000001781013377172607502638000390601002820316421      
0012600100002639           26031600001786976426040100001824651300000000000000000001781178697642607502639000390611037674916571      
0012600100002640           26031600000952339826040100000972418100000000000000000001781095233982607502640000390621020078316211      
0012600100002641           26031600000092343626040100000094290500000000000000000001781009234362607502641000175221001946916581      
0012600100002643           26031600000921780926040100000941214800000000000000000001781092178092607502643000390631019433916571      
0012600100002644           26031600000667356726040100000681426600000000000000000001781066735672607502644000175231014069916001      
0012600100002645           26031600003527103426040100003601465400000000000000000001781352710342607502645000175241074362016001      
0012600100002646           26031600000426024826040100000435006800000000000000000001781042602482607502646000390641008982016361      
0012600100002648           26031600001725495026040100001761873700000000000000000001781172549502607502648000390651036378716581      
0012600100002650           26031600000288652426040100000294738100000000000000000001781028865242607502650000390661006085716161      
0012600100002651           26031600000262431326040100000267964100000000000000000001781026243132607502651000390671005532816211      
0012600100002654           26031600000427755126040100000436773500000000000000000001781042775512607502654000390681009018416581      
0012600100002655           26031600001537027326040100001569432600000000000000000001781153702732607502655000390691032405316791      
0012600100002657           26031600000405823026040100000414379000000000000000000001781040582302607502657000390701008556016211      
0012600100002658           26031600000248396026040100000253633000000000000000000001781024839602607502658000390711005237016371      
0012600100002659           26031600000087980926040100000089835800000000000000000001781008798092607502659000390721001854916841      
0012600100002665           26031600002429513026040100002480734500000000000000000001781242951302607502665000175251051221516001      
0012600100002666           26031600000672122126040100000686292500000000000000000001781067212212607502666000390731014170416371      
0012600100002667           26031600000674233626040100000688448400000000000000000001781067423362607502667000175261014214816571      
0012600100002668           26031600000381580826040100000389625700000000000000000001781038158082607502668000390741008044916361      
0012600100002670           26031600002300184526040100002348679400000000000000000001781230018452607502670000175271048494916901      
0012600100002672           26031600000580455726040100000592693500000000000000000001781058045572607502672000175281012237816001      
0012600100002673           26031600000338136726040100000345265700000000000000000001781033813672607502673000390751007129016211      
0012600100002675           26031600000977804226040100000998419300000000000000000001781097780422607502675000390761020615116841      
0012600100002676           26031600000106455826040100000108700200000000000000000001781010645582607502676000390771002244416581      
0012600100002680           26031600000768270026040100000784467400000000000000000001781076827002607502680000175291016197416421      
0012600100002681           26031600000144748626040100000147800300000000000000000001781014474862607502681000175301003051716001      
0012600100002682           26031600000087980926040100000089835800000000000000000001781008798092607502682000390781001854916001      
0012600100002685           26031600000726652426040100000741972500000000000000000001781072665242607502685000390791015320116571      
0012600100002686           26031600002972192026040100003034854900000000000000000001781297219202607502686000175311062662916631      
0012600100002687           26031600000857183626040100000875255700000000000000000001781085718362607502687000390801018072116631      
0012600100002689           26031600000193223426040100000197297100000000000000000001781019322342607502689000175321004073716631      
0012600100002693           26031600001331239826040100001359306400000000000000000001781133123982607502693000175331028066616361      
0012600100002694           26031600000650641726040100000664359200000000000000000001781065064172607502694000390811013717516361      
0012600100002695           26031600000647504926040100000661156200000000000000000001781064750492607502695000175341013651316371      
0012600100002697           26031600000129731326040100000132466400000000000000000001781012973132607502697000390821002735116001      
0012600100002698           26031600000790844326040100000807517700000000000000000001781079084432607502698000390831016673416901      
0012600100002699           26031600006164218426040100006294178800000000000000000001781616421842607502699000175351000000016571      
0012600100002701           26031600000434081026040100000443232700000000000000000001781043408102607502701000390841009151716631      
0012600100002703           26031600000341177126040100000348370200000000000000000001781034117712607502703000390851007193116371      
0012600100002704           26031600001397766026040100001427235200000000000000000001781139776602607502704000390861029469216161      
0012600100002705           26031600001038817626040100001060719100000000000000000001781103881762607502705000390871021901516781      
0012600100002706           26031600011106997926040100011341167100000000000000000001781000000002607502706000175361000000016361      
0012600100002707           26031600002666780826040100002723004700000000000000000001781266678082607502707000175371056223916211      
0012600100002708           26031600002831600426040100002891299100000000000000000001781283160042607502708000175381059698716151      
0012600100002709           26031600000409251226040100000417879500000000000000000001781040925122607502709000390881008628316161      
0012600100002710           26031600000601183926040100000613858700000000000000000001781060118392607502710000175391012674816841      
0012600100002711           26031600000082702026040100000084445600000000000000000001781008270202607502711000390891001743616631      
0012600100002712           26031600000634869126040100000648254100000000000000000001781063486912607502712000390901013385016841      
0012600100002713           26031600000087980926040100000089835800000000000000000001781008798092607502713000390911001854916211      
0012600100002718           26031600000700211826040100000714974400000000000000000001781070021182607502718000390921014762616001      
0012600100002719           26031600000100204326040100000102317000000000000000000001781010020432607502719000175401002112716781      
0012600100002720           26031600001698914526040100001734732800000000000000000001781169891452607502720000175411035818316841      
0012600100002722           26031600001881149726040100001920810100000000000000000001781188114972607502722000175421039660416151      
0012600100002723           26031600000710125826040100000725097400000000000000000001781071012582607502723000390931014971616211      
0012600100002724           26031600000710769226040100000725754300000000000000000001781071076922607502724000390941014985116161      
0012600100002725           26031600003206991226040100003274604300000000000000000001781320699122607502725000390951067613116841      
0012600100002727           26031600000379298626040100000387295400000000000000000001781037929862607502727000175431007996816421      
0012600100002728           26031600004554769126040100004650797500000000000000000001781455476912607502728000175441096028416371      
0012600100002729           26031600000318281726040100000324992000000000000000000001781031828172607502729000390961006710316161      
0012600100002730           26031600013175876526040100013453664100000000000000000001781000000002607502730000390971000000016631      
0012600100002731           26031600000326083526040100000332958400000000000000000001781032608352607502731000390981006874916211      
0012600100002732           26031600000091297626040100000093222500000000000000000001781009129762607502732000390991001924916211      
0012600100002734           26031600000914322826040100000933599600000000000000000001781091432282607502734000391001019276816151      
0012600100002735           26031600000092343626040100000094290500000000000000000001781009234362607502735000175451001946916421      
0012600100002738           26031600000089327726040100000091210900000000000000000001781008932772607502738000391011001883216841      
0012600100002739           26031600009000565926040100009190325200000000000000000001781900056592607502739000175461000000016161      
0012600100002741           26031600000092530126040100000094480900000000000000000001781009253012607502741000175471001950816361      
0012600100002742           26031600000123786626040100000126396400000000000000000001781012378662607502742000175481002609816901      
0012600100002744           26031600013231541726040100013510502800000000000000000001781000000002607502744000175491000000016781      
0012600100002748           26031600005688352326040100005808280100000000000000000001781568835232607502748000391021000000016421      
0012600100002749           26031600000362229726040100000369866600000000000000000001781036222972607502749000175501007636916791      
0012600100002750           26031600001184962626040100001209945200000000000000000001781118496262607502750000391031024982616161      
0012600100002753           26031600000211885426040100000216352600000000000000000001781021188542607502753000391041004467216371      
0012600100002754           26031600001706159326040100001742130300000000000000000001781170615932607502754000175511035971016791      
0012600100002755           26031600000092343626040100000094290500000000000000000001781009234362607502755000175521001946916361      
0012600100002756           26031600000341177126040100000348370200000000000000000001781034117712607502756000391051007193116841      
0012600100002757           26031600003541951926040100003616627100000000000000000001781354195192607502757000391061074675216631      
0012600100002760           26031600001693400826040100001729102800000000000000000001781169340082607502760000391071035702016361      
0012600100002764           26031600000090674526040100000092586200000000000000000001781009067452607502764000391081001911716001      
0012600100002767           26031600000655776426040100000669602100000000000000000001781065577642607502767000175531013825716571      
0012600100002769           26031600000308514526040100000315019000000000000000000001781030851452607502769000175541006504516161      
0012600100002770           26031600000371400626040100000379230900000000000000000001781037140062607502770000175551007830316361      
0012600100002772           26031600006808930826040100006952483700000000000000000001781680893082607502772000175561000000016791      
0012600100002775           26031600000087980926040100000089835800000000000000000001781008798092607502775000391091001854916781      
0012600100002776           26031600000288652426040100000294738100000000000000000001781028865242607502776000391101006085716571      
0012600100002777           26031600001942326026040100001983276200000000000000000001781194232602607502777000175571040950216421      
0012600100002780           26031600000566372526040100000578313400000000000000000001781056637252607502780000391111011940916371      
0012600100002781           26031600001707645526040100001743647800000000000000000001781170764552607502781000391121036002316991      
0012600100002784           26031600000097244026040100000099294200000000000000000001781009724402607502784000175581002050216371      
0012600100002786           26031600000637423026040100000650861900000000000000000001781063742302607502786000391131013438916841      
0012600100002788           26031600000877011726040100000895501800000000000000000001781087701172607502788000391141018490116631      
0012600100002790           26031600000572981926040100000585062100000000000000000001781057298192607502790000391151012080216571      
0012600100002791           26031600000243793426040100000248933400000000000000000001781024379342607502791000391161005140016571      
0012600100002793           26031600002794693826040100002853614400000000000000000001781279469382607502793000175591058920616791      
0012600100002794           26031600001150119326040100001174367300000000000000000001781115011932607502794000175601024248016211      
0012600100002797           26031600000495232326040100000505673300000000000000000001781049523232607502797000391171010441016901      
0012600100002799           26031600000087980926040100000089835800000000000000000001781008798092607502799000391181001854916571      
0012600100002800           26031600001285208926040100001312305000000000000000000001781128520892607502800000391191027096116211      
0012600100002802           26031600000410398426040100000419050900000000000000000001781041039842607502802000391201008652516161      
0012600100002803           26031600000806370426040100000823371100000000000000000001781080637042607502803000391211017000716001      
0012600100002804           26031600001551078326040100001583779800000000000000000001781155107832607502804000175611032701516421      
0012600100002805           26031600000688645526040100000703164300000000000000000001781068864552607502805000391221014518816361      
0012600100002806           26031600001293127526040100001320390600000000000000000001781129312752607502806000391231027263116571      
0012600100002807           26031600000366603726040100000374332800000000000000000001781036660372607502807000391241007729116151      
0012600100002808           26031600000444879826040100000454259200000000000000000001781044487982607502808000391251009379416631      
0012600100002809           26031600001545900226040100001578492500000000000000000001781154590022607502809000391261032592316161      
0012600100002810           26031600000092661026040100000094614500000000000000000001781009266102607502810000175621001953516001      
0012600100002811           26031600001354623426040100001383183000000000000000000001781135462342607502811000391271028559616211      
0012600100002814           26031600000087980926040100000089835800000000000000000001781008798092607502814000391281001854916901      
0012600100002815           26031600002121607926040100002166337800000000000000000001781212160792607502815000175631044729916631      
0012600100002816           26031600000121824226040100000124392700000000000000000001781012182422607502816000391291002568516151      
0012600100002817           26031600000587414926040100000599799400000000000000000001781058741492607502817000391301012384516991      
0012600100002818           26031600001050118526040100001072258200000000000000000001781105011852607502818000391311022139716781      
0012600100002819           26031600000543121226040100000554571800000000000000000001781054312122607502819000391321011450616151      
0012600100002821           26031600001878223826040100001917822500000000000000000001781187822382607502821000175641039598716581      
0012600100002824           26031600000087980926040100000089835800000000000000000001781008798092607502824000391331001854916151      
0012600100002827           26031600002511004826040100002563944400000000000000000001781251100482607502827000175651052939616791      
0012600100002829           26031600001906074626040100001946260400000000000000000001781190607462607502829000175661040185816781      
0012600100002830           26031600000130262326040100000133008600000000000000000001781013026232607502830000391341002746316001      
0012600100002833           26031600004310644026040100004401525500000000000000000001781431064402607502833000391351090881516631      
0012600100002834           26031600007838900826040100008004168700000000000000000001781783890082607502834000175671000000016901      
0012600100002836           26031600001856489326040100001895629800000000000000000001781185648932607502836000175681039140516001      
0012600100002837           26031600000156728926040100000160033200000000000000000001781015672892607502837000391361003304316151      
0012600100002838           26031600000291726826040100000297877200000000000000000001781029172682607502838000391371006150416001      
0012600100002839           26031600000361332026040100000368949900000000000000000001781036133202607502839000391381007617916161      
0012600100002840           26031600003883712926040100003965593400000000000000000001781388371292607502840000175691081880516211      
0012600100002841           26031600000756696126040100000772649600000000000000000001781075669612607502841000391391015953516161      
0012600100002843           26031600000412710626040100000421411800000000000000000001781041271062607502843000391401008701216631      
0012600100002845           26031600000809506626040100000826573400000000000000000001781080950662607502845000175701017066816991      
0012600100002848           26031600001741478626040100001778194200000000000000000001781174147862607502848000391411036715616161      
0012600100002849           26031600000092343626040100000094290500000000000000000001781009234362607502849000175711001946916581      
0012600100002850           26031600001220527026040100001246259500000000000000000001781122052702607502850000391421025732516991      
0012600100002852           26031600000230409126040100000235266800000000000000000001781023040912607502852000175721004857716571      
0012600100002853           26031600000304379326040100000310796500000000000000000001781030437932607502853000175731006417216001      
0012600100002855           26031600000082702026040100000084445600000000000000000001781008270202607502855000391431001743616001      
0012600100002856           26031600000450153726040100000459644300000000000000000001781045015372607502856000391441009490616151      
0012600100002857           26031600000498395326040100000508902900000000000000000001781049839532607502857000391451010507616161      
0012600100002858           26031600000437877626040100000447109400000000000000000001781043787762607502858000391461009231816991      
0012600100002859           26031600001207861226040100001233326600000000000000000001781120786122607502859000391471025465416631      
0012600100002860           26031600000199764326040100000203975900000000000000000001781019976432607502860000391481004211616001      
0012600100002861           26031600000446226726040100000455634600000000000000000001781044622672607502861000391491009407916631      
0012600100002864           26031600000478549626040100000488638800000000000000000001781047854962607502864000391501010089216421      
0012600100002866           26031600003058215126040100003122691500000000000000000001781305821512607502866000175741064476416901      
0012600100002867           26031600002284057826040100002332212700000000000000000001781228405782607502867000391511048154916151      
0012600100002868           26031600001503304426040100001534998700000000000000000001781150330442607502868000175751031694316781      
0012600100002869           26031600002640321226040100002695987300000000000000000001781264032122607502869000391521055666116371      
0012600100002870           26031600000396395526040100000404752700000000000000000001781039639552607502870000391531008357216421      
0012600100002872           26031600001152315226040100001176609500000000000000000001781115231522607502872000391541024294316631      
0012600100002874           26031600000686993126040100000701477000000000000000000001781068699312607502874000391551014483916781      
0012600100002876           26031600002617253326040100002672432900000000000000000001781261725332607502876000175761055179616211      
0012600100002877           26031600000706821126040100000721723100000000000000000001781070682112607502877000391561014902016151      
0012600100002879           26031600000225353326040100000230104500000000000000000001781022535332607502879000391571004751216001      
0012600100002880           26031600000092343626040100000094290500000000000000000001781009234362607502880000175771001946916991      
0012600100002881           26031600000105444826040100000107667900000000000000000001781010544482607502881000175781002223116781      
0012600100002882           26031600001120597326040100001144222900000000000000000001781112059732607502882000391581023625616421      
0012600100002883           26031600000764652926040100000780774100000000000000000001781076465292607502883000391591016121216631      
0012600100002884           26031600008328057926040100008503638700000000000000000001781832805792607502884000175791000000016211      
0012600100002885           26031600000092343626040100000094290500000000000000000001781009234362607502885000175801001946916001      
0012600100002886           26031600020691896726040100021128144800000000000000000001781000000002607502886000175811000000016791      
0012600100002887           26031600000087980926040100000089835800000000000000000001781008798092607502887000391601001854916161      
0012600100002888           26031600000396261426040100000404615800000000000000000001781039626142607502888000175821008354416581      
0012600100002889           26031600002517313526040100002570386200000000000000000001781251731352607502889000391611053072716161      
0012600100002890           26031600004450000226040100004543819700000000000000000001781445000022607502890000175831093819516631      
0012600100002891           26031600000720039826040100000735220500000000000000000001781072003982607502891000391621015180716421      
0012600100002894           26031600001929757426040100001970442600000000000000000001781192975742607502894000391631040685216841      
0012600100002895           26031600000501931426040100000512513700000000000000000001781050193142607502895000391641010582316151      
0012600100002896           26031600002345930226040100002395389600000000000000000001781234593022607502896000391651049459416161      
0012600100002897           26031600001140430126040100001164473900000000000000000001781114043012607502897000391661024043816211      
0012600100002898           26031600000345516926040100000352801500000000000000000001781034551692607502898000391671007284616211      
0012600100002899           26031600010442373026040100010662530000000000000000000001781000000002607502899000175841000000016151      
0012600100002900           26031600000342523926040100000349745300000000000000000001781034252392607502900000391681007221416001      
0012600100002901           26031600000254982726040100000260358500000000000000000001781025498272607502901000391691005375816001      
0012600100002902           26031600000176191626040100000179906300000000000000000001781017619162607502902000175851003714716001      
0012600100002905           26031600001400065726040100001429583300000000000000000001781140006572607502905000175861029517616631      
0012600100002906           26031600001014157726040100001035539200000000000000000001781101415772607502906000391701021381516631      
0012600100002908           26031600001398255226040100001427734700000000000000000001781139825522607502908000391711029479516841      
0012600100002909           26031600000908406126040100000927558100000000000000000001781090840612607502909000391721019152016581      
0012600100002910           26031600001157790226040100001182199900000000000000000001781115779022607502910000391731024409716421      
0012600100002911           26031600000504721326040100000515362400000000000000000001781050472132607502911000391741010641116421      
0012600100002912           26031600002530138226040100002583481200000000000000000001781253013822607502912000391751053343016151      
0012600100002913           26031600000382927626040100000391000800000000000000000001781038292762607502913000391761008073216841      
0012600100002914           26031600000748129526040100000763902300000000000000000001781074812952607502914000391771015772816631      
0012600100002915           26031600006493175126040100006630071000000000000000000001781649317512607502915000175871000000016421      
0012600100002916           26031600001713404226040100001749528000000000000000000001781171340422607502916000175881036123816001      
0012600100002917           26031600000953553826040100000973657600000000000000000001781095355382607502917000175891020103816211      
0012600100002918           26031600000091622526040100000093554100000000000000000001781009162252607502918000391781001931616991      
0012600100002919           26031600006670673326040100006811311400000000000000000001781667067332607502919000175901000000016631      
0012600100002920           26031600000745295926040100000761009000000000000000000001781074529592607502920000391791015713116991      
0012600100002921           26031600000546591426040100000558115200000000000000000001781054659142607502921000175911011523816361      
0012600100002922           26031600001090833926040100001113832000000000000000000001781109083392607502922000391801022998116001      
0012600100002923           26031600006846788226040100006991139300000000000000000001781684678822607502923000175921000000016631      
0012600100002924           26031600001553647426040100001586403100000000000000000001781155364742607502924000175931032755716211      
0012600100002925           26031600001675913226040100001711246500000000000000000001781167591322607502925000391811035333316841      
0012600100002926           26031600000083642726040100000085406200000000000000000001781008364272607502926000391821001763516371      
0012600100002927           26031600000313380926040100000319987900000000000000000001781031338092607502927000391831006607016211      
0012600100002929           26031600000658903426040100000672795000000000000000000001781065890342607502929000391841013891616211      
0012600100002930           26031600000143232226040100000146252000000000000000000001781014323222607502930000175941003019816631      
0012600100002931           26031600000607681026040100000620492700000000000000000001781060768102607502931000391851012811716211      
0012600100002932           26031600000087980926040100000089835800000000000000000001781008798092607502932000391861001854916361      
0012600100002933           26031600000397179326040100000405553100000000000000000001781039717932607502933000391871008373816631      
0012600100002934           26031600000087980926040100000089835800000000000000000001781008798092607502934000391881001854916991      
0012600100002935           26031600001585165326040100001618585400000000000000000001781158516532607502935000175951033420116001      
0012600100002936           26031600001610165426040100001644112600000000000000000001781161016542607502936000175961033947216581      
0012600100002937           26031600000345217526040100000352495800000000000000000001781034521752607502937000391891007278316421      
0012600100002940           26031600000801356526040100000818251500000000000000000001781080135652607502940000175971016895016421      
0012600100002941           26031600000337538026040100000344654400000000000000000001781033753802607502941000391901007116416581      
0012600100002942           26031600003074302026040100003139117600000000000000000001781307430202607502942000175981064815616371      
0012600100002943           26031600001092544626040100001115578800000000000000000001781109254462607502943000391911023034216581      
0012600100002944           26031600001175405226040100001200186400000000000000000001781117540522607502944000391921024781216631      
0012600100002945           26031600000660683126040100000674612300000000000000000001781066068312607502945000391931013929216991      
0012600100002946           26031600000283929526040100000289915600000000000000000001781028392952607502946000391941005986116901      
0012600100002947           26031600001160262826040100001184724600000000000000000001781116026282607502947000391951024461816371      
0012600100002948           26031600000929387926040100000948982300000000000000000001781092938792607502948000391961019594416211      
0012600100002949           26031600000504945626040100000515591400000000000000000001781050494562607502949000391971010645816421      
0012600100002950           26031600001066639426040100001089127400000000000000000001781106663942607502950000391981022488016211      
0012600100002951           26031600000092343626040100000094290500000000000000000001781009234362607502951000391991001946916631      
0012600100002952           26031600000313937426040100000320556100000000000000000001781031393742607502952000392001006618716901      
0012600100002954           26031600000325015726040100000331868100000000000000000001781032501572607502954000392011006852416361      
0012600100002955           26031600000480398526040100000490526800000000000000000001781048039852607502955000392021010128316421      
0012600100002956           26031600000512124626040100000522921800000000000000000001781051212462607502956000392031010797216581      
0012600100002957           26031600000766038626040100000782189100000000000000000001781076603862607502957000392041016150516841      
0012600100002958           26031600000101448826040100000103587600000000000000000001781010144882607502958000392051002138816991      
0012600100002959           26031600000658625126040100000672510900000000000000000001781065862512607502959000175991013885816581      
0012600100002960           26031600000379141026040100000387134500000000000000000001781037914102607502960000392061007993516421      
0012600100002961           26031600000637410026040100000650848500000000000000000001781063741002607502961000392071013438516841      
0012600100002962           26031600001242675626040100001268875000000000000000000001781124267562607502962000392081026199416211      
0012600100002963           26031600000517216026040100000528120500000000000000000001781051721602607502963000392091010904516371      
0012600100002964           26031600000376072626040100000384001400000000000000000001781037607262607502964000392101007928816151      
0012600100002966           26031600000519324726040100000530273600000000000000000001781051932472607502966000392111010948916151      
0012600100002967           26031600000363390026040100000371051400000000000000000001781036339002607502967000392121007661416571      
0012600100002969           26031600000599454026040100000612092300000000000000000001781059945402607502969000392131012638316631      
0012600100002970           26031600000651116326040100000664843900000000000000000001781065111632607502970000392141013727616841      
0012600100002971           26031600000416831826040100000425619900000000000000000001781041683182607502971000392151008788116631      
0012600100002972           26031600000278650626040100000284525400000000000000000001781027865062607502972000392161005874816001      
0012600100002973           26031600000363798926040100000371468800000000000000000001781036379892607502973000392171007669916421      
0012600100002974           26031600001578323226040100001611599000000000000000000001781157832322607502974000392181033275816001      
0012600100002975           26031600000346922726040100000354236900000000000000000001781034692272607502975000392191007314216421      
0012600100002976           26031600000739680226040100000755274900000000000000000001781073968022607502976000392201015594716581      
0012600100002977           26031600000343870726040100000351120500000000000000000001781034387072607502977000392211007249816631      
0012600100002978           26031600000231519826040100000236400900000000000000000001781023151982607502978000392221004881116001      
0012600100002979           26031600000779333026040100000795763700000000000000000001781077933302607502979000392231016430716421      
0012600100002980           26031600000283929526040100000289915600000000000000000001781028392952607502980000392241005986116001      
0012600100002981           26031600000643522026040100000657089400000000000000000001781064352202607502981000392251013567416001      
0012600100002982           26031600000370806526040100000378624200000000000000000001781037080652607502982000392261007817716901      
0012600100002983           26031600000170611326040100000174208300000000000000000001781017061132607502983000392271003597016631      
0012600100002984           26031600000323568326040100000330390200000000000000000001781032356832607502984000392281006821916571      
0012600100002985           26031600000509993026040100000520745200000000000000000001781050999302607502985000392291010752216421      
0012600100002987           26031600000958107726040100000978307600000000000000000001781095810772607502987000392301020199916371      
0012600100002990           26031600001438395526040100001468721200000000000000000001781143839552607502990000392311030325716581      
0012600100002991           26031600000109529526040100000111838700000000000000000001781010952952607502991000392321002309216781      
0012600100002992           26031600001615941426040100001650010400000000000000000001781161594142607502992000392331034069016571      
0012600100002994           26031600002400167026040100002450769800000000000000000001781240016702607502994000392341050602816631      
0012600100002995           26031600000345217526040100000352495800000000000000000001781034521752607502995000392351007278316361      
0012600100002996           26031600000177501826040100000181244100000000000000000001781017750182607502996000176001003742316791      
0012600100002998           26031600004973573926040100005078432000000000000000000001781497357392607502998000176011000000016791      
0012600100002999           26031600002672214526040100002728552900000000000000000001781267221452607502999000176021056338416151      
0012600100003000           26031600000097244026040100000099294200000000000000000001781009724402607503000000176031002050216361      
0012600100003003           26031600000320213026040100000326964100000000000000000001781032021302607503003000392361006751116161      
0012600100003004           26031600000552166326040100000563807600000000000000000001781055216632607503004000392371011641316781      
0012600100003005           26031600000643473826040100000657040200000000000000000001781064347382607503005000392381013566416991      
0012600100003006           26031600002004646826040100002046910900000000000000000001781200464682607503006000392391042264116841      
0012600100003007           26031600001887911926040100001927714900000000000000000001781188791192607503007000392401039803016361      
0012600100003008           26031600000294582026040100000300792700000000000000000001781029458202607503008000392411006210716581      
0012600100003009           26031600001016909026040100001038348500000000000000000001781101690902607503009000392421021439516161      
0012600100003010           26031600002473164826040100002525306600000000000000000001781247316482607503010000392431052141816781      
0012600100003011           26031600001015771426040100001037186900000000000000000001781101577142607503011000392441021415516421      
0012600100003012           26031600001098292026040100001121447300000000000000000001781109829202607503012000392451023155316361      
0012600100003013           26031600001203405426040100001228776800000000000000000001781120340542607503013000392461025371416421      
0012600100003014           26031600001797245126040100001835136500000000000000000001781179724512607503014000392471037891416571      
0012600100003015           26031600001810775626040100001848952300000000000000000001781181077562607503015000392481038176716371      
0012600100003016           26031600000561043726040100000572872200000000000000000001781056104372607503016000392491011828516211      
0012600100003017           26031600000805012726040100000821984800000000000000000001781080501272607503017000392501016972116631      
0012600100003018           26031600001798374326040100001836289500000000000000000001781179837432607503018000392511037915216361      
0012600100003019           26031600004617104126040100004714446700000000000000000001781461710412607503019000392521097342616361      
0012600100003020           26031600001379204226040100001408282100000000000000000001781137920422607503020000392531029077916991      
0012600100003021           26031600001378393626040100001407454300000000000000000001781137839362607503021000392541029060716001      
0012600100003022           26031600000723784226040100000739043800000000000000000001781072378422607503022000392551015259616901      
0012600100003023           26031600001118599626040100001142183100000000000000000001781111859962607503023000392561023583516361      
0012600100003025           26031600001923822126040100001964382100000000000000000001781192382212607503025000392571040560016991      
0012600100003026           26031600004556996626040100004653071900000000000000000001781455699662607503026000176041096075316781      
0012600100003027           26031600000149933226040100000153094200000000000000000001781014993322607503027000392581003161016631      
0012600100003028           26031600000092343626040100000094290500000000000000000001781009234362607503028000176051001946916791      
0012600100003029           26031600000256329526040100000261733700000000000000000001781025632952607503029000392591005404216781      
0012600100003030           26031600000417211726040100000426007800000000000000000001781041721172607503030000392601008796116791      
0012600100003031           26031600000515150226040100000526011200000000000000000001781051515022607503031000392611010861016781      
0012600100003032           26031600000577470426040100000589645200000000000000000001781057747042607503032000392621012174816001      
0012600100003033           26031600000487852026040100000498137400000000000000000001781048785202607503033000392631010285416161      
0012600100003034           26031600000401396726040100000409859300000000000000000001781040139672607503034000392641008462616631      
0012600100003035           26031600001705355726040100001741309800000000000000000001781170535572607503035000392651035954116371      
0012600100003036           26031600001745767126040100001782573100000000000000000001781174576712607503036000392661036806016991      
0012600100003037           26031600000171685826040100000175305500000000000000000001781017168582607503037000392671003619716421      
0012600100003038           26031600002830729526040100002890409800000000000000000001781283072952607503038000392681059680316841      
0012600100003039           26031600000089759526040100000091651900000000000000000001781008975952607503039000392691001892416361      
0012600100003040           26031600000318281726040100000324992000000000000000000001781031828172607503040000392701006710316421      
0012600100003041           26031600000812936826040100000830076000000000000000000001781081293682607503041000176061017139216211      
0012600100003043           26031600000820301926040100000837596300000000000000000001781082030192607503043000392711017294416211      
0012600100003044           26031600001458776726040100001489532100000000000000000001781145877672607503044000392721030755416571      
0012600100003046           26031600000109375226040100000111681200000000000000000001781010937522607503046000176071002306016421      
0012600100003047           26031600000108940626040100000111237400000000000000000001781010894062607503047000392731002296816781      
0012600100003048           26031600000381580826040100000389625700000000000000000001781038158082607503048000392741008044916211      
0012600100003049           26031600000258729726040100000264184500000000000000000001781025872972607503049000176081005454816631      
0012600100003050           26031600000797699626040100000814517500000000000000000001781079769962607503050000392751016817916211      
0012600100003051           26031600000258368426040100000263815600000000000000000001781025836842607503051000392761005447216791      
0012600100003052           26031600000864741026040100000882972300000000000000000001781086474102607503052000392771018231316631      
0012600100003053           26031600000627508926040100000640738700000000000000000001781062750892607503053000392781013229816371      
0012600100003054           26031600000087980926040100000089835800000000000000000001781008798092607503054000392791001854916901      
0012600100003055           26031600000087980926040100000089835800000000000000000001781008798092607503055000392801001854916211      
0012600100003056           26031600000626420226040100000639627000000000000000000001781062642022607503056000392811013206816211      
0012600100003057           26031600000323840626040100000330668100000000000000000001781032384062607503057000392821006827516781      
0012600100003058           26031600000493213426040100000503611900000000000000000001781049321342607503058000392831010398516001      
0012600100003059           26031600000283929526040100000289915600000000000000000001781028392952607503059000392841005986116841      
0012600100003060           26031600000500343126040100000510891900000000000000000001781050034312607503060000392851010548816421      
0012600100003061           26031600001120108026040100001143723300000000000000000001781112010802607503061000392861023615316571      
0012600100012002           26031600001032358426040100001054123600000000000000000001781103235842607512002000392871021765216421      
0012600100012004           26031600000321639626040100000328420700000000000000000001781032163962607512004000392881006781116841      
0012600100012005           26031600000558538226040100000570313900000000000000000001781055853822607512005000392891011775716631      
0012600100012006           26031600000502109326040100000512695300000000000000000001781050210932607512006000392901010586016901      
0012600100012007           26031600000548845926040100000560417300000000000000000001781054884592607512007000392911011571416371      
0012600100012009           26031600000279417826040100000285308800000000000000000001781027941782607512009000392921005891016371      
0012600100012011           26031600000296854326040100000303112900000000000000000001781029685432607512011000392931006258616421      
0012600100012013           26031600000283929526040100000289915600000000000000000001781028392952607512013000392941005986116571      
0012600100012014           26031600001162797826040100001187313100000000000000000001781116279782607512014000176091024515316211      
0012600100012019           26031600000341841426040100000349048400000000000000000001781034184142607512019000392951007207016581      
0012600100012020           26031600000469122126040100000479012600000000000000000001781046912212607512020000392961009890516581      
0012600100012021           26031600001138845626040100001162855900000000000000000001781113884562607512021000392971024010316791      
0012600100012031           26031600000528971026040100000540123300000000000000000001781052897102607512031000392981011152316781      
0012600100012037           26031600000127037826040100000129716100000000000000000001781012703782607512037000392991002678316841      
0012600100012040           26031600000505357426040100000516011800000000000000000001781050535742607512040000393001010654416631      
0012600100012042           26031600001998697026040100002040835600000000000000000001781199869702607512042000393011042138616791      
0012600100012056           26031600001592206126040100001625774600000000000000000001781159220612607512056000393021033568516841      
0012600100012072           26031600000225353326040100000230104500000000000000000001781022535332607512072000393031004751216161      
0012600100012075           26031600004977300526040100005082237100000000000000000001781497730052607512075000393041000000016991      
0012600100012076           26031600000605089126040100000617846300000000000000000001781060508912607512076000393051012757216991      
0012600100012092           26031600000929886526040100000949491300000000000000000001781092988652607512092000393061019604816581      
0012600100012094           26031600000092343626040100000094290500000000000000000001781009234362607512094000176101001946916991      
0012600100012099           26031600000087980926040100000089835800000000000000000001781008798092607512099000393071001854916361      
0012600100012103           26031600000285984026040100000292013400000000000000000001781028598402607512103000393081006029416571      
0012600100012105           26031600000477916026040100000487991900000000000000000001781047791602607512105000393091010075916421      
0012600100012125           26031600011910490426040100012161599800000000000000000001781000000002607512125000176111000000016841      
0012600100012141           26031600000750391326040100000766211800000000000000000001781075039132607512141000176121015820516211      
0012600100012151           26031600000755870926040100000771807000000000000000000001781075587092607512151000393101015936116371      
0012600100012163           26031600000158013926040100000161345300000000000000000001781015801392607512163000393111003331416631      
0012600100012165           26031600001122978526040100001146654300000000000000000001781112297852607512165000393121023675816991      
0012600100012168           26031600000415463626040100000424222800000000000000000001781041546362607512168000393131008759216361      
0012600100012169           26031600000262250226040100000267779200000000000000000001781026225022607512169000393141005529016001      
0012600100012178           26031600000098755226040100000100837200000000000000000001781009875522607512178000393151002082016791      
0012600100012187           26031600000466765326040100000476606100000000000000000001781046676532607512187000393161009840816841      
0012600100012194           26031600000441284926040100000450588500000000000000000001781044128492607512194000393171009303616001      
0012600100012200           26031600000885956626040100000904635200000000000000000001781088595662607512200000393181018678616791      
0012600100012202           26031600000087980926040100000089835800000000000000000001781008798092607512202000393191001854916631      
0012600100012206           26031600000835112226040100000852718900000000000000000001781083511222607512206000393201017606716781      
0012600100012217           26031600001300449426040100001327866800000000000000000001781130044942607512217000176131027417416361      
0012600100012229           26031600001318529326040100001346328000000000000000000001781131852932607512229000393211027798716211      
0012600100012235           26031600000197825226040100000201995900000000000000000001781019782522607512235000393221004170716001      
0012600100012237           26031600000742427726040100000758080400000000000000000001781074242772607512237000393231015652716841      
0012600100012247           26031600000505733726040100000516396100000000000000000001781050573372607512247000393241010662416841      
0012600100012274           26031600000153973626040100000157219800000000000000000001781015397362607512274000393251003246216841      
0012600100012287           26031600000591176626040100000603640400000000000000000001781059117662607512287000393261012463816901      
0012600100012303           26031600000092343626040100000094290500000000000000000001781009234362607512303000176141001946916371      
0012600100012309           26031600003846447826040100003927542600000000000000000001781384644782607512309000393271081094816841      
0012600100012337           26031600003318035726040100003387990000000000000000000001781331803572607512337000393281069954316841      
0012600100012343           26031600000521590626040100000532587300000000000000000001781052159062607512343000393291010996716421      
0012600100012370           26031600000087980926040100000089835800000000000000000001781008798092607512370000393331001854916841      
0012600100012373           26031600000326773426040100000333662800000000000000000001781032677342607512373000393341006889416361      
0012600100012374           26031600000684111326040100000698534500000000000000000001781068411132607512374000176151014423216841      
0012600100012375           26031600000218619426040100000223228500000000000000000001781021861942607512375000393351004609116161      
0012600100012377           26031600019173424026040100019577658000000000000000000001781000000002607512377000176161000000016841      
0012600100012382           26031600000322556926040100000329357300000000000000000001781032255692607512382000393361006800416901      
0012600100012426           26031600001160262826040100001184724600000000000000000001781116026282607512426000393371024461816001      
0012600100012427           26031600000235147426040100000240105000000000000000000001781023514742607512427000176171004957616781      
0012600100012432           26031600000551554426040100000563182900000000000000000001781055155442607512432000176181011628516841      
0012600100012469           26031600000117988826040100000120476300000000000000000001781011798882607512469000393381002487516841      
0012600100012485           26031600001539067626040100001571515800000000000000000001781153906762607512485000393391032448216211      
0012600100012504           26031600000505775726040100000516438900000000000000000001781050577572607512504000393401010663216211      
0012600100012509           26031600000087980926040100000089835800000000000000000001781008798092607512509000393411001854916991      
0012600100012532           26031600009811303426040100010018155600000000000000000001781000000002607512532000176191000000016421      
0012600100012575           26031600000294703826040100000300917000000000000000000001781029470382607512575000393441006213216001      
0012600100012583           26031600000087980926040100000089835800000000000000000001781008798092607512583000393451001854916211      
0012600100012587           26031600000100101926040100000102212400000000000000000001781010010192607512587000393461002110516781      
0012600100012594           26031600001957916926040100001999195700000000000000000001781195791692607512594000176201041278816581      
0012600100012595           26031600000358685426040100000366247500000000000000000001781035868542607512595000393471007562116841      
0012600100012615           26031600000168488826040100000172041000000000000000000001781016848882607512615000393481003552216161      
0012600100012616           26031600000523320026040100000534353100000000000000000001781052332002607512616000393491011033116631      
0012600100012617           26031600000986065926040100001006855200000000000000000001781098606592607512617000393501020789316571      
0012600100012618           26031600001723740526040100001760082200000000000000000001781172374052607512618000176211036341716421      
0012600100012621           26031600000097172326040100000099221000000000000000000001781009717232607512621000393511002048716631      
0012600100012624           26031600001939804926040100001980701900000000000000000001781193980492607512624000176221040897016581      
0012600100012632           26031600000500112726040100000510656600000000000000000001781050011272607512632000393521010543916371      
0012600100012633           26031600000091845726040100000093782100000000000000000001781009184572607512633000393531001936416841      
0012600100012640           26031600000090262826040100000092165800000000000000000001781009026282607512640000393541001903016841      
0012600100012644           26031600000159360726040100000162720500000000000000000001781015936072607512644000393551003359816991      
0012600100012669           26031600000125772326040100000128424000000000000000000001781012577232607512669000393561002651716421      
0012600100012674           26031600000421185426040100000430065200000000000000000001781042118542607512674000176231008879816001      
0012600100012675           26031600000118957026040100000121465000000000000000000001781011895702607512675000393571002508016161      
0012600100012681           26031600000087980926040100000089835800000000000000000001781008798092607512681000393581001854916161      
0012600100012688           26031600001391666926040100001421007500000000000000000001781139166692607512688000393591029340616571      
0012600100012689           26031600004377431026040100004469720600000000000000000001781437743102607512689000393601092289616211      
0012600100002003           26031600001612448626040100001646443900000000000000000001781161244862607502003000036421033995316161      
0012600100002001           26031600000489960726040100000500290600000000000000000001781048996072607502001000036411010329916421      
0012600100002008           26031600000087980926040100000089835800000000000000000001781008798092607502008000036431001854916211      
0012600100002015           26031600000536945726040100000548266100000000000000000001781053694572607502015000036441011320416151      
0012600100002058           26031600000828127526040100000845587000000000000000000001781082812752607502058000036451017459516781      
0012600100002059           26031600006864472326040100007009196300000000000000000001781686447232607502059000022221000000016211      
0012600100002061           26031600001332807326040100001360906900000000000000000001781133280732607502061000036461028099616421      
0012600100002095           26031600000735257126040100000750758500000000000000000001781073525712607502095000036471015501416371      
0012600100002096           26031600001297108526040100001324455500000000000000000001781129710852607502096000036481027347016791      
0012600100002097           26031600001191777126040100001216903400000000000000000001781119177712607502097000022231025126316901      
0012600100002140           26031600000087980926040100000089835800000000000000000001781008798092607502140000036491001854916151      
0012600100002143           26031600000097408426040100000099462000000000000000000001781009740842607502143000036501002053616901      
0012600100002162           26031600000847269726040100000865132700000000000000000001781084726972607502162000036511017863016791      
0012600100002202           26031600002711166226040100002768325900000000000000000001781271116622607502202000036521057159716901      
0012600300002210           26031600003014056626040100003077602000000000000000000001781301405662607502210000036531063545416791      
0012600100002233           26031600000104810026040100000107019700000000000000000001781010481002607502233000036541002209716421      
0012600100002236           26031600000093653726040100000095628200000000000000000001781009365372607502236000022241001974516001      
0012600100002237           26031600000399288026040100000407706200000000000000000001781039928802607502237000036551008418216421      
0012600100002268           26031600001570785426040100001603902400000000000000000001781157078542607502268000036561033117016161      
0012600100002314           26031600001419988926040100001449926600000000000000000001781141998892607502314000022251029937716631      
0012600100002316           26031600000568097526040100000580074700000000000000000001781056809752607502316000022261011977216151      
0012600100002317           26031600001063181526040100001085596600000000000000000001781106318152607502317000022271022415116371      
0012600100002347           26031600000111995526040100000114356700000000000000000001781011199552607502347000022281002361216361      
0012600100002359           26031600000092343626040100000094290500000000000000000001781009234362607502359000022291001946916791      
0012600100002365           26031600001320550226040100001348391500000000000000000001781132055022607502365000036571027841316001      
0012600100002378           26031600000851858826040100000869818600000000000000000001781085185882607502378000022301017959816781      
0012600100002380           26031600001153823526040100001178149600000000000000000001781115382352607502380000036581024326116151      
0012600100002452           26031600000263247926040100000268797900000000000000000001781026324792607502452000022311005550016781      
0012600100002469           26031600003233005626040100003301167200000000000000000001781323300562607502469000022321068161616791      
0012600100002479           26031600007697083326040100007859361200000000000000000001781769708332607502479000022331000000016781      
0012600100002531           26031600001208078026040100001233548000000000000000000001781120807802607502531000022341025470016161      
0012600100002536           26031600000092343626040100000094290500000000000000000001781009234362607502536000022351001946916901      
0012600100002556           26031600002366091526040100002415975900000000000000000001781236609152607502556000036591049884416001      
0012600100002595           26031600000837965626040100000855632400000000000000000001781083796562607502595000036601017666816841      
0012600100002613           26031600001146365426040100001170534300000000000000000001781114636542607502613000036611024168916161      
0012600100002614           26031600000928234126040100000947804200000000000000000001781092823412607502614000036621019570116001      
0012600100002623           26031600003576005926040100003651398900000000000000000001781357600592607502623000022361075393016421      
0012600100002626           26031600000194377226040100000198475200000000000000000001781019437722607502626000036631004098016901      
0012600100002647           26031600000112004626040100000114366000000000000000000001781011200462607502647000036641002361416581      
0012600100002652           26031600000784728326040100000801272800000000000000000001781078472832607502652000036651016544516571      
0012600100002656           26031600001067034626040100001089530900000000000000000001781106703462607502656000036661022496316211      
0012600100002684           26031600001388338926040100001417609300000000000000000001781138833892607502684000036671029270416421      
0012600100002700           26031600000741520226040100000757153600000000000000000001781074152022607502700000036681015633416631      
0012600100002746           26031600001533570126040100001565902400000000000000000001781153357012607502746000036691032332316581      
0012600100002761           26031600000234780826040100000239730700000000000000000001781023478082607502761000036701004949916631      
0012600100002773           26031600001476818826040100001507954600000000000000000001781147681882607502773000022371031135816421      
0012600100002774           26031600000184377026040100000188264200000000000000000001781018437702607502774000022381003887216421      
0012600100002778           26031600000159412226040100000162773100000000000000000001781015941222607502778000036711003360916371      
0012600100002785           26031600003073619426040100003138420600000000000000000001781307361942607502785000022391064801216421      
0012600100002787           26031600000788651826040100000805279000000000000000000001781078865182607502787000036721016627216841      
0012600100002813           26031600001987286826040100002029184900000000000000000001781198728682607502813000036731041898116781      
0012600100002832           26031600000509756626040100000520503800000000000000000001781050975662607502832000022401010747216901      
0012600100002842           26031600000240168026040100000245231500000000000000000001781024016802607502842000036741005063516161      
0012600100009001           26031600000301326026040100000307678900000000000000000001781030132602607509001000036751006352916361      
0012600100009002           26031600000185578726040100000189491200000000000000000001781018557872607509002000036761003912516371      
0012600100009003           26031600000558796826040100000570578000000000000000000001781055879682607509003000036771011781216841      
0012600100009004           26031600000741520226040100000757153600000000000000000001781074152022607509004000036781015633416901      
0012600100009005           26031600000118192926040100000120684800000000000000000001781011819292607509005000036791002491916841      
0012600100009006           26031600000926266926040100000945795500000000000000000001781092626692607509006000022411019528616571      
0012600100009007           26031600003615212526040100003691432200000000000000000001781361521252607509007000036801076219716841      
0012600100009008           26031600000918320226040100000937681200000000000000000001781091832022607509008000036811019361016421      
0012600100009009           26031600000116263426040100000118714600000000000000000001781011626342607509009000036821002451216161      
0012600100009010           26031600001571898626040100001605039000000000000000000001781157189862607509010000036831033140416581      
0012600100009011           26031600000850574326040100000868507000000000000000000001781085057432607509011000036841017932716001      
0012600100009012           26031600000092343626040100000094290500000000000000000001781009234362607509012000022421001946916421      
0012600100012017           26031600000807613626040100000824640600000000000000000001781080761362607512017000036851017027016631      
0012600100012065           26031600000366603726040100000374332800000000000000000001781036660372607512065000036861007729116631      
0012600100012066           26031600000114809426040100000117229900000000000000000001781011480942607512066000036871002420516151      
0012600100012067           26031600000347312926040100000354635300000000000000000001781034731292607512067000036881007322416631      
0012600100012107           26031600000087980926040100000089835800000000000000000001781008798092607512107000036891001854916361      
0012600100012109           26031600000096061626040100000098086900000000000000000001781009606162607512109000036901002025316151      
0012600100012121           26031600001261409626040100001288003900000000000000000001781126140962607512121000036911026594316841      
0012600100012122           26031600000165710726040100000169204300000000000000000001781016571072607512122000022431003493616211      
0012600100012132           26031600000101448826040100000103587600000000000000000001781010144882607512132000036921002138816571      
0012600100012228           26031600000113569826040100000115964100000000000000000001781011356982607512228000036931002394316421      
0012600100012284           26031600000415944926040100000424714300000000000000000001781041594492607512284000022441008769416841      
0012600100012307           26031600000087980926040100000089835800000000000000000001781008798092607512307000036941001854916781      
0012600100012330           26031600000087980926040100000089835800000000000000000001781008798092607512330000036951001854916161      
0012600100012385           26031600000093849726040100000095828300000000000000000001781009384972607512385000036961001978616901      
0012600100012452           26031600000602723926040100000615431200000000000000000001781060272392607512452000036971012707316161      
0012600100012486           26031600000109529526040100000111838700000000000000000001781010952952607512486000036981002309216421      
0012600100012488           26031600000450051126040100000459539600000000000000000001781045005112607512488000036991009488516371      
0012600100012494           26031600002226471826040100002273412500000000000000000001781222647182607512494000037001046940716581      
0012600100012503           26031600002286472226040100002334678000000000000000000001781228647222607512503000037011048205816001      
0012600100012523           26031600000097584126040100000099641500000000000000000001781009758412607512523000022451002057416371      
0012600100012524           26031600000089327726040100000091210900000000000000000001781008932772607512524000037021001883216581      
0012600100012557           26031600001400238526040100001429759800000000000000000001781140023852607512557000037031029521316161      
0012600100012623           26031600000092021326040100000093961400000000000000000001781009202132607512623000037041001940116901      
0012600100012685           26031600001193199926040100001218356200000000000000000001781119319992607512685000037051025156316571      
0012600100012686           26031600000096061626040100000098086900000000000000000001781009606162607512686000037061002025316211      
0012600100012694           26031600000459953726040100000469650900000000000000000001781045995372607512694000037071009697216631      
0022600300000691           26031600001362591426040100001391319000000000000000000001781136259142607500691000034631028727616151      
0022600300000755           26031600000123604426040100000126210400000000000000000001781012360442607500755000034641002606016791      
0022600300000665           26031600001818750526040100001857095300000000000000000001781181875052607500665000034621038344816361      
0022600300000772           26031600002218993326040100002265776400000000000000000001781221899332607500772000034651046783116211      
0022600300000799           26031600002329195826040100002378302300000000000000000001781232919582607500799000034661049106516841      
0022600300000875           26031600001197480026040100001222726500000000000000000001781119748002607500875000034671025246516421      
0022600300002209           26031600008428643226040100008606344600000000000000000001781842864322607502209000034681000000016421      
0022600300002260           26031600001890329526040100001930183400000000000000000001781189032952607502260000034691039853916371      
0022600300002311           26031600000470873926040100000480801300000000000000000001781047087392607502311000034701009927416901      
0022600300002716           26031600005053065826040100005159599800000000000000000001781505306582607502716000034711000000016841      
0022600300002759           26031600001577427626040100001610684600000000000000000001781157742762607502759000034721033257016211      
0022600300002997           26031600003865843926040100003947347700000000000000000001781386584392607502997000034731081503816571      
0022600300004001           26031600008478673526040100008657429700000000000000000001781847867352607504001000034741000000016631      
0022600300004391           26031600006886531126040100007031720100000000000000000001781688653112607504391000034751000000016161      
0022600300004392           26031600003943569126040100004026711500000000000000000001781394356912607504392000034761083142416841      
0022600300004393           26031600001883495726040100001923205500000000000000000001781188349572607504393000034771039709816781      
0022600300004394           26031600010759469126040100010986311400000000000000000001781000000002607504394000034781000000016791      
0022600300004395           26031600004676366626040100004774958600000000000000000001781467636662607504395000034791098592016001      
0022600300004396           26031600008037229226040100008206678400000000000000000001781803722922607504396000034801000000016211      
0022600300004600           26031600001542112126040100001574624600000000000000000001781154211212607504600000034811032512516841      
0022600300004628           26031600000070631126040100000072120200000000000000000001781007063112607504628000034821001489116421      
0022600300005003           26031600131035383126040100133798007300000000000000000001781000000002607505003000034831000000016421      
0022600300006275           26031600005038156326040100005144375900000000000000000001781503815632607506275000065861000000016901      
0022600300007117           26031600002510346626040100002563272400000000000000000001781251034662607507117000034841052925816991      
0022600300012181           26031600000756341226040100000772287200000000000000000001781075634122607512181000034851015946016631      
0022600300000412           26031600020007332926040100020429148300000000000000000001781000000002607500412000065881000000016791      
0022600300000435           26031600021292623226040100021741536500000000000000000001781000000002607500435000065891000000016211      
0022600300000437           26031600140036321526040100142988712900000000000000000001781000000002607500437000065901000000016631      
0022600300000614           26031600036702174226040100037475967600000000000000000001781000000002607500614000065951000000016791      
0022600300000617           26031600054503859926040100055652967000000000000000000001781000000002607500617000065961000000016371      
0022600300000672           26031600030399745526040100031040664600000000000000000001781000000002607500672000066001000000016781      
0022600300000724           26031600126221102226040100128882226800000000000000000001781000000002607500724000066011000000016211      
0022600300000728           26031600069663956526040100071132684500000000000000000001781000000002607500728000066021000000016001      
0022600300000760           26031600046642160626040100047625519100000000000000000001781000000002607500760000066061000000016211      
0022600300000775           26031601680199551326040101715623265700000000000000000001781000000002607500775000066071000000016581      
0022600300000841           26031600107462371926040100109728005400000000000000000001781000000002607500841000066111000000016571      
0022600300000842           26031600030517953126040100031161364300000000000000000001781000000002607500842000066121000000016841      
0022600300000889           26031600003833229626040100003914045700000000000000000001781383322962607500889000066131080816116571      
0022600300002490           26031600021395373126040100021846452600000000000000000001781000000002607502490000066161000000016421      
0022600300002572           26031600012111160826040100012366500900000000000000000001781000000002607502572000066171000000016371      
0022600300002612           26031600013987188726040100014282081200000000000000000001781000000002607502612000066181000000016161      
0022600300002674           26031600028859108826040100029467546500000000000000000001781000000002607502674000066191000000016361      
0022600300002679           26031600005941919726040100006067193400000000000000000001781594191972607502679000066201000000016001      
0022600300002779           26031600041971503126040100042856390000000000000000000001781000000002607502779000066211000000016631      
0022600300002846           26031600015062258626040100015379816800000000000000000001781000000002607502846000066221000000016371      
0022600300002928           26031600110393534226040100112720965400000000000000000001781000000002607502928000066251000000016581      
0022600300002986           26031600009586050326040100009788153300000000000000000001781958605032607502986000066261000000016841      
0022600300004002           26031600090086886226040100091986191600000000000000000001781000000002607504002000066271000000016421      
0022600300004713           26031600047723508826040100048729665400000000000000000001781000000002607504713000066311000000016001      
0022600300004777           26031600041386737526040100042259295700000000000000000001781000000002607504777000066321000000016421      
0022600300004814           26031600096642471626040100098679988700000000000000000001781000000002607504814000066331000000016841      
0022600300009904           26031600067941904626040100069374326400000000000000000001781000000002607509904000066371000000016581      
0022600300009907           26031600007862918826040100008028693000000000000000000001781786291882607509907000034861000000016211      
0022600300012049           26031600153878046226040100157122263200000000000000000001781000000002607512049000066381000000016571      
0022600300012381           26031600134785885626040100137627581900000000000000000001781000000002607512381000066421000000016781      
0022600300012418           26031600002934430526040100002996297200000000000000000001781293443052607512418000066431061866716211      
0022600300012433           26031600006961017126040100007107776500000000000000000001781696101712607512433000066441000000016581      
0022600300012480           26031600051026864726040100052102666100000000000000000001781000000002607512480000066451000000016371      
0022600300000339           26031600053110612326040100054230345500000000000000000001781000000002607500339000065871000000016211      
0022600300000487           26031600009398512626040100009596661800000000000000000001781939851262607500487000065911000000016631      
0022600300000568           26031600041554779126040100042430880200000000000000000001781000000002607500568000065921000000016841      
0022600300000576           26031600006427274426040100006562780800000000000000000001781642727442607500576000065931000000016781      
0022600300000598           26031600061265187726040100062556844100000000000000000001781000000002607500598000065941000000016421      
0022600300000626           26031600449772280526040100459254847500000000000000000001781000000002607500626000065971000000016841      
0022600300000649           26031600955623946926040100975771404900000000000000000001781000000002607500649000065981000000016361      
0022600300000662           26031600016707452626040100017059696500000000000000000001781000000002607500662000065991000000016361      
0022600300000736           26031600212750764926040100217236197800000000000000000001781000000002607500736000066031000000016361      
0022600300000737           26031600025002507026040100025529635900000000000000000001781000000002607500737000066041000000016631      
0022600300000759           26031600036093345026040100036854302400000000000000000001781000000002607500759000066051000000016901      
0022600300000789           26031600046951357126040100047941234400000000000000000001781000000002607500789000066081000000016791      
0022600300000798           26031600017439329726040100017807003800000000000000000001781000000002607500798000066091000000016211      
0022600300000834           26031600119913332026040100122441469600000000000000000001781000000002607500834000066101000000016371      
0022600300002270           26031600025585281626040100026124697100000000000000000001781000000002607502270000066141000000016581      
0022600300002487           26031600098470115026040100100546164400000000000000000001781000000002607502487000066151000000016991      
0022600300002863           26031600079091776426040100080759271500000000000000000001781000000002607502863000066231000000016901      
0022600300002907           26031600177388562726040100181128452800000000000000000001781000000002607502907000066241000000016371      
0022600300004467           26031600032478910226040100033163664300000000000000000001781000000002607504467000066281000000016421      
0022600300004688           26031600074431916926040100076001168000000000000000000001781000000002607504688000066291000000016361      
0022600300004692           26031600042310401026040100043202432800000000000000000001781000000002607504692000066301000000016901      
0022600300005905           26031600026663108126040100027225247500000000000000000001781000000002607505905000066341000000016211      
0022600300006680           26031600008486590926040100008665514100000000000000000001781848659092607506680000066351000000016571      
0022600300007210           26031600066955894326040100068367528100000000000000000001781000000002607507210000066361000000016361      
0022600300012120           26031600036604543526040100037376278600000000000000000001781000000002607512120000066391000000016791      
0022600300012285           26031600006380605026040100006515127600000000000000000001781638060502607512285000066401000000016791      
0022600300012361           26031600261902526026040100267424227400000000000000000001781000000002607512361000066411000000016631      
0022600300012702           26031600003023109326040100003086845700000000000000000001781302310932607512702000066461063736416161      
TRFACTURACION00001951000000087965804740000000089831281378000000000000000000                                                        
0022600200004016           26041500000564412626043000000575568400000000000000000001781056441262609104016000545872011155815151      
0022600200004007           26041500000912014226043000000930040500000000000000000001781091201422609104007000545792018026315001      
0022600200004015           26041500000847914926043000000864674200000000000000000001781084791492609104015000545862016759315991      
0022600200004011           26041500000141348926043000000144142700000000000000000001781014134892609104011000545832002793815841      
0022600200004012           26041500000141918326043000000144723300000000000000000001781014191832609104012000545842002805015151      
0022600200004005           26041500000517539626043000000527768900000000000000000001781051753962609104005000545782010229315631      
0022600200004017           26041500000477837026043000000487281700000000000000000001781047783702609104017000545882009444715371      
0022600200004008           26041500000452811326043000000461761300000000000000000001781045281132609104008000545802008950015421      
0022600200004018           26041500001393857126043000001421407200000000000000000001781139385712609104018000545892027550115211      
0022600200004009           26041500000241998826043000000246782100000000000000000001781024199882609104009000545812004783315791      
0022600200004010           26041500000338775026043000000345471000000000000000000001781033877502609104010000545822006696015991      
0022600200004013           26041500000416527026043000000424759800000000000000000001781041652702609104013000545852008232815211      
0022600200004014           26041500001078944026043000001100269800000000000000000001781107894402609104014000035062021325815421      
0022600200004019           26041500000603388826043000000615315000000000000000000001781060338882609104019000545902011926215581      
0022600200004940           26041500000990543226043000001010121600000000000000000001781099054322609104940000552822019578415571      
0022600200012655           26041500000035168326043000000035863400000000000000000001781003516832609112655000553882000695115991      
0022600200012663           26041500000692584526043000000706273700000000000000000001781069258452609112663000553892013689215841      
0022600200004004           26041500000199248526043000000203186700000000000000000001781019924852609104004000545772003938215151      
0022600200004020           26041500002415002226043000002462735600000000000000000001781241500222609104020000545912047733415211      
0022600200004021           26041500000460857226043000000469966200000000000000000001781046085722609104021000545922009109015841      
0022600200004022           26041500000216109726043000000220381200000000000000000001781021610972609104022000545932004271515151      
0022600200004024           26041500000070147826043000000071534300000000000000000001781007014782609104024000545942001386515571      
0022600200004025           26041500000359259526043000000366360400000000000000000001781035925952609104025000545952007100915421      
0022600200004026           26041500000896092626043000000913804200000000000000000001781089609262609104026000545962017711615001      
0022600200004027           26041500000817462726043000000833620200000000000000000001781081746272609104027000545972016157515781      
0022600200004028           26041500000155573926043000000158648900000000000000000001781015557392609104028000545982003075015781      
0022600200004029           26041500000689343426043000000702968500000000000000000001781068934342609104029000545992013625115161      
0022600200004030           26041500000991975226043000001011581900000000000000000001781099197522609104030000546002019606715631      
0022600200004033           26041500001839115126043000001875465800000000000000000001781183911512609104033000546012036350715781      
0022600200004034           26041500000176717726043000000180210600000000000000000001781017671772609104034000546022003492915841      
0022600200004035           26041500000328408126043000000334899100000000000000000001781032840812609104035000546032006491015161      
0022600200004036           26041500000566937026043000000578142700000000000000000001781056693702609104036000546042011205715001      
0022600200004037           26041500000095133326043000000097013600000000000000000001781009513332609104037000546052001880315421      
0022600200004038           26041500000812489326043000000828548400000000000000000001781081248932609104038000546062016059115421      
0022600200004039           26041500000130902626043000000133489900000000000000000001781013090262609104039000546072002587315421      
0022600200004040           26041500000429208526043000000437691900000000000000000001781042920852609104040000546082008483415001      
0022600200004041           26041500000130964826043000000133553400000000000000000001781013096482609104041000546092002588615001      
0022600200004042           26041500001936397526043000001974671100000000000000000001781193639752609104042000546102038273615371      
0022600200004043           26041500000406610026043000000414646800000000000000000001781040661002609104043000546112008036815791      
0022600200004044           26041500001161861626043000001184826200000000000000000001781116186162609104044000546122022964615991      
0022600200004046           26041500000719708226043000000733933400000000000000000001781071970822609104046000546132014225215991      
0022600200004047           26041500000191929426043000000195723000000000000000000001781019192942609104047000546142003793615421      
0022600200004048           26041500000730730226043000000745173400000000000000000001781073073022609104048000546152014443215631      
0022600200004049           26041500001243092126043000001267662200000000000000000001781124309212609104049000546162024570115001      
0022600200004051           26041500004468253026043000004556569600000000000000000001781446825302609104051000546172088316615781      
0022600200004052           26041500006318752026043000006443644300000000000000000001781631875202609104052000035072000000015001      
0022600200004053           26041500001140220426043000001162757300000000000000000001781114022042609104053000035082022536915571      
0022600200004054           26041500000267243426043000000272525500000000000000000001781026724342609104054000546182005282115781      
0022600200004056           26041500000049175726043000000050147700000000000000000001781004917572609104056000546192000972015151      
0022600200004057           26041500000703411126043000000717314200000000000000000001781070341112609104057000546202013903115781      
0022600200004058           26041500003636115726043000003707984700000000000000000001781363611572609104058000546212071869015581      
0022600200004059           26041500000068276926043000000069626400000000000000000001781006827692609104059000546222001349515001      
0022600200004060           26041500000110402126043000000112584200000000000000000001781011040212609104060000546232002182115781      
0022600200004061           26041500000369875926043000000377186600000000000000000001781036987592609104061000546242007310715991      
0022600200004063           26041500000355362226043000000362386000000000000000000001781035536222609104063000546252007023815211      
0022600200004064           26041500000621866126043000000634157500000000000000000001781062186612609104064000546262012291415841      
0022600200004066           26041500001231819426043000001256166800000000000000000001781123181942609104066000035092024347415421      
0022600200004067           26041500000254370726043000000259398400000000000000000001781025437072609104067000546272005027715371      
0022600200004068           26041500001229277326043000001253574300000000000000000001781122927732609104068000546282024297015631      
0022600200004069           26041500001011188026043000001031174500000000000000000001781101118802609104069000546292019986515571      
0022600200004070           26041500000327529426043000000334003100000000000000000001781032752942609104070000546302006473715001      
0022600200004071           26041500000200061726043000000204016000000000000000000001781020006172609104071000546312003954315631      
0022600200004072           26041500000042808826043000000043655000000000000000000001781004280882609104072000546322000846215841      
0022600200004073           26041500000150989926043000000153974200000000000000000001781015098992609104073000546332002984315211      
0022600200004074           26041500000359412126043000000366516000000000000000000001781035941212609104074000546342007103915581      
0022600200004075           26041500000325298026043000000331727600000000000000000001781032529802609104075000546352006429615781      
0022600200004076           26041500000593751726043000000605487400000000000000000001781059375172609104076000546362011735715841      
0022600200004077           26041500000620631626043000000632898600000000000000000001781062063162609104077000546372012267015211      
0022600200004078           26041500001692469026043000001725921300000000000000000001781169246902609104078000546382033452315211      
0022600200004079           26041500000462314426043000000471452200000000000000000001781046231442609104079000546392009137815151      
0022600200004081           26041500000035168326043000000035863400000000000000000001781003516832609104081000546402000695115781      
0022600200004083           26041500000111572726043000000113777900000000000000000001781011157272609104083000546412002205215581      
0022600200004084           26041500000035168326043000000035863400000000000000000001781003516832609104084000546422000695115421      
0022600200004088           26041500000536291726043000000546891700000000000000000001781053629172609104088000546432010600015791      
0022600200004089           26041500001779298326043000001814466700000000000000000001781177929832609104089000546442035168415991      
0022600200004092           26041500000581379826043000000592870900000000000000000001781058137982609104092000546452011491115001      
0022600200004093           26041500000277115726043000000282593000000000000000000001781027711572609104093000546462005477315001      
0022600200004094           26041500000275947126043000000281401300000000000000000001781027594712609104094000546472005454215841      
0022600200004095           26041500000426894026043000000435331700000000000000000001781042689402609104095000546482008437715631      
0022600200004097           26041500000338083926043000000344766200000000000000000001781033808392609104097000546492006682315151      
0022600200004098           26041500001318913126043000001344981800000000000000000001781131891312609104098000546502026068715571      
0022600200004099           26041500000622822726043000000635133000000000000000000001781062282272609104099000546512012310315211      
0022600200004101           26041500000231777326043000000236358500000000000000000001781023177732609104101000546522004581215001      
0022600200004103           26041500000287471526043000000293153400000000000000000001781028747152609104103000546532005681915161      
0022600200004104           26041500000507756026043000000517792000000000000000000001781050775602609104104000546542010036015841      
0022600200004105           26041500000393719826043000000401501800000000000000000001781039371982609104105000546552007782015991      
0022600200004106           26041500000191116226043000000194893700000000000000000001781019111622609104106000546562003777515781      
0022600200004110           26041500000645914726043000000658681400000000000000000001781064591472609104110000546572012766715901      
0022600200004111           26041500000101144626043000000103143800000000000000000001781010114462609104111000546582001999215161      
0022600200004112           26041500002722533026043000002776344800000000000000000001781272253302609104112000035102053811815781      
0022600200004113           26041500000727952726043000000742340900000000000000000001781072795272609104113000546592014388215361      
0022600200004115           26041500001686086926043000001719413000000000000000000001781168608692609104115000546602033326115841      
0022600200004116           26041500000268689126043000000273999800000000000000000001781026868912609104116000546612005310715791      
0022600200004117           26041500000371335226043000000378674800000000000000000001781037133522609104117000546622007339615161      
0022600200004118           26041500000402013426043000000409959300000000000000000001781040201342609104118000546632007945915211      
0022600200004119           26041500000051722626043000000052744900000000000000000001781005172262609104119000546642001022315571      
0022600200004120           26041500002145757426043000002188169000000000000000000001781214575742609104120000546652042411615581      
0022600200004121           26041500001266947126043000001291988800000000000000000001781126694712609104121000546662025041715841      
0022600200004122           26041500001032115526043000001052515600000000000000000001781103211552609104122000546672020400115001      
0022600200004123           26041500000904244026043000000922116700000000000000000001781090424402609104123000546682017872715901      
0022600200004124           26041500000804054726043000000819947100000000000000000001781080405472609104124000546692015892415791      
0022600200004125           26041500000748385926043000000763178000000000000000000001781074838592609104125000546702014792115161      
0022600200004126           26041500001076005126043000001097272700000000000000000001781107600512609104126000546712021267615211      
0022600200004127           26041500001265985626043000001291008300000000000000000001781126598562609104127000546722025022715841      
0022600200004128           26041500000258014626043000000263114400000000000000000001781025801462609104128000546732005099815001      
0022600200004129           26041500000094159326043000000096020400000000000000000001781009415932609104129000035112001861115001      
0022600200004130           26041500000320785926043000000327126300000000000000000001781032078592609104130000035122006340415631      
0022600200004131           26041500000604996826043000000616954700000000000000000001781060499682609104131000546742011957915991      
0022600200004132           26041500000797368626043000000813128900000000000000000001781079736862609104132000546752015760315781      
0022600200004134           26041500000219818426043000000224163100000000000000000001781021981842609104134000546762004344715001      
0022600200004135           26041500000035168326043000000035863400000000000000000001781003516832609104135000546772000695115841      
0022600200004136           26041500000305791126043000000311835200000000000000000001781030579112609104136000546782006044115781      
0022600200004137           26041500000614521026043000000626667200000000000000000001781061452102609104137000546792012146215211      
0022600200004140           26041500000568099126043000000579327800000000000000000001781056809912609104140000546802011228715421      
0022600200004141           26041500001063556126043000001084577700000000000000000001781106355612609104141000035132021021615001      
0022600200004142           26041500000104230526043000000106290600000000000000000001781010423052609104142000546812002060115631      
0022600200004143           26041500000736227526043000000750779300000000000000000001781073622752609104143000546822014551815001      
0022600200004146           26041500001585664326043000001617005500000000000000000001781158566432609104146000546832031341215361      
0022600200004147           26041500000106149826043000000108247900000000000000000001781010614982609104147000546842002098115161      
0022600200004151           26041500000069550226043000000070924900000000000000000001781006955022609104151000546852001374715841      
0022600200004152           26041500000664767526043000000677906900000000000000000001781066476752609104152000546862013139415841      
0022600200004154           26041500000511902826043000000522020700000000000000000001781051190282609104154000546872010117915361      
0022600200004155           26041500002469917926043000002518736700000000000000000001781246991792609104155000546882048818815791      
0022600200004156           26041500000522269826043000000532592700000000000000000001781052226982609104156000546892010322915631      
0022600200004157           26041500000512939526043000000523078000000000000000000001781051293952609104157000546902010138515211      
0022600200004158           26041500000157469626043000000160582100000000000000000001781015746962609104158000546912003112515841      
0022600200004162           26041500000859723426043000000876716200000000000000000001781085972342609104162000546922016992815901      
0022600200004165           26041500002250596026043000002295079800000000000000000001781225059602609104165000546932044483815841      
0022600200004167           26041500000417327926043000000425576600000000000000000001781041732792609104167000546942008248715581      
0022600200004168           26041500000280570726043000000286116300000000000000000001781028057072609104168000546952005545615841      
0022600200004169           26041500000384679226043000000392282500000000000000000001781038467922609104169000546962007603315421      
0022600200004171           26041500000285450226043000000291092200000000000000000001781028545022609104171000546972005642015841      
0022600200004172           26041500001978842726043000002017955200000000000000000001781197884272609104172000546982039112515781      
0022600200004173           26041500000655604726043000000668563000000000000000000001781065560472609104173000546992012958315421      
0022600200004174           26041500001337228326043000001363659100000000000000000001781133722832609104174000547002026430815001      
0022600200004175           26041500000291955926043000000297726500000000000000000001781029195592609104175000547012005770615991      
0022600200004176           26041500000239530826043000000244265200000000000000000001781023953082609104176000547022004734415791      
0022600200004177           26041500000062295226043000000063526500000000000000000001781006229522609104177000547032001231315581      
0022600200004178           26041500001057830926043000001078739300000000000000000001781105783092609104178000547042020908415581      
0022600200004179           26041500000828423126043000000844797200000000000000000001781082842312609104179000547052016374115371      
0022600200004180           26041500000268372426043000000273676900000000000000000001781026837242609104180000547062005304515371      
0022600200004181           26041500001010242626043000001030210400000000000000000001781101024262609104181000547072019967815001      
0022600200004183           26041500000557079826043000000568090700000000000000000001781055707982609104183000547082011010915001      
0022600200004184           26041500001214508026043000001238513200000000000000000001781121450802609104184000547092024005215161      
0022600200004185           26041500003197699126043000003260902700000000000000000001781319769912609104185000547102063203615421      
0022600200004186           26041500001362781126043000001389716900000000000000000001781136278112609104186000547112026935815631      
0022600200004187           26041500000125070826043000000127542800000000000000000001781012507082609104187000547122002472015211      
0022600200004188           26041500000632163626043000000644658500000000000000000001781063216362609104188000547132012494915211      
0022600200004189           26041500001669694226043000001702696300000000000000000001781166969422609104189000547142033002115571      
0022600200004190           26041500000033058226043000000033711600000000000000000001781003305822609104190000547152000653415631      
0022600200004191           26041500000723806226043000000738112500000000000000000001781072380622609104191000547162014306315841      
0022600200004192           26041500002146472126043000002188897800000000000000000001781214647212609104192000547172042425715781      
0022600200004193           26041500000760833926043000000775872000000000000000000001781076083392609104193000547182015038115581      
0022600200004194           26041500000460068226043000000469161600000000000000000001781046006822609104194000547192009093415571      
0022600200004195           26041500000636519726043000000649100700000000000000000001781063651972609104195000547202012581015781      
0022600200004196           26041500000488462126043000000498116700000000000000000001781048846212609104196000547212009654615161      
0022600200004197           26041500002422309226043000002470187000000000000000000001781242230922609104197000547222047877815841      
0022600200004199           26041500000542413926043000000553134900000000000000000001781054241392609104199000547232010721015361      
0022600200004200           26041500000264381626043000000269607200000000000000000001781026438162609104200000547242005225615901      
0022600200004201           26041500000545229826043000000556006400000000000000000001781054522982609104201000547252010776615001      
0022600200004202           26041500000844720426043000000861416600000000000000000001781084472042609104202000547262016696215841      
0022600200004203           26041500000482374726043000000491909000000000000000000001781048237472609104203000547272009534315781      
0022600200004204           26041500000682364126043000000695851200000000000000000001781068236412609104204000547282013487115161      
0022600200004205           26041500000387499626043000000395158700000000000000000001781038749962609104205000547292007659115161      
0022600200004206           26041500000455921426043000000464932900000000000000000001781045592142609104206000547302009011515001      
0022600200004207           26041500000568079226043000000579307500000000000000000001781056807922609104207000547312011228315781      
0022600200004208           26041500000839095326043000000855680300000000000000000001781083909532609104208000547322016585015571      
0022600200004209           26041500001056319226043000001077197800000000000000000001781105631922609104209000547332020878615571      
0022600200004210           26041500000652407726043000000665302800000000000000000001781065240772609104210000547342012895115841      
0022600200004211           26041500004419677926043000004507034300000000000000000001781441967792609104211000035142087356415151      
0022600200004212           26041500001867640426043000001904555000000000000000000001781186764042609104212000547352036914615901      
0022600200004213           26041500000913705326043000000931765000000000000000000001781091370532609104213000547362018059715001      
0022600200004214           26041500000678932526043000000692351900000000000000000001781067893252609104214000547372013419415841      
0022600200004216           26041500001202903926043000001226679700000000000000000001781120290392609104216000547382023775815581      
0022600200004217           26041500000186429926043000000190114700000000000000000001781018642992609104217000547392003684815901      
0022600200004219           26041500000144681326043000000147541000000000000000000001781014468132609104219000547402002859715791      
0022600200004220           26041500000038988526043000000039759100000000000000000001781003898852609104220000547412000770615791      
0022600200004221           26041500000761073926043000000776116700000000000000000001781076107392609104221000547422015042815901      
0022600200004222           26041500002615658326043000002667357700000000000000000001781261565832609104222000547432051699415781      
0022600200004223           26041500000250374226043000000255323000000000000000000001781025037422609104223000547442004948815781      
0022600200004226           26041500000160951426043000000164132600000000000000000001781016095142609104226000547452003181215901      
0022600200004227           26041500000534767226043000000545337000000000000000000001781053476722609104227000547462010569815371      
0022600200004228           26041500000110299326043000000112479400000000000000000001781011029932609104228000547472002180115631      
0022600200004229           26041500000218333326043000000222648800000000000000000001781021833332609104229000547482004315515161      
0022600200004232           26041500000773843526043000000789138700000000000000000001781077384352609104232000547492015295215001      
0022600200004233           26041500000337209726043000000343874700000000000000000001781033720972609104233000547502006665015361      
0022600200004234           26041500000058089626043000000059237800000000000000000001781005808962609104234000547512001148215991      
0022600200004235           26041500000035168326043000000035863400000000000000000001781003516832609104235000547522000695115841      
0022600200004236           26041500000640186026043000000652839500000000000000000001781064018602609104236000547532012653515371      
0022600200004237           26041500001192916126043000001216494500000000000000000001781119291612609104237000547542023578415371      
0022600200004238           26041500002420482426043000002468324100000000000000000001781242048242609104238000547552047841715421      
0022600200004239           26041500005673455026043000005785592800000000000000000001781567345502609104239000035152000000015211      
0022600200004240           26041500001445005626043000001473566700000000000000000001781144500562609104240000547562028561115421      
0022600200004241           26041500000313172926043000000319362900000000000000000001781031317292609104241000547572006190015781      
0022600200004243           26041500000285450226043000000291092200000000000000000001781028545022609104243000547582005642015841      
0022600200004244           26041500001386502226043000001413906900000000000000000001781138650222609104244000547592027404715571      
0022600200004246           26041500000462979626043000000472130600000000000000000001781046297962609104246000547602009151015781      
0022600200004247           26041500002781203526043000002836175000000000000000000001781278120352609104247000547612054971515421      
0022600200004249           26041500001397510626043000001425132800000000000000000001781139751062609104249000547622027622215841      
0022600200004252           26041500000467325026043000000476561900000000000000000001781046732502609104252000547632009236915371      
0022600200004254           26041500000219818426043000000224163100000000000000000001781021981842609104254000547642004344715841      
0022600200004255           26041500000495315726043000000505105800000000000000000001781049531572609104255000547652009790115991      
0022600200004256           26041500001229657026043000001253961500000000000000000001781122965702609104256000547662024304515421      
0022600200004257           26041500000079737626043000000081313600000000000000000001781007973762609104257000547672001576015211      
0022600200004258           26041500002480764726043000002529797900000000000000000001781248076472609104258000547682049033215421      
0022600200004261           26041500000926212726043000000944519600000000000000000001781092621272609104261000547692018306915581      
0022600200004262           26041500000751759926043000000766618700000000000000000001781075175992609104262000547702014858815901      
0022600200004263           26041500000534794326043000000545364700000000000000000001781053479432609104263000547712010570415991      
0022600200004264           26041500002183097426043000002226247100000000000000000001781218309742609104264000035162043149715841      
0022600200004265           26041500000051201526043000000052213500000000000000000001781005120152609104265000547722001012015001      
0022600200004266           26041500000489841526043000000499523400000000000000000001781048984152609104266000547732009681915841      
0022600200004267           26041500000365940426043000000373173300000000000000000001781036594042609104267000035172007232915421      
0022600200004269           26041500000598658926043000000610491600000000000000000001781059865892609104269000547742011832715001      
0022600200004270           26041500009574111726043000009763347400000000000000000001781957411172609104270000035182000000015631      
0022600200004271           26041500001052257626043000001073055800000000000000000001781105225762609104271000547752020798215001      
0022600200004272           26041500001913147726043000001950961800000000000000000001781191314772609104272000035192037814115841      
0022600200004274           26041500000733722826043000000748225100000000000000000001781073372282609104274000547762014502315361      
0022600200004275           26041500000380431826043000000387951200000000000000000001781038043182609104275000547772007519415421      
0022600200004276           26041500000758507526043000000773499600000000000000000001781075850752609104276000547782014992115001      
0022600200004277           26041500000181357526043000000184942100000000000000000001781018135752609104277000547792003584615211      
0022600200004278           26041500000771794326043000000787049100000000000000000001781077179432609104278000547802015254815371      
0022600200004279           26041500000352252026043000000359214300000000000000000001781035225202609104279000547812006962315631      
0022600200004280           26041500000226084826043000000230553500000000000000000001781022608482609104280000547822004468715001      
0022600200004281           26041500001585234026043000001616566700000000000000000001781158523402609104281000547832031332715631      
0022600200004282           26041500001413951126043000001441898300000000000000000001781141395112609104282000547842027947215161      
0022600200004283           26041500001029632526043000001049983500000000000000000001781102963252609104283000035202020351015841      
0022600200004284           26041500000957034526043000000975950700000000000000000001781095703452609104284000547852018916215361      
0022600200004285           26041500000434010726043000000442589100000000000000000001781043401072609104285000547862008578415581      
0022600200004286           26041500000975841926043000000995129800000000000000000001781097584192609104286000547872019287915421      
0022600200004287           26041500000177789926043000000181304000000000000000000001781017778992609104287000547882003514115841      
0022600200004288           26041500000384148726043000000391741600000000000000000001781038414872609104288000547892007592915001      
0022600200004289           26041500000047902426043000000048849200000000000000000001781004790242609104289000547902000946815211      
0022600200004290           26041500000437396526043000000446041800000000000000000001781043739652609104290000547912008645315001      
0022600200004291           26041500000046629026043000000047550700000000000000000001781004662902609104291000547922000921715631      
0022600200004292           26041500000555726026043000000566710100000000000000000001781055572602609104292000547932010984115211      
0022600200004293           26041500000517376526043000000527602600000000000000000001781051737652609104293000547942010226115001      
0022600200004294           26041500000891775126043000000909401300000000000000000001781089177512609104294000547952017626215001      
0022600200004296           26041500001022057126043000001042258400000000000000000001781102205712609104296000547962020201315901      
0022600200004297           26041500000402013426043000000409959300000000000000000001781040201342609104297000547972007945915371      
0022600200004298           26041500001164356826043000001187370800000000000000000001781116435682609104298000035212023014015211      
0022600200004299           26041500000035168326043000000035863400000000000000000001781003516832609104299000547982000695115841      
0022600200004300           26041500000703972726043000000717887000000000000000000001781070397272609104300000547992013914315991      
0022600200004302           26041500000368278626043000000375557700000000000000000001781036827862609104302000548002007279115211      
0022600200004303           26041500000189489826043000000193235100000000000000000001781018948982609104303000548012003745315211      
0022600200004304           26041500000642796226043000000655501300000000000000000001781064279622609104304000548022012705115001      
0022600200004306           26041500000365208926043000000372427400000000000000000001781036520892609104306000548032007218515361      
0022600200004307           26041500000108697326043000000110845800000000000000000001781010869732609104307000548042002148515781      
0022600200004308           26041500000445726426043000000454536300000000000000000001781044572642609104308000548052008809915211      
0022600200004309           26041500000648127026043000000660937500000000000000000001781064812702609104309000548062012810515211      
0022600200004310           26041500001101531526043000001123303600000000000000000001781110153152609104310000548072021772115421      
0022600200004311           26041500000529953326043000000540428000000000000000000001781052995332609104311000548082010474715571      
0022600200004312           26041500000188676526043000000192405700000000000000000001781018867652609104312000548092003729215211      
0022600200004313           26041500000506719426043000000516734900000000000000000001781050671942609104313000548102010015515991      
0022600200004314           26041500000040339326043000000041136600000000000000000001781004033932609104314000548112000797315211      
0022600200004315           26041500000525768426043000000536160400000000000000000001781052576842609104315000548122010392015631      
0022600200004316           26041500001203611526043000001227401300000000000000000001781120361152609104316000548132023789815001      
0022600200004318           26041500000732306226043000000746780500000000000000000001781073230622609104318000548142014474315421      
0022600200004319           26041500000289849726043000000295578700000000000000000001781028984972609104319000548152005729015581      
0022600200004320           26041500001863305726043000001900134600000000000000000001781186330572609104320000548162036828915371      
0022600200004321           26041500000523481026043000000533827800000000000000000001781052348102609104321000548172010346815581      
0022600200004322           26041500000511579726043000000521691300000000000000000001781051157972609104322000548182010111615581      
0022600200004323           26041500000999707226043000001019466700000000000000000001781099970722609104323000548192019759515581      
0022600200004324           26041500000335447026043000000342077200000000000000000001781033544702609104324000548202006630215211      
0022600200004325           26041500000167532626043000000170843900000000000000000001781016753262609104325000548212003311315571      
0022600200004326           26041500000519159726043000000529421100000000000000000001781051915972609104326000548222010261415151      
0022600200004327           26041500001479774826043000001509023000000000000000000001781147977482609104327000548232029248215211      
0022600200004328           26041500000614039626043000000626176300000000000000000001781061403962609104328000548242012136715781      
0022600200004329           26041500000810155826043000000826168800000000000000000001781081015582609104329000548252016013015631      
0022600200004330           26041500000901988126043000000919816200000000000000000001781090198812609104330000548262017828115371      
0022600200004331           26041500001447196326043000001475800700000000000000000001781144719632609104331000548272028604415211      
0022600200004338           26041500001112301426043000001134286400000000000000000001781111230142609104338000035222021985015581      
0022600200004344           26041500000292710326043000000298495800000000000000000001781029271032609104344000548282005785515371      
0022600200004345           26041500000135438526043000000138115500000000000000000001781013543852609104345000548292002677015841      
0022600200004346           26041500000091409026043000000093215800000000000000000001781009140902609104346000548302001806815781      
0022600200004347           26041500001282426226043000001307773800000000000000000001781128242622609104347000548312025347615991      
0022600200004348           26041500001168196026043000001191285800000000000000000001781116819602609104348000548322023089815211      
0022600200004349           26041500000806615526043000000822558600000000000000000001781080661552609104349000548332015943115421      
0022600200004350           26041500000594835426043000000606592500000000000000000001781059483542609104350000548342011757115631      
0022600200004351           26041500002311778226043000002357471300000000000000000001781231177822609104351000035232045693115211      
0022600200004352           26041500000123774926043000000126221400000000000000000001781012377492609104352000548352002446515841      
0022600200004353           26041500001140580426043000001163124400000000000000000001781114058042609104353000548362022544015001      
0022600200004354           26041500000895110326043000000912802400000000000000000001781089511032609104354000548372017692115211      
0022600200004355           26041500001466878526043000001495871900000000000000000001781146687852609104355000548382028993415001      
0022600200004356           26041500001806699326043000001842409300000000000000000001781180669932609104356000548392035710015151      
0022600200004357           26041500000346882226043000000353738400000000000000000001781034688222609104357000035242006856215991      
0022600200004358           26041500002131898926043000002174036700000000000000000001781213189892609104358000548402042137815211      
0022600200004359           26041500001688780926043000001722160200000000000000000001781168878092609104359000035252033379315361      
0022600200004361           26041500000307407126043000000313483100000000000000000001781030740712609104361000548412006076015631      
0022600200004365           26041500005155548826043000005257450000000000000000000001781515554882609104365000035262000000015211      
0022600200004367           26041500000179731026043000000183283400000000000000000001781017973102609104367000548422003552415631      
0022600200004368           26041500000146870926043000000149773800000000000000000001781014687092609104368000548432002902915901      
0022600200004369           26041500000594080926043000000605823100000000000000000001781059408092609104369000548442011742215151      
0022600200004370           26041500001907283026043000001944981200000000000000000001781190728302609104370000548452037698215781      
0022600200004372           26041500000045355526043000000046252000000000000000000001781004535552609104372000548462000896515581      
0022600200004374           26041500005028257526043000005127642800000000000000000001781502825752609104374000035272099385315901      
0022600200004375           26041500000806230526043000000822166000000000000000000001781080623052609104375000548472015935515631      
0022600200004376           26041500000228524526043000000233041300000000000000000001781022852452609104376000548482004516815001      
0022600200004377           26041500000981848826043000001001255400000000000000000001781098184882609104377000035282019406615361      
0022600200004379           26041500001154554626043000001177374700000000000000000001781115455462609104379000548492022820115001      
0022600200004384           26041500000941533426043000000960143100000000000000000001781094153342609104384000548502018609715211      
0022600200004386           26041500000324484826043000000330898400000000000000000001781032448482609104386000548512006413615571      
0022600200004387           26041500000120027826043000000122400200000000000000000001781012002782609104387000548522002372415631      
0022600200004388           26041500000911551026043000000929568100000000000000000001781091155102609104388000548532018017115901      
0022600200004389           26041500000935580526043000000954072600000000000000000001781093558052609104389000548542018492115631      
0022600200004397           26041500000403050026043000000411016400000000000000000001781040305002609104397000548552007966415161      
0022600200004400           26041500000216326126043000000220601900000000000000000001781021632612609104400000548562004275815631      
0022600200004401           26041500000460799226043000000469907100000000000000000001781046079922609104401000548572009107915421      
0022600200004403           26041500000144678226043000000147537800000000000000000001781014467822609104403000548582002859615211      
0022600200004404           26041500000354987726043000000362004100000000000000000001781035498772609104404000548592007016415791      
0022600200004405           26041500001234931126043000001259339900000000000000000001781123493112609104405000548602024408815001      
0022600200004406           26041500002005813526043000002045459200000000000000000001781200581352609104406000548612039645715841      
0022600200004407           26041500000209820326043000000213967500000000000000000001781020982032609104407000548622004147215421      
0022600200004408           26041500002628555226043000002680509500000000000000000001781262855522609104408000548632051954315371      
0022600200004410           26041500000160494526043000000163666800000000000000000001781016049452609104410000548642003172315151      
0022600200004411           26041500000354987726043000000362004100000000000000000001781035498772609104411000548652007016415631      
0022600200004412           26041500001056765126043000001077652500000000000000000001781105676512609104412000548662020887415581      
0022600200004413           26041500000469398426043000000478676200000000000000000001781046939842609104413000548672009277815901      
0022600200004414           26041500000975535126043000000994816900000000000000000001781097553512609104414000548682019281815161      
0022600200004415           26041500001134369426043000001156790600000000000000000001781113436942609104415000548692022421215841      
0022600200004416           26041500000580548626043000000592023400000000000000000001781058054862609104416000548702011474815581      
0022600200004417           26041500000101144626043000000103143800000000000000000001781010114462609104417000548712001999215631      
0022600200004419           26041500000035168326043000000035863400000000000000000001781003516832609104419000548722000695115571      
0022600200004420           26041500001372790326043000001399923900000000000000000001781137279032609104420000548732027133615211      
0022600200004421           26041500000590077926043000000601741000000000000000000001781059007792609104421000548742011663115791      
0022600200004424           26041500000165906326043000000169185500000000000000000001781016590632609104424000548752003279215421      
0022600200004425           26041500000430004026043000000438503200000000000000000001781043000402609104425000548762008499215001      
0022600200004426           26041500000658146326043000000671154800000000000000000001781065814632609104426000548772013008515151      
0022600200004428           26041500001587443126043000001618819500000000000000000001781158744312609104428000548782031376415991      
0022600200004429           26041500002945413626043000003003630700000000000000000001781294541362609104429000035292058217115161      
0022600200004431           26041500002925440526043000002983262900000000000000000001781292544052609104431000548792057822415421      
0022600200004432           26041500001299597526043000001325284500000000000000000001781129959752609104432000035302025687015631      
0022600200004436           26041500000154877726043000000157938900000000000000000001781015487772609104436000548802003061215151      
0022600200004437           26041500000670260826043000000683508700000000000000000001781067026082609104437000548812013247915001      
0022600200004438           26041500000035168326043000000035863400000000000000000001781003516832609104438000548822000695115781      
0022600200004439           26041500000197660026043000000201566800000000000000000001781019766002609104439000548832003906815151      
0022600200004440           26041500000352711026043000000359682400000000000000000001781035271102609104440000548842006971415991      
0022600200004441           26041500000191677426043000000195466000000000000000000001781019167742609104441000035312003788615841      
0022600200004442           26041500000421710526043000000430045700000000000000000001781042171052609104442000548852008335215841      
0022600200004443           26041500000756820726043000000771779600000000000000000001781075682072609104443000548862014958915841      
0022600200004445           26041500000539819526043000000550489300000000000000000001781053981952609104445000548872010669815211      
0022600200004447           26041500000058089626043000000059237800000000000000000001781005808962609104447000548882001148215211      
0022600200004451           26041500001508056326043000001537863600000000000000000001781150805632609104451000548892029807315841      
0022600200004453           26041500000311059326043000000317207600000000000000000001781031105932609104453000548902006148315791      
0022600200004454           26041500000191929426043000000195723000000000000000000001781019192942609104454000548912003793615781      
0022600200004455           26041500000825362626043000000841676200000000000000000001781082536262609104455000548922016313615631      
0022600200004456           26041500001049058326043000001069793300000000000000000001781104905832609104456000035322020735015421      
0022600200004458           26041500000389699126043000000397401600000000000000000001781038969912609104458000548932007702515901      
0022600200004459           26041500000591501426043000000603192700000000000000000001781059150142609104459000548942011691315901      
0022600200004461           26041500000318834026043000000325135900000000000000000001781031883402609104461000548952006301915901      
0022600200004464           26041500000108918726043000000111071500000000000000000001781010891872609104464000548962002152815581      
0022600200004468           26041500001516199126043000001546167300000000000000000001781151619912609104468000548972029968215791      
0022600200004471           26041500000290569026043000000296312100000000000000000001781029056902609104471000035332005743115781      
0022600200004472           26041500003572962026043000003643582800000000000000000001781357296202609104472000548982070620815581      
0022600200004473           26041500001675174326043000001708284700000000000000000001781167517432609104473000548992033110415781      
0022600200004475           26041500000995263926043000001014935600000000000000000001781099526392609104475000035342019671715421      
0022600200004476           26041500000059363026043000000060536300000000000000000001781005936302609104476000549002001173315791      
0022600200004477           26041500000322858426043000000329239800000000000000000001781032285842609104477000549012006381415991      
0022600200004479           26041500000623553026043000000635877700000000000000000001781062355302609104479000549022012324715781      
0022600200004480           26041500000214718726043000000218962700000000000000000001781021471872609104480000549032004244015781      
0022600200004481           26041500002263673826043000002308416100000000000000000001781226367382609104481000549042044742315901      
0022600200004482           26041500001141767626043000001164335100000000000000000001781114176762609104482000549052022567515631      
0022600200004483           26041500000056938726043000000058064100000000000000000001781005693872609104483000549062001125415841      
0022600200004484           26041500001514421526043000001544354600000000000000000001781151442152609104484000549072029933115991      
0022600200004486           26041500001193770226043000001217365400000000000000000001781119377022609104486000549082023595215421      
0022600200004487           26041500000269642926043000000274972500000000000000000001781026964292609104487000549092005329615781      
0022600200004488           26041500000331518226043000000338070700000000000000000001781033151822609104488000549102006552515151      
0022600200004489           26041500000033058226043000000033711600000000000000000001781003305822609104489000549112000653415631      
0022600200004494           26041500000800680926043000000816506600000000000000000001781080068092609104494000549122015825715571      
0022600200004495           26041500001360476626043000001387366900000000000000000001781136047662609104495000549132026890315631      
0022600200004496           26041500000204127726043000000208162300000000000000000001781020412772609104496000549142004034615631      
0022600200004497           26041500000446068826043000000454885500000000000000000001781044606882609104497000549152008816715631      
0022600200004498           26041500001879768626043000001916922900000000000000000001781187976862609104498000549162037154315631      
0022600200004499           26041500000958543326043000000977489200000000000000000001781095854332609104499000549172018945915571      
0022600200004500           26041500000858575626043000000875545600000000000000000001781085857562609104500000549182016970015631      
0022600200004501           26041500000761881426043000000776940200000000000000000001781076188142609104501000549192015058815001      
0022600200004502           26041500001007924826043000001027846800000000000000000001781100792482609104502000549202019922015991      
0022600200004503           26041500000596562226043000000608353400000000000000000001781059656222609104503000549212011791215211      
0022600200004504           26041500000954669726043000000973539000000000000000000001781095466972609104504000549222018869315371      
0022600200004505           26041500000169972426043000000173332000000000000000000001781016997242609104505000549232003359615841      
0022600200004506           26041500000438297626043000000446960700000000000000000001781043829762609104506000549242008663115901      
0022600200004507           26041500000217952526043000000222260500000000000000000001781021795252609104507000549252004308015781      
0022600200004509           26041500001393857126043000001421407200000000000000000001781139385712609104509000549262027550115991      
0022600200004510           26041500000398718226043000000406599100000000000000000001781039871822609104510000549272007880915151      
0022600200004511           26041500003174983626043000003237738300000000000000000001781317498362609104511000549282062754715841      
0022600200004512           26041500000090038826043000000091818500000000000000000001781009003882609104512000035352001779715421      
0022600200004515           26041500000035168326043000000035863400000000000000000001781003516832609104515000549292000695115421      
0022600200004516           26041500000599396626043000000611243800000000000000000001781059939662609104516000549302011847215631      
0022600200004517           26041500000626742426043000000639130100000000000000000001781062674242609104517000549312012387715631      
0022600200004518           26041500000070376826043000000071767800000000000000000001781007037682609104518000549322001391015211      
0022600200004520           26041500000090850026043000000092645600000000000000000001781009085002609104520000549332001795615571      
0022600200004521           26041500001351842126043000001378561700000000000000000001781135184212609104521000549342026719615421      
0022600200004522           26041500000924541926043000000942815800000000000000000001781092454192609104522000549352018273915151      
0022600200004524           26041500001337180326043000001363610100000000000000000001781133718032609104524000549362026429815361      
0022600200004525           26041500000514478126043000000524646900000000000000000001781051447812609104525000549372010168815211      
0022600200004526           26041500000081008426043000000082609600000000000000000001781008100842609104526000549382001601215571      
0022600200004527           26041500001163853926043000001186857900000000000000000001781116385392609104527000549392023004015211      
0022600200004528           26041500000396168026043000000403998400000000000000000001781039616802609104528000549402007830415791      
0022600200004529           26041500000172031526043000000175431700000000000000000001781017203152609104529000549412003400215001      
0022600200004530           26041500000443557226043000000452324300000000000000000001781044355722609104530000549422008767115991      
0022600200004531           26041500000304276126043000000310290300000000000000000001781030427612609104531000549432006014215791      
0022600200004532           26041500001720842726043000001754855800000000000000000001781172084272609104532000549442034013115001      
0022600200004533           26041500000361530926043000000368676700000000000000000001781036153092609104533000549452007145815631      
0022600200004534           26041500000257800626043000000262896200000000000000000001781025780062609104534000549462005095615421      
0022600200004535           26041500000402246926043000000410197400000000000000000001781040224692609104535000549472007950515211      
0022600200004536           26041500000809923526043000000825931900000000000000000001781080992352609104536000549482016008415001      
0022600200004537           26041500000749306326043000000764116600000000000000000001781074930632609104537000549492014810315571      
0022600200004538           26041500001047631426043000001068338300000000000000000001781104763142609104538000549502020706915211      
0022600200004539           26041500001536639026043000001567011200000000000000000001781153663902609104539000549512030372215361      
0022600200004540           26041500000368719226043000000376007000000000000000000001781036871922609104540000549522007287815001      
0022600200004541           26041500000686611726043000000700182800000000000000000001781068661172609104541000549532013571115421      
0022600200004542           26041500001969230826043000002008153400000000000000000001781196923082609104542000549542038922615841      
0022600200004543           26041500001525382126043000001555531800000000000000000001781152538212609104543000549552030149715211      
0022600200004544           26041500000357213626043000000364274100000000000000000001781035721362609104544000549562007060515571      
0022600200004545           26041500000226084826043000000230553500000000000000000001781022608482609104545000549572004468715151      
0022600200004546           26041500000766942326043000000782101200000000000000000001781076694232609104546000549582015158915161      
0022600200004547           26041500000871855626043000000889088200000000000000000001781087185562609104547000549592017232615361      
0022600200004548           26041500001766786726043000001801707900000000000000000001781176678672609104548000549602034921215791      
0022600200004549           26041500000107106126043000000109223100000000000000000001781010710612609104549000549612002117015901      
0022600200004550           26041500002088707526043000002129991500000000000000000001781208870752609104550000549622041284015631      
0022600200004551           26041500001351842126043000001378561700000000000000000001781135184212609104551000549632026719615901      
0022600200004552           26041500001458263426043000001487086400000000000000000001781145826342609104552000549642028823015001      
0022600200004553           26041500001121228726043000001143390200000000000000000001781112122872609104553000549652022161515001      
0022600200004554           26041500000394258026043000000402050600000000000000000001781039425802609104554000549662007792615901      
0022600200004555           26041500000106555126043000000108661200000000000000000001781010655512609104555000549672002106115001      
0022600200004556           26041500000633449326043000000645969700000000000000000001781063344932609104556000549682012520415791      
0022600200004557           26041500000574524826043000000585880500000000000000000001781057452482609104557000549692011355715001      
0022600200004558           26041500000935298526043000000953785000000000000000000001781093529852609104558000549702018486515371      
0022600200004559           26041500000140622226043000000143401700000000000000000001781014062222609104559000549712002779515581      
0022600200004560           26041500000318792326043000000325093400000000000000000001781031879232609104560000549722006301115901      
0022600200004561           26041500001619399626043000001651407600000000000000000001781161939962609104561000549732032008015571      
0022600200004562           26041500001576481626043000001607641300000000000000000001781157648162609104562000549742031159715791      
0022600200004564           26041500001188317026043000001211804600000000000000000001781118831702609104564000549752023487615001      
0022600200004565           26041500001645643626043000001678170300000000000000000001781164564362609104565000549762032526715151      
0022600200004566           26041500000297648526043000000303531600000000000000000001781029764852609104566000549772005883115991      
0022600200004567           26041500001166141326043000001189190500000000000000000001781116614132609104567000549782023049215791      
0022600200004568           26041500000627342926043000000639742500000000000000000001781062734292609104568000549792012399615421      
0022600200004569           26041500000155070726043000000158135800000000000000000001781015507072609104569000549802003065115211      
0022600200004570           26041500000605255326043000000617218300000000000000000001781060525532609104570000035362011963015991      
0022600200004571           26041500000360364526043000000367487300000000000000000001781036036452609104571000549812007122815151      
0022600200004573           26041500000209625126043000000213768400000000000000000001781020962512609104573000549822004143315631      
0022600200004574           26041500001281123426043000001306445300000000000000000001781128112342609104574000549832025321915781      
0022600200004575           26041500000037715126043000000038460600000000000000000001781003771512609104575000549842000745515371      
0022600200004576           26041500000572446726043000000583761300000000000000000001781057244672609104576000549852011314615371      
0022600200004577           26041500000665722526043000000678880800000000000000000001781066572252609104577000549862013158315571      
0022600200004578           26041500001768337826043000001803289600000000000000000001781176833782609104578000549872034951815791      
0022600200004580           26041500000230150826043000000234699800000000000000000001781023015082609104580000549882004549015791      
0022600200004581           26041500000033058226043000000033711600000000000000000001781003305822609104581000549892000653415161      
0022600200004582           26041500000963732826043000000982781300000000000000000001781096373282609104582000549902019048515361      
0022600200004583           26041500000307240326043000000313313000000000000000000001781030724032609104583000549912006072715001      
0022600200004584           26041500000593188326043000000604912800000000000000000001781059318832609104584000549922011724515991      
0022600200004585           26041500000537237326043000000547856000000000000000000001781053723732609104585000549932010618715991      
0022600200004586           26041500000372455026043000000379816800000000000000000001781037245502609104586000549942007361815421      
0022600200004587           26041500000242496626043000000247289700000000000000000001781024249662609104587000035372004793115421      
0022600200004588           26041500000102605526043000000104633600000000000000000001781010260552609104588000549952002028115991      
0022600200004589           26041500000359477726043000000366582900000000000000000001781035947772609104589000549962007105215631      
0022600200004590           26041500002504512326043000002554014900000000000000000001781250451232609104590000549972049502615371      
0022600200004591           26041500000403809926043000000411791300000000000000000001781040380992609104591000549982007981415211      
0022600200004592           26041500000247827326043000000252725700000000000000000001781024782732609104592000549992004898415161      
0022600200004593           26041500001148020126043000001170711100000000000000000001781114802012609104593000550002022691015901      
0022600200004594           26041500000469886226043000000479173700000000000000000001781046988622609104594000550012009287515781      
0022600200004596           26041500000139326426043000000142080200000000000000000001781013932642609104596000550022002753815361      
0022600200004597           26041500000758209626043000000773195900000000000000000001781075820962609104597000550032014986315211      
0022600200004598           26041500000128496626043000000131036400000000000000000001781012849662609104598000035382002539815421      
0022600200004599           26041500000093320026043000000095164500000000000000000001781009332002609104599000550042001844515161      
0022600200004601           26041500000968616926043000000987762000000000000000000001781096861692609104601000550052019145115371      
0022600200004602           26041500000273777626043000000279189000000000000000000001781027377762609104602000550062005411415901      
0022600200004603           26041500000884157426043000000901633100000000000000000001781088415742609104603000550072017475715161      
0022600200004604           26041500001279061026043000001304342100000000000000000001781127906102609104604000550082025281115631      
0022600200004605           26041500000360545626043000000367671900000000000000000001781036054562609104605000550092007126315841      
0022600200004606           26041500000330966526043000000337508100000000000000000001781033096652609104606000550102006541615151      
0022600200004607           26041500000234034126043000000238659800000000000000000001781023403412609104607000550112004625715421      
0022600200004608           26041500002360200126043000002406850300000000000000000001781236020012609104608000550122046650215791      
0022600200004610           26041500000993754126043000001013396000000000000000000001781099375412609104610000550132019641915211      
0022600200004611           26041500001321641826043000001347764500000000000000000001781132164182609104611000550142026122715991      
0022600200004613           26041500000637031326043000000649622400000000000000000001781063703132609104613000550152012591115161      
0022600200004614           26041500000675847926043000000689206300000000000000000001781067584792609104614000550162013358415901      
0022600200004615           26041500003762288926043000003836651900000000000000000001781376228892609104615000550172074363015901      
0022600200004616           26041500000358472226043000000365557500000000000000000001781035847222609104616000550182007085315581      
0022600200004617           26041500001374617026043000001401786800000000000000000001781137461702609104617000550192027169815901      
0022600200004618           26041500000203258126043000000207275500000000000000000001781020325812609104618000550202004017415001      
0022600200004619           26041500001069329426043000001090465100000000000000000001781106932942609104619000550212021135715371      
0022600200004620           26041500004371526626043000004457931400000000000000000001781437152662609104620000035392086404815581      
0022600200004621           26041500002429530126043000002477550600000000000000000001781242953012609104621000550222048020515371      
0022600200004622           26041500000797875726043000000813646000000000000000000001781079787572609104622000035402015770315991      
0022600200004623           26041500001115220626043000001137263300000000000000000001781111522062609104623000550232022042715631      
0022600200004624           26041500001803045926043000001838683800000000000000000001781180304592609104624000550242035637915361      
0022600200004625           26041500000715165626043000000729301100000000000000000001781071516562609104625000550252014135515841      
0022600200004626           26041500000135813426043000000138497800000000000000000001781013581342609104626000550262002684415631      
0022600200004627           26041500000853095426043000000869957100000000000000000001781085309542609104627000550272016861715841      
0022600200004629           26041500000299881126043000000305808400000000000000000001781029988112609104629000550282005927315211      
0022600200004630           26041500000347068626043000000353928600000000000000000001781034706862609104630000550292006860015901      
0022600200004631           26041500000207768126043000000211874700000000000000000001781020776812609104631000550302004106615991      
0022600200004632           26041500000047404526043000000048341500000000000000000001781004740452609104632000550312000937015001      
0022600200004633           26041500001121991826043000001144168300000000000000000001781112199182609104633000035412022176515901      
0022600200004634           26041500000035168326043000000035863400000000000000000001781003516832609104634000550322000695115001      
0022600200004637           26041500000090038826043000000091818500000000000000000001781009003882609104637000035422001779715421      
0022600200004638           26041500000731516626043000000745975300000000000000000001781073151662609104638000550332014458715421      
0022600200004639           26041500000593799826043000000605536400000000000000000001781059379982609104639000550342011736615781      
0022600200004640           26041500001392030326043000001419544200000000000000000001781139203032609104640000550352027513915901      
0022600200004641           26041500000321231926043000000327581100000000000000000001781032123192609104641000550362006349215151      
0022600200004642           26041500000092024126043000000093843000000000000000000001781009202412609104642000550372001818915001      
0022600200004643           26041500000573321426043000000584653300000000000000000001781057332142609104643000550382011331915361      
0022600200004645           26041500001514180826043000001544109100000000000000000001781151418082609104645000550392029928315211      
0022600200004646           26041500000302643526043000000308625400000000000000000001781030264352609104646000550402005981915571      
0022600200004647           26041500000122950026043000000125380200000000000000000001781012295002609104647000550412002430215001      
0022600200004648           26041500001951628426043000001990203000000000000000000001781195162842609104648000550422038574615361      
0022600200004650           26041500000771794326043000000787049100000000000000000001781077179432609104650000550432015254815151      
0022600200004651           26041500011512412826043000011739959700000000000000000001781000000002609104651000035432000000015631      
0022600200004652           26041500000427399526043000000435847200000000000000000001781042739952609104652000550442008447715421      
0022600200004654           26041500000447752426043000000456602300000000000000000001781044775242609104654000550452008849915781      
0022600200004655           26041500002604632426043000002656113900000000000000000001781260463242609104655000035442051481515001      
0022600200004657           26041500000270748626043000000276100100000000000000000001781027074862609104657000550462005351515841      
0022600200004658           26041500000292748226043000000298534400000000000000000001781029274822609104658000550472005786215791      
0022600200004659           26041500000090038826043000000091818500000000000000000001781009003882609104659000035452001779715001      
0022600200004660           26041500001205703326043000001229534500000000000000000001781120570332609104660000550482023831215791      
0022600200004664           26041500000808329126043000000824306100000000000000000001781080832912609104664000550492015977015211      
0022600200004665           26041500000282197226043000000287774900000000000000000001781028219722609104665000550502005577715001      
0022600200004666           26041500001832628526043000001868851100000000000000000001781183262852609104666000550512036222615581      
0022600200004667           26041500000348205626043000000355088000000000000000000001781034820562609104667000550522006882415421      
0022600200004668           26041500001066915326043000001088003300000000000000000001781106691532609104668000550532021088015001      
0022600200004669           26041500001770679326043000001805677300000000000000000001781177067932609104669000550542034998015631      
0022600200004670           26041500000235030326043000000239675700000000000000000001781023503032609104670000550552004645415211      
0022600200004671           26041500000594311726043000000606058500000000000000000001781059431172609104671000550562011746815161      
0022600200004672           26041500001196521726043000001220171400000000000000000001781119652172609104672000550572023649715791      
0022600200004673           26041500001694085026043000001727569200000000000000000001781169408502609104673000550582033484215631      
0022600200004674           26041500000491169026043000000500877100000000000000000001781049116902609104674000550592009708115421      
0022600200004675           26041500001151851026043000001174617800000000000000000001781115185102609104675000550602022766815841      
0022600200004676           26041500001078685926043000001100006500000000000000000001781107868592609104676000550612021320615001      
0022600200004677           26041500001588749126043000001620151300000000000000000001781158874912609104677000035462031402215991      
0022600200004678           26041500001086965526043000001108449800000000000000000001781108696552609104678000550622021484315421      
0022600200004679           26041500000350716826043000000357648900000000000000000001781035071682609104679000550632006932115631      
0022600200004681           26041500000233403926043000000238017300000000000000000001781023340392609104681000550642004613415781      
0022600200004682           26041500000151048426043000000154034000000000000000000001781015104842609104682000550652002985615001      
0022600200004683           26041500000705846026043000000719797300000000000000000001781070584602609104683000550662013951315421      
0022600200004684           26041500000467263626043000000476499300000000000000000001781046726362609104684000550672009235715841      
0022600200004685           26041500000812907226043000000828974500000000000000000001781081290722609104685000550682016067315421      
0022600200004686           26041500001229403026043000001253702600000000000000000001781122940302609104686000550692024299615001      
0022600200004687           26041500000516049626043000000526249500000000000000000001781051604962609104687000550702010199915581      
0022600200004690           26041500000645889026043000000658655200000000000000000001781064588902609104690000550712012766215151      
0022600200004691           26041500000427930626043000000436388700000000000000000001781042793062609104691000550722008458115901      
0022600200004694           26041500001158160326043000001181051700000000000000000001781115816032609104694000550732022891415161      
0022600200004695           26041500001467781726043000001496792900000000000000000001781146778172609104695000550742029011215421      
0022600200004696           26041500000627789926043000000640198300000000000000000001781062778992609104696000550752012408415841      
0022600200004697           26041500002462497426043000002511169500000000000000000001781246249742609104697000550762048672115631      
0022600200004700           26041500000337070826043000000343733200000000000000000001781033707082609104700000550772006662415571      
0022600200004701           26041500000035168326043000000035863400000000000000000001781003516832609104701000550782000695115211      
0022600200004702           26041500000308689526043000000314790800000000000000000001781030868952609104702000550792006101315841      
0022600200004703           26041500001359937926043000001386817600000000000000000001781135993792609104703000550802026879715991      
0022600200004704           26041500000543259426043000000553997100000000000000000001781054325942609104704000550812010737715781      
0022600200004705           26041500000238376226043000000243087800000000000000000001781023837622609104705000035472004711615421      
0022600200004706           26041500000321231926043000000327581100000000000000000001781032123192609104706000550822006349215001      
0022600200004707           26041500000285450226043000000291092200000000000000000001781028545022609104707000550832005642015791      
0022600200004708           26041500000174415826043000000177863200000000000000000001781017441582609104708000550842003447415151      
0022600200004709           26041500000580982726043000000592466100000000000000000001781058098272609104709000550852011483415841      
0022600200004710           26041500000378425226043000000385904900000000000000000001781037842522609104710000550862007479715421      
0022600200004711           26041500000223645126043000000228065500000000000000000001781022364512609104711000550872004420415781      
0022600200004712           26041500000336224726043000000342870300000000000000000001781033622472609104712000550882006645615211      
0022600200004715           26041500000112111426043000000114327300000000000000000001781011211142609104715000550892002215915001      
0022600200004716           26041500000475252526043000000484646000000000000000000001781047525252609104716000035482009393515001      
0022600200004717           26041500001012164826043000001032170600000000000000000001781101216482609104717000035492020005815841      
0022600200004718           26041500000274065026043000000279482000000000000000000001781027406502609104718000550902005417015371      
0022600200004720           26041500000437260926043000000445903600000000000000000001781043726092609104720000550912008642715781      
0022600200004721           26041500000424626826043000000433019700000000000000000001781042462682609104721000550922008392915371      
0022600200004723           26041500000684223526043000000697747400000000000000000001781068422352609104723000550932013523915211      
0022600200004724           26041500001229450826043000001253751400000000000000000001781122945082609104724000550942024300615841      
0022600200004725           26041500000275161726043000000280600400000000000000000001781027516172609104725000550952005438715581      
0022600200004726           26041500000921586626043000000939802100000000000000000001781092158662609104726000550962018215515361      
0022600200004727           26041500000282023426043000000287597700000000000000000001781028202342609104727000550972005574315001      
0022600200004728           26041500000395099626043000000402908900000000000000000001781039509962609104728000550982007809315841      
0022600200004729           26041500000033058226043000000033711600000000000000000001781003305822609104729000550992000653415991      
0022600200004730           26041500000611632826043000000623721900000000000000000001781061163282609104730000551002012089115211      
0022600200004731           26041500001438213326043000001466640100000000000000000001781143821332609104731000551012028426815901      
0022600200004732           26041500001861805826043000001898605000000000000000000001781186180582609104732000551022036799215791      
0022600200004733           26041500000291820726043000000297588600000000000000000001781029182072609104733000551032005767915791      
0022600200004734           26041500000060931026043000000062135300000000000000000001781006093102609104734000551042001204315841      
0022600200004735           26041500000035168326043000000035863400000000000000000001781003516832609104735000551052000695115901      
0022600200004736           26041500000315842026043000000322084800000000000000000001781031584202609104736000551062006242815371      
0022600200004737           26041500000427057226043000000435498200000000000000000001781042705722609104737000551072008441015421      
0022600200004738           26041500000404086726043000000412073700000000000000000001781040408672609104738000551082007987015361      
0022600200004739           26041500000205804926043000000209872700000000000000000001781020580492609104739000551092004067815001      
0022600200004740           26041500000827199926043000000843549800000000000000000001781082719992609104740000551102016349915631      
0022600200004741           26041500000495227326043000000505015600000000000000000001781049522732609104741000551112009788315211      
0022600200004742           26041500000632622226043000000645126200000000000000000001781063262222609104742000551122012504015371      
0022600200004743           26041500000456548726043000000465572500000000000000000001781045654872609104743000551132009023815161      
0022600200004745           26041500000798993926043000000814786300000000000000000001781079899392609104745000551142015792415791      
0022600200004746           26041500000285450226043000000291092200000000000000000001781028545022609104746000551152005642015991      
0022600200004748           26041500000084831226043000000086507900000000000000000001781008483122609104748000551162001676715791      
0022600200004749           26041500001107913626043000001129811900000000000000000001781110791362609104749000551172021898315161      
0022600200004750           26041500000371476726043000000378819100000000000000000001781037147672609104750000551182007342415151      
0022600200004751           26041500004227591526043000004311151300000000000000000001781422759152609104751000551192083559815361      
0022600200004752           26041500001596597826043000001628155100000000000000000001781159659782609104752000551202031557315421      
0022600200004753           26041500000453611026043000000462576700000000000000000001781045361102609104753000551212008965715791      
0022600200004754           26041500000401222226043000000409152500000000000000000001781040122222609104754000551222007930315371      
0022600200004755           26041500000645601026043000000658361500000000000000000001781064560102609104755000035502012760515571      
0022600200004756           26041500000167602626043000000170915300000000000000000001781016760262609104756000551232003312715581      
0022600200004757           26041500000899581926043000000917362500000000000000000001781089958192609104757000551242017780615371      
0022600200004758           26041500001084166126043000001105595100000000000000000001781108416612609104758000551252021429015151      
0022600200004759           26041500000870438126043000000887642600000000000000000001781087043812609104759000551262017204515631      
0022600200004760           26041500000543696826043000000554443200000000000000000001781054369682609104760000551272010746415841      
0022600200004761           26041500000646296926043000000659071200000000000000000001781064629692609104761000551282012774315211      
0022600200004762           26041500000339951626043000000346670900000000000000000001781033995162609104762000551292006719315421      
0022600200004763           26041500000334968626043000000341589400000000000000000001781033496862609104763000551302006620815631      
0022600200004764           26041500000405123426043000000413130800000000000000000001781040512342609104764000551312008007415161      
0022600200004765           26041500001284572926043000001309962900000000000000000001781128457292609104765000551322025390015991      
0022600200004766           26041500000360101326043000000367218900000000000000000001781036010132609104766000551332007117615901      
0022600200004767           26041500001381831126043000001409143500000000000000000001781138183112609104767000551342027312415361      
0022600200004768           26041500000266598526043000000271867900000000000000000001781026659852609104768000551352005269415421      
0022600200004769           26041500001144448426043000001167068900000000000000000001781114444842609104769000551362022620515421      
0022600200004770           26041500001227091226043000001251345000000000000000000001781122709122609104770000551372024253815001      
0022600200004771           26041500000708363026043000000722364000000000000000000001781070836302609104771000551382014001015371      
0022600200004772           26041500000287651226043000000293336700000000000000000001781028765122609104772000551392005685515571      
0022600200004773           26041500000226898026043000000231382700000000000000000001781022689802609104773000551402004484715631      
0022600200004774           26041500002611665226043000002663285700000000000000000001781261166522609104774000551412051620515161      
0022600200004775           26041500000273037926043000000278434600000000000000000001781027303792609104775000551422005396715001      
0022600200004776           26041500000438177026043000000446837700000000000000000001781043817702609104776000551432008660715781      
0022600200004779           26041500000901896726043000000919723000000000000000000001781090189672609104779000551442017826315001      
0022600200004780           26041500000712843926043000000726933500000000000000000001781071284392609104780000035512014089615211      
0022600200004781           26041500001098049026043000001119752300000000000000000001781109804902609104781000551452021703315421      
0022600200004783           26041500000192177026043000000195975400000000000000000001781019217702609104783000551462003798415841      
0022600200004784           26041500000779637626043000000795047400000000000000000001781077963762609104784000551472015409815631      
0022600200004785           26041500000395916926043000000403742300000000000000000001781039591692609104785000551482007825415421      
0022600200004786           26041500000080360426043000000081948800000000000000000001781008036042609104786000551492001588415841      
0022600200004787           26041500001037643626043000001058153000000000000000000001781103764362609104787000551502020509415631      
0022600200004788           26041500000599936026043000000611794000000000000000000001781059993602609104788000551512011858015421      
0022600200004789           26041500000504758626043000000514735300000000000000000001781050475862609104789000551522009976715631      
0022600200004790           26041500000255734626043000000260789300000000000000000001781025573462609104790000551532005054715211      
0022600200004792           26041500000287889726043000000293580000000000000000000001781028788972609104792000551542005690315421      
0022600200004793           26041500002558374326043000002608941400000000000000000001781255837432609104793000551552050567115781      
0022600200004794           26041500000160676726043000000163852600000000000000000001781016067672609104794000551562003175915001      
0022600200004795           26041500001523507326043000001553620000000000000000000001781152350732609104795000551572030112715901      
0022600200004796           26041500000652972426043000000665878600000000000000000001781065297242609104796000551582012906215421      
0022600200004797           26041500000233074126043000000237680900000000000000000001781023307412609104797000551592004606815371      
0022600200004798           26041500000666996126043000000680179500000000000000000001781066699612609104798000551602013183415791      
0022600200004799           26041500000834828126043000000851328700000000000000000001781083482812609104799000551612016500615571      
0022600200004800           26041500000086161626043000000087864600000000000000000001781008616162609104800000551622001703015581      
0022600200004801           26041500000463834326043000000473002100000000000000000001781046383432609104801000551632009167815151      
0022600200004802           26041500000848405226043000000865174200000000000000000001781084840522609104802000551642016769015151      
0022600200004803           26041500001692469026043000001725921300000000000000000001781169246902609104803000551652033452315581      
0022600200004804           26041500002900913926043000002958251400000000000000000001781290091392609104804000551662057337515001      
0022600200004805           26041500003221334626043000003285005400000000000000000001781322133462609104805000551672063670815781      
0022600200004806           26041500000506918526043000000516937900000000000000000001781050691852609104806000551682010019415581      
0022600200004807           26041500000407587926043000000415644000000000000000000001781040758792609104807000551692008056115841      
0022600200004808           26041500001806655026043000001842364200000000000000000001781180665502609104808000551702035709215571      
0022600200004809           26041500000353805726043000000360798800000000000000000001781035380572609104809000551712006993115001      
0022600200004810           26041500001000297926043000001020069200000000000000000001781100029792609104810000551722019771315991      
0022600200004811           26041500001071378926043000001092555100000000000000000001781107137892609104811000551732021176215581      
0022600200004812           26041500004312018526043000004397247000000000000000000001781431201852609104812000551742085228515001      
0022600200004813           26041500000055642526043000000056742300000000000000000001781005564252609104813000551752001099815421      
0022600200004815           26041500000597500426043000000609310200000000000000000001781059750042609104815000551762011809815781      
0022600200004816           26041500002193967226043000002237331800000000000000000001781219396722609104816000551772043364615631      
0022600200004817           26041500000417510226043000000425762400000000000000000001781041751022609104817000035522008252215791      
0022600200004818           26041500000945488426043000000964176400000000000000000001781094548842609104818000551782018688015581      
0022600200004819           26041500003191364926043000003254443300000000000000000001781319136492609104819000551792063078415151      
0022600200004820           26041500000842135026043000000858780100000000000000000001781084213502609104820000551802016645115781      
0022600200004821           26041500000283823726043000000289433600000000000000000001781028382372609104821000551812005609915421      
0022600200004823           26041500000326080126043000000332525200000000000000000001781032608012609104823000551822006445115001      
0022600200004825           26041500001287954326043000001313411100000000000000000001781128795432609104825000551832025456815581      
0022600200004826           26041500001012923426043000001032944200000000000000000001781101292342609104826000551842020020815211      
0022600200004827           26041500001012069426043000001032073400000000000000000001781101206942609104827000551852020004015421      
0022600200004828           26041500000324484826043000000330898400000000000000000001781032448482609104828000551862006413615791      
0022600200004829           26041500000496352426043000000506163000000000000000000001781049635242609104829000551872009810615901      
0022600200004830           26041500000352252026043000000359214300000000000000000001781035225202609104830000551882006962315841      
0022600200004831           26041500000035168326043000000035863400000000000000000001781003516832609104831000551892000695115991      
0022600200004832           26041500001414584926043000001442544600000000000000000001781141458492609104832000551902027959715581      
0022600200004833           26041500000716722826043000000730889100000000000000000001781071672282609104833000551912014166315211      
0022600200004834           26041500000581379826043000000592870900000000000000000001781058137982609104834000551922011491115781      
0022600200004835           26041500000189250626043000000192991200000000000000000001781018925062609104835000551932003740615631      
0022600200004839           26041500000841167126043000000857793100000000000000000001781084116712609104839000551942016626015151      
0022600200004841           26041500001368234926043000001395278500000000000000000001781136823492609104841000551952027043615581      
0022600200004843           26041500001243653326043000001268234600000000000000000001781124365332609104843000551962024581315211      
0022600200004844           26041500000131243626043000000133837700000000000000000001781013124362609104844000035532002594115001      
0022600200004845           26041500000033706226043000000034372400000000000000000001781003370622609104845000551972000666215991      
0022600200004846           26041500000306080026043000000312129800000000000000000001781030608002609104846000551982006049815791      
0022600200004847           26041500000546750326043000000557557100000000000000000001781054675032609104847000551992010806815991      
0022600200004848           26041500000686015126043000000699574500000000000000000001781068601512609104848000552002013559415161      
0022600200004849           26041500000619409526043000000631652400000000000000000001781061940952609104849000552012012242915161      
0022600200004850           26041500000604514926043000000616463400000000000000000001781060451492609104850000552022011948515841      
0022600200004851           26041500000314062626043000000320270100000000000000000001781031406262609104851000552032006207515631      
0022600200004852           26041500000403050026043000000411016400000000000000000001781040305002609104852000552042007966415151      
0022600200004853           26041500000760639726043000000775674000000000000000000001781076063972609104853000552052015034315211      
0022600200004854           26041500000608370726043000000620395300000000000000000001781060837072609104854000552062012024615361      
0022600200004855           26041500000397238726043000000405090300000000000000000001781039723872609104855000552072007851615001      
0022600200004856           26041500000625239926043000000637598000000000000000000001781062523992609104856000552082012358115151      
0022600200004858           26041500000563317326043000000574451500000000000000000001781056331732609104858000552092011134215211      
0022600200004859           26041500001587311626043000001618685300000000000000000001781158731162609104859000552102031373715571      
0022600200004860           26041500002973010726043000003031773300000000000000000001781297301072609104860000552112058762615991      
0022600200004861           26041500000568377526043000000579611600000000000000000001781056837752609104861000552122011234115571      
0022600200004862           26041500000653629826043000000666549000000000000000000001781065362982609104862000552132012919215781      
0022600200004863           26041500001813033626043000001848868800000000000000000001781181303362609104863000552142035835215001      
0022600200004864           26041500001356349726043000001383158500000000000000000001781135634972609104864000552152026808815841      
0022600200004865           26041500000132846526043000000135472200000000000000000001781013284652609104865000552162002625715571      
0022600200004866           26041500000969686726043000000988852900000000000000000001781096968672609104866000552172019166215901      
0022600200004867           26041500000798293426043000000814071900000000000000000001781079829342609104867000552182015778515571      
0022600200004868           26041500001179156326043000001202462700000000000000000001781117915632609104868000552192023306415211      
0022600200004869           26041500000838834826043000000855414700000000000000000001781083883482609104869000552202016579915841      
0022600200004870           26041500001176822626043000001200082900000000000000000001781117682262609104870000552212023260315421      
0022600200004871           26041500000287446126043000000293127500000000000000000001781028744612609104871000552222005681415421      
0022600200004872           26041500000379241726043000000386737500000000000000000001781037924172609104872000552232007495815841      
0022600200004873           26041500000282034226043000000287608700000000000000000001781028203422609104873000552242005574515151      
0022600200004874           26041500000182306426043000000185909800000000000000000001781018230642609104874000552252003603415211      
0022600200004876           26041500000381807426043000000389353900000000000000000001781038180742609104876000552262007546515421      
0022600200004877           26041500001098470826043000001120182400000000000000000001781109847082609104877000552272021711615631      
0022600200004878           26041500000273295526043000000278697300000000000000000001781027329552609104878000552282005401815001      
0022600200004879           26041500000102306826043000000104329000000000000000000001781010230682609104879000552292002022215361      
0022600200004880           26041500000178104626043000000181624900000000000000000001781017810462609104880000552302003520315991      
0022600200004881           26041500000662352526043000000675444100000000000000000001781066235252609104881000552312013091615901      
0022600200004882           26041500000900209826043000000918002700000000000000000001781090020982609104882000552322017792915371      
0022600200004883           26041500000065150826043000000066438500000000000000000001781006515082609104883000552332001287715631      
0022600200004884           26041500000098997026043000000100953700000000000000000001781009899702609104884000552342001956715151      
0022600200004886           26041500000336224726043000000342870300000000000000000001781033622472609104886000552352006645615371      
0022600200004888           26041500000119659526043000000122024600000000000000000001781011965952609104888000552362002365115421      
0022600200004889           26041500001075955426043000001097222000000000000000000001781107595542609104889000035542021266615151      
0022600200004890           26041500001738298226043000001772656300000000000000000001781173829822609104890000552372034358115571      
0022600200004891           26041500000688509626043000000702118200000000000000000001781068850962609104891000552382013608615841      
0022600200004892           26041500001092397926043000001113989500000000000000000001781109239792609104892000552392021591615781      
0022600200004893           26041500000377099126043000000384552600000000000000000001781037709912609104893000035552007453515631      
0022600200004894           26041500000385456126043000000393074700000000000000000001781038545612609104894000552402007618615361      
0022600200004895           26041500000319828126043000000326149600000000000000000001781031982812609104895000552412006321515211      
0022600200004896           26041500000219229326043000000223562400000000000000000001781021922932609104896000552422004333115001      
0022600200004897           26041500000739951426043000000754576800000000000000000001781073995142609104897000552432014625415781      
0022600200004898           26041500000663118126043000000676224800000000000000000001781066311812609104898000552442013106715841      
0022600200004899           26041500000757126326043000000772091200000000000000000001781075712632609104899000552452014964915421      
0022600200004900           26041500002755977326043000002810450200000000000000000001781275597732609104900000035562054472915581      
0022600200004901           26041500000487769926043000000497410800000000000000000001781048776992609104901000552462009640915161      
0022600200004902           26041500000558298926043000000569333900000000000000000001781055829892609104902000552472011035015421      
0022600200004903           26041500001525334126043000001555482800000000000000000001781152533412609104903000552482030148715991      
0022600200004905           26041500000060636526043000000061835000000000000000000001781006063652609104905000552492001198515991      
0022600200004906           26041500000173225326043000000176649100000000000000000001781017322532609104906000552502003423815571      
0022600200004907           26041500000205804926043000000209872700000000000000000001781020580492609104907000552512004067815571      
0022600200004908           26041500000399939926043000000407844800000000000000000001781039993992609104908000552522007904915161      
0022600200004909           26041500000690913326043000000704569500000000000000000001781069091332609104909000552532013656215581      
0022600200004910           26041500001439811226043000001468269600000000000000000001781143981122609104910000552542028458415211      
0022600200004911           26041500000984004526043000001003453700000000000000000001781098400452609104911000552552019449215841      
0022600200004912           26041500006525451226043000006654429000000000000000000001781652545122609104912000552562000000015361      
0022600200004913           26041500000464854926043000000474042900000000000000000001781046485492609104913000552572009188015421      
0022600200004914           26041500000187556926043000000191264000000000000000000001781018755692609104914000035572003707115151      
0022600200004915           26041500000674895826043000000688235300000000000000000001781067489582609104915000552582013339515421      
0022600200004916           26041500000444524126043000000453310300000000000000000001781044452412609104916000552592008786215841      
0022600200004917           26041500000467489226043000000476729200000000000000000001781046748922609104917000552602009240015161      
0022600200004918           26041500000801022126043000000816854600000000000000000001781080102212609104918000552612015832515361      
0022600200004919           26041500000488058926043000000497705500000000000000000001781048805892609104919000552622009646615161      
0022600200004920           26041500000491600626043000000501317300000000000000000001781049160062609104920000552632009716715421      
0022600200004921           26041500001745749026043000001780254300000000000000000001781174574902609104921000552642034505315781      
0022600200004922           26041500001124994326043000001147230200000000000000000001781112499432609104922000552652022235915161      
0022600200004923           26041500001198982526043000001222680800000000000000000001781119898252609104923000552662023698315371      
0022600200004924           26041500000444941326043000000453735700000000000000000001781044494132609104924000552672008794415991      
0022600200004925           26041500000202853126043000000206862600000000000000000001781020285312609104925000552682004009515631      
0022600200004926           26041500000668149526043000000681355700000000000000000001781066814952609104926000552692013206215781      
0022600200004927           26041500000569548326043000000580805700000000000000000001781056954832609104927000552702011257415211      
0022600200004928           26041500000117943126043000000120274300000000000000000001781011794312609104928000552712002331215001      
0022600200004929           26041500000249116226043000000254040100000000000000000001781024911622609104929000552722004923915421      
0022600200004930           26041500000446068826043000000454885500000000000000000001781044606882609104930000552732008816715841      
0022600200004931           26041500000442665126043000000451414500000000000000000001781044266512609104931000552742008749415901      
0022600200004932           26041500000318792326043000000325093400000000000000000001781031879232609104932000552752006301115581      
0022600200004933           26041500000046123626043000000047035200000000000000000001781004612362609104933000552762000911615781      
0022600200004934           26041500000209007126043000000213138200000000000000000001781020900712609104934000552772004131115421      
0022600200004936           26041500000376802726043000000384250400000000000000000001781037680272609104936000552782007447715361      
0022600200004937           26041500001214559026043000001238565200000000000000000001781121455902609104937000552792024006215211      
0022600200004938           26041500007132617426043000007273596100000000000000000001781713261742609104938000552802000000015151      
0022600200004939           26041500000370912526043000000378243800000000000000000001781037091252609104939000552812007331315001      
0022600200004941           26041500000253363926043000000258371700000000000000000001781025336392609104941000552832005007815001      
0022600200004942           26041500000320418726043000000326751800000000000000000001781032041872609104942000552842006333115001      
0022600200004943           26041500000484861226043000000494444600000000000000000001781048486122609104943000552852009583415631      
0022600200004944           26041500000088750226043000000090504300000000000000000001781008875022609104944000552862001754115151      
0022600200004945           26041500000423520926043000000431891900000000000000000001781042352092609104945000552872008371015151      
0022600200004946           26041500000362694326043000000369863100000000000000000001781036269432609104946000552882007168815631      
0022600200004947           26041500000302930426043000000308918000000000000000000001781030293042609104947000035582005987615211      
0022600200004948           26041500000878279726043000000895639200000000000000000001781087827972609104948000552892017359515371      
0022600200004949           26041500001043977926043000001064612500000000000000000001781104397792609104949000552902020634615001      
0022600200004950           26041500000033058226043000000033711600000000000000000001781003305822609104950000552912000653415151      
0022600200004951           26041500000264240726043000000269463500000000000000000001781026424072609104951000552922005222815161      
0022600200004952           26041500003077297026043000003138120800000000000000000001781307729702609104952000552932060823815791      
0022600200004953           26041500000565287026043000000576460100000000000000000001781056528702609104953000035592011173115901      
0022600200004954           26041500000874905926043000000892198700000000000000000001781087490592609104954000552942017292815791      
0022600200012012           26041500000972453626043000000991674500000000000000000001781097245362609112012000035602019220915571      
0022600200012025           26041500000398926026043000000406811000000000000000000001781039892602609112025000552952007885015631      
0022600200012039           26041500000220923326043000000225289900000000000000000001781022092332609112039000552962004366615371      
0022600200012046           26041500000480507326043000000490004700000000000000000001781048050732609112046000552972009497415421      
0022600200012051           26041500002243289126043000002287628500000000000000000001781224328912609112051000552982044339415161      
0022600200012053           26041500000035168326043000000035863400000000000000000001781003516832609112053000552992000695115791      
0022600200012058           26041500000702046826043000000715923000000000000000000001781070204682609112058000553002013876215571      
0022600200012060           26041500000051201526043000000052213500000000000000000001781005120152609112060000553012001012015841      
0022600200012061           26041500003407794326043000003475150500000000000000000001781340779432609112061000035612067356215421      
0022600200012062           26041500000467183326043000000476417300000000000000000001781046718332609112062000553022009234015001      
0022600200012068           26041500001188658526043000001212152700000000000000000001781118865852609112068000553032023494215631      
0022600200012077           26041500000280936026043000000286488800000000000000000001781028093602609112077000553042005552815001      
0022600200012078           26041500000118882126043000000121231800000000000000000001781011888212609112078000035622002349715211      
0022600200012079           26041500004333826126043000004419485600000000000000000001781433382612609112079000553052085659515571      
0022600200012080           26041500001032163426043000001052564500000000000000000001781103216342609112080000553062020401115421      
0022600200012093           26041500000035168326043000000035863400000000000000000001781003516832609112093000553072000695115581      
0022600200012098           26041500000704429626043000000718352900000000000000000001781070442962609112098000553082013923315001      
0022600200012106           26041500000620389026043000000632651300000000000000000001781062038902609112106000553092012262315581      
0022600200012108           26041500000041743926043000000042569000000000000000000001781004174392609112108000553102000825115161      
0022600200012110           26041500000120486626043000000122868000000000000000000001781012048662609112110000553112002381415631      
0022600200012111           26041500000494769026043000000504548300000000000000000001781049476902609112111000553122009779315371      
0022600200012126           26041500000072097126043000000073522100000000000000000001781007209712609112126000553132001425015151      
0022600200012127           26041500000311900326043000000318065100000000000000000001781031190032609112127000035632006164815371      
0022600200012137           26041500000441407726043000000450132300000000000000000001781044140772609112137000553142008724615161      
0022600200012138           26041500000265130426043000000270370800000000000000000001781026513042609112138000553152005240415211      
0022600200012143           26041500000101144626043000000103143800000000000000000001781010114462609112143000553162001999215581      
0022600200012167           26041500016172893326043000016492556200000000000000000001781000000002609112167000035642000000015991      
0022600200012170           26041500000453954226043000000462926700000000000000000001781045395422609112170000553172008972515001      
0022600200012179           26041500000147228126043000000150138200000000000000000001781014722812609112179000553182002910115791      
0022600200012180           26041500000341549626043000000348300400000000000000000001781034154962609112180000553192006750815421      
0022600200012182           26041500000036441726043000000037162000000000000000000001781003644172609112182000553202000720315001      
0022600200012183           26041500000035168326043000000035863400000000000000000001781003516832609112183000553212000695115421      
0022600200012184           26041500013083529326043000013342129900000000000000000001781000000002609112184000035652000000015571      
0022600200012185           26041500000035168326043000000035863400000000000000000001781003516832609112185000553222000695115991      
0022600200012186           26041500001747707526043000001782251500000000000000000001781174770752609112186000553232034544015211      
0022600200012197           26041500003252278326043000003316560800000000000000000001781325227832609112197000035662064282515421      
0022600200012198           26041500000168876126043000000172214000000000000000000001781016887612609112198000553242003337915841      
0022600200012199           26041500000125749626043000000128235100000000000000000001781012574962609112199000035672002485515631      
0022600200012209           26041500000033058226043000000033711600000000000000000001781003305822609112209000553252000653415211      
0022600200012226           26041500000382316126043000000389872700000000000000000001781038231612609112226000553262007556615571      
0022600200012233           26041500006117937826043000006238861000000000000000000001781611793782609112233000553272000000015151      
0022600200012265           26041500000035355226043000000036054000000000000000000001781003535522609112265000553282000698815361      
0022600200012266           26041500002466102926043000002514846300000000000000000001781246610292609112266000553292048743415991      
0022600200012270           26041500000534767226043000000545337000000000000000000001781053476722609112270000553302010569815781      
0022600200012272           26041500000184461626043000000188107600000000000000000001781018446162609112272000553312003646015371      
0022600200012283           26041500001209356726043000001233260000000000000000000001781120935672609112283000553322023903315841      
0022600200012289           26041500000768564926043000000783755800000000000000000001781076856492609112289000553332015190915151      
0022600200012295           26041500000308689526043000000314790800000000000000000001781030868952609112295000553342006101315781      
0022600200012296           26041500000060921126043000000062125200000000000000000001781006092112609112296000553352001204115841      
0022600200012302           26041500000347068626043000000353928600000000000000000001781034706862609112302000553362006860015581      
0022600200012308           26041500001910823326043000001948591400000000000000000001781191082332609112308000553372037768115421      
0022600200012317           26041500000334520826043000000341132700000000000000000001781033452082609112317000035682006611915421      
0022600200012320           26041500000135364126043000000138039700000000000000000001781013536412609112320000035692002675615161      
0022600200012325           26041500000386947226043000000394595400000000000000000001781038694722609112325000553382007648215841      
0022600200012332           26041500000039050926043000000039822800000000000000000001781003905092609112332000553392000771915211      
0022600200012336           26041500000126853626043000000129361000000000000000000001781012685362609112336000553402002507415421      
0022600200012342           26041500000047996426043000000048945000000000000000000001781004799642609112342000553412000948615001      
0022600200012347           26041500000213445326043000000217664100000000000000000001781021344532609112347000553422004218815631      
0022600200012348           26041500000658671026043000000671689900000000000000000001781065867102609112348000553432013018915571      
0022600200012354           26041500000181610126043000000185199700000000000000000001781018161012609112354000553442003589615571      
0022600200012355           26041500001697095226043000001730638900000000000000000001781169709522609112355000553452033543715841      
0022600200012362           26041500000053015126043000000054063000000000000000000001781005301512609112362000553462001047915991      
0022600200012363           26041500005230747526043000005334135100000000000000000001781523074752609112363000035702000000015421      
0022600200012364           26041500000145806126043000000148688000000000000000000001781014580612609112364000553472002881915571      
0022600200012365           26041500000290111426043000000295845600000000000000000001781029011142609112365000553482005734215001      
0022600200012366           26041500000455528626043000000464532300000000000000000001781045552862609112366000553492009003715841      
0022600200012367           26041500000286263326043000000291921400000000000000000001781028626332609112367000553502005658115841      
0022600200012371           26041500000591300126043000000602987400000000000000000001781059130012609112371000553512011687315371      
0022600200012372           26041500000221085726043000000225455500000000000000000001781022108572609112372000553522004369815841      
0022600200012376           26041500001435316826043000001463686300000000000000000001781143531682609112376000035712028369515001      
0022600200012390           26041500000374037926043000000381430900000000000000000001781037403792609112390000035722007393015361      
0022600200012435           26041500000211446826043000000215626100000000000000000001781021144682609112435000553532004179315631      
0022600200012436           26041500000258013026043000000263112700000000000000000001781025801302609112436000553542005099715841      
0022600200012437           26041500000278141826043000000283639300000000000000000001781027814182609112437000553552005497515631      
0022600200012438           26041500000064456626043000000065730600000000000000000001781006445662609112438000553562001274015151      
0022600200012445           26041500000596893926043000000608691800000000000000000001781059689392609112445000553572011797915211      
0022600200012474           26041500000261834826043000000267010100000000000000000001781026183482609112474000553582005175315841      
0022600200012482           26041500000035168326043000000035863400000000000000000001781003516832609112482000553592000695115991      
0022600200012491           26041500000263493126043000000268701200000000000000000001781026349312609112491000553602005208115421      
0022600200012498           26041500000046629026043000000047550700000000000000000001781004662902609112498000553612000921715371      
0022600200012506           26041500000265204126043000000270445900000000000000000001781026520412609112506000553622005241815841      
0022600200012510           26041500000101144626043000000103143800000000000000000001781010114462609112510000553632001999215901      
0022600200012513           26041500002922273126043000002980032800000000000000000001781292227312609112513000553642057759715421      
0022600200012517           26041500000245280526043000000250128600000000000000000001781024528052609112517000553652004848115421      
0022600200012518           26041500000275842226043000000281294300000000000000000001781027584222609112518000553662005452115841      
0022600200012519           26041500000097464426043000000099390800000000000000000001781009746442609112519000553672001926415581      
0022600200012520           26041500001128980426043000001151295100000000000000000001781112898042609112520000553682022314715361      
0022600200012525           26041500000056816226043000000057939200000000000000000001781005681622609112525000553692001123015211      
0022600200012558           26041500000036441726043000000037162000000000000000000001781003644172609112558000553702000720315211      
0022600200012559           26041500000101796126043000000103808100000000000000000001781010179612609112559000035732002012015841      
0022600200012563           26041500000324484826043000000330898400000000000000000001781032448482609112563000553712006413615991      
0022600200012564           26041500000463178226043000000472333100000000000000000001781046317822609112564000553722009154915421      
0022600200012570           26041500000038988526043000000039759100000000000000000001781003898852609112570000553732000770615211      
0022600200012571           26041500000046704726043000000047627800000000000000000001781004670472609112571000553742000923115001      
0022600200012580           26041500000212318026043000000216514500000000000000000001781021231802609112580000553752004196515571      
0022600200012586           26041500000035168326043000000035863400000000000000000001781003516832609112586000553762000695115361      
0022600200012599           26041500000177942426043000000181459500000000000000000001781017794242609112599000035742003517115631      
0022600200012603           26041500000333437226043000000340027700000000000000000001781033343722609112603000553772006590515841      
0022600200012604           26041500000163058726043000000166281700000000000000000001781016305872609112604000553782003223015001      
0022600200012605           26041500000091198226043000000093000700000000000000000001781009119822609112605000553792001802515361      
0022600200012626           26041500000812489326043000000828548400000000000000000001781081248932609112626000553802016059115361      
0022600200012627           26041500000036298026043000000037015400000000000000000001781003629802609112627000553812000717415841      
0022600200012628           26041500000135767426043000000138450900000000000000000001781013576742609112628000553822002683515781      
0022600200012629           26041500000074643826043000000076119200000000000000000001781007464382609112629000553832001475415991      
0022600200012635           26041500000035168326043000000035863400000000000000000001781003516832609112635000553842000695115421      
0022600200012638           26041500000727067026043000000741437700000000000000000001781072706702609112638000553852014370715001      
0022600200012643           26041500000035168326043000000035863400000000000000000001781003516832609112643000553862000695115841      
0022600200012654           26041500000728119226043000000742510700000000000000000001781072811922609112654000553872014391515781      
0022600200012664           26041500000503803226043000000513761000000000000000000001781050380322609112664000553902009957815001      
0022600200012665           26041500000598249126043000000610073700000000000000000001781059824912609112665000553912011824615781      
0022600200012666           26041500000827931726043000000844296100000000000000000001781082793172609112666000553922016364415001      
0022600200012672           26041500000287303026043000000292981700000000000000000001781028730302609112672000553932005678715361      
0022600200012673           26041500000036441726043000000037162000000000000000000001781003644172609112673000553942000720315211      
0022600200012677           26041500002885761526043000002942799600000000000000000001781288576152609112677000553952057038115161      
0022600200012680           26041500004979676826043000005078101800000000000000000001781497967682609112680000553962098425015001      
0022600200012683           26041500000144854826043000000147717900000000000000000001781014485482609112683000553972002863115991      
0022600200012691           26041500000847914926043000000864674200000000000000000001781084791492609112691000553982016759315901      
0012600200002011           26041500000125691026043000000128175400000000000000000001781012569102609102011000388132002484415841      
0012600200002014           26041500001858374226043000001895105600000000000000000001781185837422609102014000388142036731415151      
0012600200002006           26041500012453565626043000012699714700000000000000000001781000000002609102006000173552000000015781      
0012600200002007           26041500001197944926043000001221622700000000000000000001781119794492609102007000388112023677815571      
0012600200002004           26041500000108182726043000000110321000000000000000000001781010818272609102004000388092002138315211      
0012600200002005           26041500000417211726043000000425458100000000000000000001781041721172609102005000388102008246415791      
0012600200002017           26041500000298257726043000000304152800000000000000000001781029825772609102017000388152005895115361      
0012600200002009           26041500000624204326043000000636541900000000000000000001781062420432609102009000388122012337615581      
0012600200000498           26041500000289052526043000000294765800000000000000000001781028905252609100498000388062005713315211      
0012600200000502           26041500000087980926043000000089719900000000000000000001781008798092609100502000388072001739015581      
0012600200000531           26041500001320408426043000001346506800000000000000000001781132040842609100531000388082026098415841      
0012600200002020           26041500001920868726043000001958835400000000000000000001781192086872609102020000173562037966715631      
0012600200012344           26041500000110758026043000000112947100000000000000000001781011075802609112344000393302002189115421      
0012600200012353           26041500000726649126043000000741011600000000000000000001781072664912609112353000393312014362515151      
0012600200012359           26041500002534671426043000002584770100000000000000000001781253467142609112359000393322050098715361      
0012600200012553           26041500000446226726043000000455046500000000000000000001781044622672609112553000393422008819815901      
0012600200012554           26041500000900144426043000000917936100000000000000000001781090014442609112554000393432017791715361      
0012600200002022           26041500001116141426043000001138202400000000000000000001781111614142609102022000388162022061015001      
0012600200002023           26041500000364495026043000000371699300000000000000000001781036449502609102023000388172007204315571      
0012600200002025           26041500000878664026043000000896031100000000000000000001781087866402609102025000388182017367115421      
0012600200002026           26041500000578526826043000000589961500000000000000000001781057852682609102026000388192011434715371      
0012600200002027           26041500002173714226043000002216678400000000000000000001781217371422609102027000388202042964215371      
0012600200002028           26041500000177822726043000000181337400000000000000000001781017782272609102028000388212003514715371      
0012600200002030           26041500000409863426043000000417964500000000000000000001781040986342609102030000388222008101115151      
0012600200002031           26041500000358655026043000000365743900000000000000000001781035865502609102031000388232007088915901      
0012600200002034           26041500001180095526043000001203420500000000000000000001781118009552609102034000388242023325015581      
0012600200002035           26041500000135118526043000000137789200000000000000000001781013511852609102035000388252002670715161      
0012600200002036           26041500000597767026043000000609582000000000000000000001781059776702609102036000388262011815015631      
0012600200002037           26041500000997525926043000001017242400000000000000000001781099752592609102037000388272019716515841      
0012600200002038           26041500001738164126043000001772519500000000000000000001781173816412609102038000173572034355415781      
0012600200002039           26041500000087980926043000000089719900000000000000000001781008798092609102039000388282001739015791      
0012600200002041           26041500000224006526043000000228434000000000000000000001781022400652609102041000388292004427515901      
0012600200002042           26041500000087980926043000000089719900000000000000000001781008798092609102042000388302001739015421      
0012600200002043           26041500000489960126043000000499644300000000000000000001781048996012609102043000388312009684215631      
0012600200002044           26041500000087980926043000000089719900000000000000000001781008798092609102044000388322001739015001      
0012600200002045           26041500000516810326043000000527025200000000000000000001781051681032609102045000388332010214915841      
0012600200002047           26041500000109529526043000000111694400000000000000000001781010952952609102047000388342002164915581      
0012600200002048           26041500001752756426043000001787400300000000000000000001781175275642609102048000173582034643915001      
0012600200002049           26041500000918289326043000000936439700000000000000000001781091828932609102049000388352018150415421      
0012600200002050           26041500000096144726043000000098045000000000000000000001781009614472609102050000173592001900315371      
0012600200002051           26041500000361496826043000000368642000000000000000000001781036149682609102051000388362007145215791      
0012600200002052           26041500000449840926043000000458732200000000000000000001781044984092609102052000388372008891315421      
0012600200002053           26041500000280571626043000000286117200000000000000000001781028057162609102053000388382005545615841      
0012600200002054           26041500000092343626043000000094168800000000000000000001781009234362609102054000173602001825215571      
0012600200002055           26041500000590505826043000000602177300000000000000000001781059050582609102055000388392011671515841      
0012600200002057           26041500000470635226043000000479937400000000000000000001781047063522609102057000388402009302215901      
0012600200002063           26041500002010596726043000002050336900000000000000000001781201059672609102063000388412039740215001      
0012600200002065           26041500000372153326043000000379509000000000000000000001781037215332609102065000388422007355715421      
0012600200002066           26041500000090129026043000000091910500000000000000000001781009012902609102066000388432001781515151      
0012600200002067           26041500000095344926043000000097229500000000000000000001781009534492609102067000173612001884615161      
0012600200002068           26041500000431013926043000000439533000000000000000000001781043101392609102068000388442008519115161      
0012600200002070           26041500000569568026043000000580825700000000000000000001781056956802609102070000388452011257715421      
0012600200002071           26041500000285984026043000000291636500000000000000000001781028598402609102071000388462005652515001      
0012600200002072           26041500000343870726043000000350667400000000000000000001781034387072609102072000388472006796715581      
0012600200002073           26041500001572783126043000001603869700000000000000000001781157278312609102073000388482031086615781      
0012600200002074           26041500000285840826043000000291490500000000000000000001781028584082609102074000388492005649715841      
0012600200002075           26041500001548983926043000001579600200000000000000000001781154898392609102075000388502030616315791      
0012600200002077           26041500000677074626043000000690457200000000000000000001781067707462609102077000388512013382615211      
0012600200002078           26041500000253765726043000000258781500000000000000000001781025376572609102078000388522005015815991      
0012600200002081           26041500000316935026043000000323199300000000000000000001781031693502609102081000388532006264315841      
0012600200002082           26041500000087980926043000000089719900000000000000000001781008798092609102082000388542001739015781      
0012600200002084           26041500000249595526043000000254528800000000000000000001781024959552609102084000388552004933315001      
0012600200002085           26041500000219966226043000000224313900000000000000000001781021996622609102085000388562004347715421      
0012600200002086           26041500002103159426043000002144729100000000000000000001781210315942609102086000173622041569715631      
0012600200002087           26041500000799927426043000000815738200000000000000000001781079992742609102087000388572015810815791      
0012600200002089           26041500001150331926043000001173068600000000000000000001781115033192609102089000388582022736715361      
0012600200002090           26041500000279847226043000000285378500000000000000000001781027984722609102090000388592005531315581      
0012600200002092           26041500000098880026043000000100834400000000000000000001781009888002609102092000388602001954415581      
0012600200002093           26041500000259145026043000000264267100000000000000000001781025914502609102093000173632005122115211      
0012600200002094           26041500000406774026043000000414814100000000000000000001781040677402609102094000173642008040115421      
0012600200002098           26041500000153973626043000000157017000000000000000000001781015397362609102098000388612003043415421      
0012600200002099           26041500000839631326043000000856226900000000000000000001781083963132609102099000388622016595615901      
0012600200002100           26041500002141531326043000002183859400000000000000000001781214153132609102100000173652042328115361      
0012600200002101           26041500002664197826043000002716856600000000000000000001781266419782609102101000173662052658815581      
0012600200002102           26041500000188562126043000000192289100000000000000000001781018856212609102102000388632003727015991      
0012600200002105           26041500000182812226043000000186425500000000000000000001781018281222609102105000173672003613315581      
0012600200002106           26041500000735469226043000000750006000000000000000000001781073546922609102106000388642014536815151      
0012600200002107           26041500000087980926043000000089719900000000000000000001781008798092609102107000388652001739015841      
0012600200002108           26041500000129731326043000000132295500000000000000000001781012973132609102108000388662002564215781      
0012600200002111           26041500002159816926043000002202506400000000000000000001781215981692609102111000388672042689515841      
0012600200002112           26041500000424592126043000000432984300000000000000000001781042459212609102112000388682008392215371      
0012600200002113           26041500000240168026043000000244915000000000000000000001781024016802609102113000388692004747015901      
0012600200002114           26041500000749598226043000000764414300000000000000000001781074959822609102114000388702014816115421      
0012600200002115           26041500000087980926043000000089719900000000000000000001781008798092609102115000388712001739015841      
0012600200002116           26041500000592036226043000000603738000000000000000000001781059203622609102116000388722011701815631      
0012600200002118           26041500001757131826043000001791862100000000000000000001781175713182609102118000173682034730315001      
0012600200002120           26041500001213321726043000001237303400000000000000000001781121332172609102120000388732023981715211      
0012600200002122           26041500001413771826043000001441715500000000000000000001781141377182609102122000388742027943715001      
0012600200002123           26041500001388338926043000001415779900000000000000000001781138833892609102123000388752027441015161      
0012600200002124           26041500000619247326043000000631486900000000000000000001781061924732609102124000388762012239615841      
0012600200002125           26041500000256483326043000000261552800000000000000000001781025648332609102125000388772005069515421      
0012600200002126           26041500000512101726043000000522223600000000000000000001781051210172609102126000388782010121915631      
0012600200002127           26041500000494801226043000000504581100000000000000000001781049480122609102127000388792009779915631      
0012600200002131           26041500000451693926043000000460621800000000000000000001781045169392609102131000388802008927915371      
0012600200002133           26041500000878623826043000000895990100000000000000000001781087862382609102133000388812017366315841      
0012600200002134           26041500001047216326043000001067914900000000000000000001781104721632609102134000388822020698615841      
0012600200002136           26041500000195724026043000000199592600000000000000000001781019572402609102136000388832003868615421      
0012600200002139           26041500000546894726043000000557704200000000000000000001781054689472609102139000388842010809515841      
0012600200002141           26041500000279080126043000000284596200000000000000000001781027908012609102141000388852005516115781      
0012600200002142           26041500001231646126043000001255990000000000000000000001781123164612609102142000388862024343915421      
0012600200002147           26041500000343870726043000000350667400000000000000000001781034387072609102147000388872006796715151      
0012600200002148           26041500001277744026043000001302999000000000000000000001781127774402609102148000173692025255015001      
0012600200002149           26041500003969709526043000004048172200000000000000000001781396970952609102149000388882078462715361      
0012600200002150           26041500000390853326043000000398578700000000000000000001781039085332609102150000388892007725415841      
0012600200002151           26041500000446733026043000000455562900000000000000000001781044673302609102151000388902008829915211      
0012600200002153           26041500001635937326043000001668272100000000000000000001781163593732609102153000388912032334815901      
0012600200002154           26041500000534242726043000000544802200000000000000000001781053424272609102154000388922010559515211      
0012600200002155           26041500001241562426043000001266102300000000000000000001781124156242609102155000388932024539915361      
0012600200002157           26041500000486840126043000000496462600000000000000000001781048684012609102157000388942009622515841      
0012600200002159           26041500000630566826043000000643030200000000000000000001781063056682609102159000388952012463415791      
0012600200002160           26041500000675024326043000000688366400000000000000000001781067502432609102160000388962013342115901      
0012600200002161           26041500000515150226043000000525332400000000000000000001781051515022609102161000388972010182215791      
0012600200002164           26041500000485743326043000000495344200000000000000000001781048574332609102164000388982009600915151      
0012600200002169           26041500002339502626043000002385743700000000000000000001781233950262609102169000388992046241115211      
0012600200002173           26041500000574307426043000000585658800000000000000000001781057430742609102173000389002011351415901      
0012600200002174           26041500001231646126043000001255990000000000000000000001781123164612609102174000389012024343915001      
0012600200002175           26041500000544892226043000000555662200000000000000000001781054489222609102175000389022010770015901      
0012600200002176           26041500000087980926043000000089719900000000000000000001781008798092609102176000389032001739015161      
0012600200002180           26041500000126313326043000000128809900000000000000000001781012631332609102180000173702002496615001      
0012600200002182           26041500000092021326043000000093840200000000000000000001781009202132609102182000389042001818915361      
0012600200002183           26041500001186045326043000001209487800000000000000000001781118604532609102183000389052023442515631      
0012600200002186           26041500000663860426043000000676981900000000000000000001781066386042609102186000389062013121515631      
0012600200002187           26041500001453786826043000001482521400000000000000000001781145378682609102187000389072028734615151      
0012600200002188           26041500000159412226043000000162563000000000000000000001781015941222609102188000389082003150815161      
0012600200002189           26041500002957683126043000003016142800000000000000000001781295768312609102189000173712058459715631      
0012600200002190           26041500000100825026043000000102817900000000000000000001781010082502609102190000173722001992915791      
0012600200002191           26041500000087980926043000000089719900000000000000000001781008798092609102191000389092001739015211      
0012600200002192           26041500001570785426043000001601832500000000000000000001781157078542609102192000389102031047115791      
0012600200002193           26041500000542677326043000000553403500000000000000000001781054267732609102193000389112010726215841      
0012600200002194           26041500001759210626043000001793982000000000000000000001781175921062609102194000389122034771415421      
0012600200002197           26041500002038837426043000002079135700000000000000000001781203883742609102197000389132040298315901      
0012600200002199           26041500003356065426043000003422399200000000000000000001781335606542609102199000173732066333815841      
0012600200002203           26041500001840490826043000001876868700000000000000000001781184049082609102203000173742036377915211      
0012600200002204           26041500000453892926043000000462864200000000000000000001781045389292609102204000389142008971315151      
0012600200002205           26041500001975387226043000002014431400000000000000000001781197538722609102205000389152039044215631      
0012600200002207           26041500000122997426043000000125428500000000000000000001781012299742609102207000389162002431115421      
0012600200002217           26041500000125427826043000000127907000000000000000000001781012542782609102217000389172002479215361      
0012600200002218           26041500000125427826043000000127907000000000000000000001781012542782609102218000389182002479215631      
0012600200002220           26041500000125427826043000000127907000000000000000000001781012542782609102220000389192002479215001      
0012600200002221           26041500000125427826043000000127907000000000000000000001781012542782609102221000389202002479215211      
0012600200002222           26041500000125427826043000000127907000000000000000000001781012542782609102222000389212002479215581      
0012600200002224           26041500005580327626043000005690624800000000000000000001781558032762609102224000173752000000015421      
0012600200002225           26041500000642039726043000000654729800000000000000000001781064203972609102225000389222012690115361      
0012600200002226           26041500000995475726043000001015151600000000000000000001781099547572609102226000389232019675915581      
0012600200002227           26041500001275292426043000001300499000000000000000000001781127529242609102227000389242025206615791      
0012600200002229           26041500002160772926043000002203481300000000000000000001781216077292609102229000173762042708415211      
0012600200002230           26041500001547000626043000001577577700000000000000000001781154700062609102230000389252030577115211      
0012600200002231           26041500000420718426043000000429034000000000000000000001781042071842609102231000389262008315615781      
0012600200002232           26041500000291482926043000000297244200000000000000000001781029148292609102232000173772005761315421      
0012600200002234           26041500000243595826043000000248410500000000000000000001781024359582609102234000173782004814715631      
0012600200002238           26041500001091261126043000001112830300000000000000000001781109126112609102238000389272021569215841      
0012600200002240           26041500002428582226043000002476584000000000000000000001781242858222609102240000389282048001815161      
0012600200002241           26041500000798316526043000000814095500000000000000000001781079831652609102241000389292015779015631      
0012600200002242           26041500000117787926043000000120116100000000000000000001781011778792609102242000173792002328215841      
0012600200002243           26041500000089165426043000000090927800000000000000000001781008916542609102243000389302001762415421      
0012600200002244           26041500000149989126043000000152953700000000000000000001781014998912609102244000173802002964615001      
0012600200002245           26041500000112223126043000000114441300000000000000000001781011222312609102245000389312002218215631      
0012600200002246           26041500004442576226043000004530385300000000000000000001781444257622609102246000389322087809115901      
0012600200002248           26041500003018587726043000003078251100000000000000000001781301858772609102248000389332059663415161      
0012600200002249           26041500000951366826043000000970170900000000000000000001781095136682609102249000389342018804115371      
0012600200002250           26041500001153362826043000001176159400000000000000000001781115336282609102250000389352022796615631      
0012600200002251           26041500001049185226043000001069922700000000000000000001781104918522609102251000389362020737515631      
0012600200002252           26041500005303213226043000005408033100000000000000000001781530321322609102252000173812000000015001      
0012600200002253           26041500000443533026043000000452299600000000000000000001781044353302609102253000389372008766615001      
0012600200002254           26041500000962354126043000000981375400000000000000000001781096235412609102254000389382019021315901      
0012600200002255           26041500000296733126043000000302598100000000000000000001781029673312609102255000389392005865015361      
0012600200002257           26041500001646634726043000001679181000000000000000000001781164663472609102257000389402032546315791      
0012600200002258           26041500000477308626043000000486742700000000000000000001781047730862609102258000389412009434115161      
0012600200002259           26041500002553637626043000002604111200000000000000000001781255363762609102259000173822050473615991      
0012600200002261           26041500007017296126043000007155995400000000000000000001781701729612609102261000173832000000015371      
0012600200002262           26041500011021871126043000011239722300000000000000000001781000000002609102262000173842000000015781      
0012600200002263           26041500000748807226043000000763607700000000000000000001781074880722609102263000173852014800515781      
0012600200002265           26041500001406115626043000001433908000000000000000000001781140611562609102265000389422027792415161      
0012600200002266           26041500000308620026043000000314720000000000000000000001781030862002609102266000173862006100015001      
0012600200002272           26041500000322925926043000000329308700000000000000000001781032292592609102272000173872006382815581      
0012600200002273           26041500000342523926043000000349294000000000000000000001781034252392609102273000389432006770115841      
0012600200002274           26041500000087980926043000000089719900000000000000000001781008798092609102274000389442001739015161      
0012600200002275           26041500000858807926043000000875782500000000000000000001781085880792609102275000173882016974615781      
0012600200002277           26041500001247037326043000001271685500000000000000000001781124703732609102277000389452024648215631      
0012600200002278           26041500005036513826043000005136062300000000000000000001781503651382609102278000389462099548515631      
0012600200002279           26041500003429697126043000003497486300000000000000000001781342969712609102279000173892067789215371      
0012600200002280           26041500005662287926043000005774205000000000000000000001781566228792609102280000389472000000015901      
0012600200002281           26041500003095457526043000003156640300000000000000000001781309545752609102281000389482061182815361      
0012600200002282           26041500001199704426043000001223417000000000000000000001781119970442609102282000173902023712615211      
0012600200002283           26041500000466428526043000000475647600000000000000000001781046642852609102283000389492009219115841      
0012600200002284           26041500000941973526043000000960591900000000000000000001781094197352609102284000173912018618415991      
0012600200002286           26041500000882346026043000000899785900000000000000000001781088234602609102286000173922017439915631      
0012600200002287           26041500000104810026043000000106881600000000000000000001781010481002609102287000389502002071615421      
0012600200002288           26041500001289582226043000001315071200000000000000000001781128958222609102288000173932025489015841      
0012600200002289           26041500002081078826043000002122212000000000000000000001781208107882609102289000173942041133215151      
0012600200002290           26041500004550434426043000004640375300000000000000000001781455043442609102290000173952089940915791      
0012600200002291           26041500002069083026043000002109979200000000000000000001781206908302609102291000173962040896215151      
0012600200002292           26041500002104624526043000002146223100000000000000000001781210462452609102292000173972041598615001      
0012600200002293           26041500002233902726043000002278056600000000000000000001781223390272609102293000173982044153915371      
0012600200002295           26041500000957670926043000000976599700000000000000000001781095767092609102295000173992018928815001      
0012600200002296           26041500000092343626043000000094168800000000000000000001781009234362609102296000174002001825215901      
0012600200002297           26041500002054925426043000002095541700000000000000000001781205492542609102297000174012040616315421      
0012600200002298           26041500002646174926043000002698477500000000000000000001781264617492609102298000174022052302615001      
0012600200002299           26041500000922234226043000000940462500000000000000000001781092223422609102299000174032018228315211      
0012600200002300           26041500002663160426043000002715798700000000000000000001781266316042609102300000174042052638315001      
0012600200002301           26041500001563756826043000001594665000000000000000000001781156375682609102301000174052030908215581      
0012600200002302           26041500001618398426043000001650386600000000000000000001781161839842609102302000389512031988215161      
0012600200002303           26041500005276727726043000005381024000000000000000000001781527672772609102303000174062000000015631      
0012600200002304           26041500005451188726043000005558933400000000000000000001781545118872609102304000174072000000015421      
0012600200002305           26041500002106435826043000002148070200000000000000000001781210643582609102305000174082041634415571      
0012600200002306           26041500000737110026043000000751679200000000000000000001781073711002609102306000174092014569215001      
0012600200002307           26041500000686373426043000000699939800000000000000000001781068637342609102307000174102013566415841      
0012600200002308           26041500005110628426043000005211641700000000000000000001781511062842609102308000174112000000015001      
0012600200002309           26041500014249439226043000014531084400000000000000000001781000000002609102309000174122000000015361      
0012600200002310           26041500001852866926043000001889489500000000000000000001781185286692609102310000174132036622615581      
0012600200002312           26041500000399848226043000000407751300000000000000000001781039984822609102312000174142007903115581      
0012600200002315           26041500002332836426043000002378945700000000000000000001781233283642609102315000174152046109315841      
0012600200002318           26041500000723603526043000000737905800000000000000000001781072360352609102318000174162014302315161      
0012600200002319           26041500004246019526043000004329943500000000000000000001781424601952609102319000389522083924015001      
0012600200002320           26041500000092343626043000000094168800000000000000000001781009234362609102320000174172001825215791      
0012600200002321           26041500000108874726043000000111026700000000000000000001781010887472609102321000174182002152015161      
0012600200002323           26041500000252417526043000000257406600000000000000000001781025241752609102323000174192004989115991      
0012600200002324           26041500002934156626043000002992151200000000000000000001781293415662609102324000174202057994615211      
0012600200002328           26041500002992115226043000003051255400000000000000000001781299211522609102328000174212059140215631      
0012600200002329           26041500004727249926043000004820685600000000000000000001781472724992609102329000174222093435715211      
0012600200002330           26041500000949982526043000000968759300000000000000000001781094998252609102330000174232018776815631      
0012600200002332           26041500001365652726043000001392645300000000000000000001781136565272609102332000174242026992615991      
0012600200002333           26041500002577349226043000002628291400000000000000000001781257734922609102333000174252050942215571      
0012600200002334           26041500001942298726043000001980688900000000000000000001781194229872609102334000174262038390215991      
0012600200002335           26041500001800342026043000001835926400000000000000000001781180034202609102335000174272035584415991      
0012600200002336           26041500000753798826043000000768697900000000000000000001781075379882609102336000389532014899115571      
0012600200002337           26041500000232287226043000000236878400000000000000000001781023228722609102337000174282004591215791      
0012600200002338           26041500000257601326043000000262692900000000000000000001781025760132609102338000389542005091615161      
0012600200002341           26041500001143557026043000001166159800000000000000000001781114355702609102341000174292022602815631      
0012600200002342           26041500000565552426043000000576730700000000000000000001781056555242609102342000389552011178315841      
0012600200002343           26041500000485381726043000000494975400000000000000000001781048538172609102343000174302009593715581      
0012600200002344           26041500001301972826043000001327706700000000000000000001781130197282609102344000389562025733915841      
0012600200002345           26041500000476815626043000000486240000000000000000000001781047681562609102345000174312009424415211      
0012600200002346           26041500001153741826043000001176545900000000000000000001781115374182609102346000174322022804115421      
0012600200002348           26041500000226632926043000000231112300000000000000000001781022663292609102348000174332004479415421      
0012600200002350           26041500000094581526043000000096451000000000000000000001781009458152609102350000174342001869515581      
0012600200002351           26041500000472280426043000000481615200000000000000000001781047228042609102351000174352009334815421      
0012600200002353           26041500000712023326043000000726096700000000000000000001781071202332609102353000174362014073415781      
0012600200002355           26041500000158980326043000000162122500000000000000000001781015898032609102355000389572003142215631      
0012600200002356           26041500001433395126043000001461726600000000000000000001781143339512609102356000174372028331515001      
0012600200002357           26041500002515768126043000002565493200000000000000000001781251576812609102357000174382049725115151      
0012600200002358           26041500002753036126043000002807450800000000000000000001781275303612609102358000174392054414715901      
0012600200002360           26041500000096274026043000000098176800000000000000000001781009627402609102360000174402001902815571      
0012600200002361           26041500000571329526043000000582622100000000000000000001781057132952609102361000389582011292615371      
0012600200002362           26041500000350604626043000000357534400000000000000000001781035060462609102362000389592006929815781      
0012600200002363           26041500000691950126043000000705626700000000000000000001781069195012609102363000389602013676615421      
0012600200002364           26041500000284586326043000000290211200000000000000000001781028458632609102364000389612005624915421      
0012600200002367           26041500002119796826043000002161695300000000000000000001781211979682609102367000174412041898515631      
0012600200002368           26041500002241511926043000002285816200000000000000000001781224151192609102368000389622044304315161      
0012600200002369           26041500000157849926043000000160969900000000000000000001781015784992609102369000174422003120015211      
0012600200002370           26041500004043296926043000004123214100000000000000000001781404329692609102370000174432079917215991      
0012600200002371           26041500001386258626043000001413658400000000000000000001781138625862609102371000174442027399815791      
0012600200002372           26041500001427515126043000001455730500000000000000000001781142751512609102372000389632028215415991      
0012600200002373           26041500010848370226043000011062792000000000000000000001781000000002609102373000174452000000015371      
0012600200002375           26041500001224883626043000001249093900000000000000000001781122488362609102375000389642024210315841      
0012600200002376           26041500000462592026043000000471735200000000000000000001781046259202609102376000389652009143215581      
0012600200002377           26041500000236371026043000000241042900000000000000000001781023637102609102377000389662004671915421      
0012600200002379           26041500000236127626043000000240794700000000000000000001781023612762609102379000389672004667115001      
0012600200002381           26041500000733823026043000000748327300000000000000000001781073382302609102381000389682014504315211      
0012600200002384           26041500000800686226043000000816512000000000000000000001781080068622609102384000389692015825815421      
0012600200002385           26041500000097758226043000000099690400000000000000000001781009775822609102385000389702001932215901      
0012600200002386           26041500000134750726043000000137414200000000000000000001781013475072609102386000174462002663515001      
0012600200002387           26041500000098755226043000000100707200000000000000000001781009875522609102387000389712001952015421      
0012600200002388           26041500000511845526043000000521962300000000000000000001781051184552609102388000389722010116815211      
0012600200002389           26041500000897736726043000000915480700000000000000000001781089773672609102389000174472017744015991      
0012600200002391           26041500000697883026043000000711676900000000000000000001781069788302609102391000389732013793915901      
0012600200002392           26041500000242259226043000000247047500000000000000000001781024225922609102392000389742004788315421      
0012600200002393           26041500000092343626043000000094168800000000000000000001781009234362609102393000174482001825215841      
0012600200002394           26041500001650715126043000001683342000000000000000000001781165071512609102394000174492032626915421      
0012600200002395           26041500004137216226043000004218989700000000000000000001781413721622609102395000174502081773515781      
0012600200002396           26041500000440210326043000000448911200000000000000000001781044021032609102396000174512008700915581      
0012600200002397           26041500003271426626043000003336087500000000000000000001781327142662609102397000389752064660915211      
0012600200002399           26041500001898249426043000001935769000000000000000000001781189824942609102399000389762037519615791      
0012600200002401           26041500000099858326043000000101832100000000000000000001781009985832609102401000389772001973815421      
0012600200002402           26041500001694163526043000001727649300000000000000000001781169416352609102402000174522033485815361      
0012600200002404           26041500002218047826043000002261888300000000000000000001781221804782609102404000174532043840515631      
0012600200002405           26041500001009534126043000001029487800000000000000000001781100953412609102405000389782019953715841      
0012600200002406           26041500000101448826043000000103454000000000000000000001781010144882609102406000389792002005215841      
0012600200002407           26041500000643642926043000000656364700000000000000000001781064364292609102407000389802012721815211      
0012600200002408           26041500000104810026043000000106881600000000000000000001781010481002609102408000389812002071615211      
0012600200002409           26041500000087980926043000000089719900000000000000000001781008798092609102409000389822001739015901      
0012600200002410           26041500003804217826043000003879409500000000000000000001781380421782609102410000174542075191715211      
0012600200002411           26041500002141531326043000002183859400000000000000000001781214153132609102411000174552042328115841      
0012600200002413           26041500001859148326043000001895895000000000000000000001781185914832609102413000389832036746715151      
0012600200002414           26041500000535492026043000000546076200000000000000000001781053549202609102414000174562010584215211      
0012600200002416           26041500001931755226043000001969937000000000000000000001781193175522609102416000389842038181815421      
0012600200002417           26041500002579602526043000002630589200000000000000000001781257960252609102417000174572050986715991      
0012600200002418           26041500000104810026043000000106881600000000000000000001781010481002609102418000389852002071615211      
0012600200002419           26041500000564974526043000000576141500000000000000000001781056497452609102419000174582011167015421      
0012600200002420           26041500009687544426043000009879022100000000000000000001781968754442609102420000174592000000015781      
0012600200002422           26041500000957976226043000000976910900000000000000000001781095797622609102422000389862018934715781      
0012600200002423           26041500001590143226043000001621573000000000000000000001781159014322609102423000389872031429815211      
0012600200002424           26041500000087980926043000000089719900000000000000000001781008798092609102424000389882001739015001      
0012600200002425           26041500000334322526043000000340930600000000000000000001781033432252609102425000389892006608115151      
0012600200002426           26041500001159446326043000001182363200000000000000000001781115944632609102426000174602022916915841      
0012600200002429           26041500002103496026043000002145072300000000000000000001781210349602609102429000174612041576315211      
0012600200002430           26041500001043249826043000001063870000000000000000000001781104324982609102430000389902020620215781      
0012600200002431           26041500000100101926043000000102080500000000000000000001781010010192609102431000389912001978615991      
0012600200002432           26041500000104810026043000000106881600000000000000000001781010481002609102432000389922002071615211      
0012600200002433           26041500000088212726043000000089956300000000000000000001781008821272609102433000389932001743615571      
0012600200002434           26041500011070773726043000011289591400000000000000000001781000000002609102434000174622000000015571      
0012600200002435           26041500000991684726043000001011285700000000000000000001781099168472609102435000389942019601015631      
0012600200002436           26041500000662289526043000000675379900000000000000000001781066228952609102436000174632013090415841      
0012600200002437           26041500002829094426043000002885012500000000000000000001781282909442609102437000174642055918115151      
0012600200002438           26041500002634179126043000002686244600000000000000000001781263417912609102438000174652052065515211      
0012600200002441           26041500001129408426043000001151731600000000000000000001781112940842609102441000389952022323215371      
0012600200002443           26041500001444164126043000001472708500000000000000000001781144416412609102443000174662028544415781      
0012600200002444           26041500001454050726043000001482790500000000000000000001781145405072609102444000174672028739815791      
0012600200002445           26041500002242706026043000002287033900000000000000000001781224270602609102445000174682044327915991      
0012600200002447           26041500009413860526043000009599928700000000000000000001781941386052609102447000174692000000015631      
0012600200002448           26041500004519643926043000004608976300000000000000000001781451964392609102448000174702089332415151      
0012600200002449           26041500002472981826043000002521861200000000000000000001781247298182609102449000174712048879415371      
0012600200002450           26041500000225955426043000000230421500000000000000000001781022595542609102450000389962004466115631      
0012600200002453           26041500005377140626043000005483421700000000000000000001781537714062609102453000174722000000015791      
0012600200002455           26041500005298462126043000005403188100000000000000000001781529846212609102455000174732000000015361      
0012600200002456           26041500002092400226043000002133757300000000000000000001781209240022609102456000389972041357115211      
0012600200002460           26041500017611036326043000017959124600000000000000000001781000000002609102460000174742000000015001      
0012600200002461           26041500015893102926043000016207235600000000000000000001781000000002609102461000174752000000015361      
0012600200002462           26041500002693167026043000002746398400000000000000000001781269316702609102462000174762053231415151      
0012600200002464           26041500002918934826043000002976628600000000000000000001781291893482609102464000389982057693815571      
0012600200002467           26041500000368780426043000000376069400000000000000000001781036878042609102467000174772007289015421      
0012600200002468           26041500000092343626043000000094168800000000000000000001781009234362609102468000174782001825215901      
0012600200002470           26041500000336891526043000000343550300000000000000000001781033689152609102470000174792006658815421      
0012600200002473           26041500000712387526043000000726468000000000000000000001781071238752609102473000174802014080515421      
0012600200002475           26041500000205700526043000000209766200000000000000000001781020570052609102475000174812004065715161      
0012600200002476           26041500004492475826043000004581271200000000000000000001781449247582609102476000174822088795415361      
0012600200002477           26041500000618736926043000000630966500000000000000000001781061873692609102477000174832012229615991      
0012600200002478           26041500001953165926043000001991771000000000000000000001781195316592609102478000174842038605115421      
0012600200002482           26041500018255855026043000018616688400000000000000000001781000000002609102482000174852000000015841      
0012600200002483           26041500000092343626043000000094168800000000000000000001781009234362609102483000174862001825215211      
0012600200002484           26041500005895477326043000006012003400000000000000000001781589547732609102484000174872000000015571      
0012600200002486           26041500001208078026043000001231956100000000000000000001781120807802609102486000174882023878115001      
0012600200002488           26041500010199427426043000010401022600000000000000000001781000000002609102488000174892000000015361      
0012600200002489           26041500001866228026043000001903114600000000000000000001781186622802609102489000174902036886615631      
0012600200002491           26041500003657669126043000003729964200000000000000000001781365766912609102491000174912072295115631      
0012600200002492           26041500001009341726043000001029291700000000000000000001781100934172609102492000174922019950015361      
0012600200002493           26041500000706123326043000000720080000000000000000000001781070612332609102493000174932013956715991      
0012600200002494           26041500018273254926043000018634432200000000000000000001781000000002609102494000174942000000015841      
0012600200002496           26041500000239668226043000000244405400000000000000000001781023966822609102496000389992004737215581      
0012600200002498           26041500005948002426043000006065566700000000000000000001781594800242609102498000174952000000015991      
0012600200002499           26041500001438097226043000001466521700000000000000000001781143809722609102499000174962028424515631      
0012600200002500           26041500000102238626043000000104259400000000000000000001781010223862609102500000174972002020815571      
0012600200002501           26041500004112863926043000004194156100000000000000000001781411286392609102501000390002081292215371      
0012600200002503           26041500000634118326043000000646651800000000000000000001781063411832609102503000390012012533515791      
0012600200002504           26041500000701175426043000000715034400000000000000000001781070117542609102504000390022013859015421      
0012600200002505           26041500001152115026043000001174887000000000000000000001781115211502609102505000390032022772015211      
0012600200002506           26041500000739867826043000000754491500000000000000000001781073986782609102506000390042014623715421      
0012600200002507           26041500022153539426043000022591411900000000000000000001781000000002609102507000174982000000015211      
0012600200002512           26041500000083469226043000000085119000000000000000000001781008346922609102512000390052001649815841      
0012600200002513           26041500006225536926043000006348586800000000000000000001781622553692609102513000390062000000015781      
0012600200002514           26041500000141001826043000000143788800000000000000000001781014100182609102514000390072002787015901      
0012600200002517           26041500002165781226043000002208588600000000000000000001781216578122609102517000390082042807415421      
0012600200002518           26041500001017452826043000001037563100000000000000000001781101745282609102518000390092020110315211      
0012600200002523           26041500000087980926043000000089719900000000000000000001781008798092609102523000390102001739015901      
0012600200002524           26041500000092343626043000000094168800000000000000000001781009234362609102524000174992001825215901      
0012600200002525           26041500002459418026043000002508029300000000000000000001781245941802609102525000390112048611315161      
0012600200002528           26041500011515847026043000011743461800000000000000000001781000000002609102528000175002000000015371      
0012600200002530           26041500000941613726043000000960225100000000000000000001781094161372609102530000390122018611415781      
0012600200002532           26041500002558585326043000002609156600000000000000000001781255858532609102532000175012050571315371      
0012600200002533           26041500004294177026043000004379052900000000000000000001781429417702609102533000175022084875915631      
0012600200002535           26041500000113386126043000000115627300000000000000000001781011338612609102535000390132002241215151      
0012600200002538           26041500000087980926043000000089719900000000000000000001781008798092609102538000390142001739015791      
0012600200002539           26041500001973403926043000002012409000000000000000000001781197340392609102539000390152039005115631      
0012600200002541           26041500000093335626043000000095180400000000000000000001781009333562609102541000175032001844815631      
0012600200002543           26041500000509993026043000000520073100000000000000000001781050999302609102543000390162010080115371      
0012600200002544           26041500003218408826043000003282021800000000000000000001781321840882609102544000390172063613015841      
0012600200002546           26041500000104810026043000000106881600000000000000000001781010481002609102546000390182002071615001      
0012600200002547           26041500000166094626043000000169377600000000000000000001781016609462609102547000390192003283015211      
0012600200002548           26041500000094395026043000000096260700000000000000000001781009439502609102548000175042001865715001      
0012600200002550           26041500000951716826043000000970527800000000000000000001781095171682609102550000175052018811015211      
0012600200002551           26041500000201074226043000000205048400000000000000000001781020107422609102551000390202003974215211      
0012600200002552           26041500001233154426043000001257528200000000000000000001781123315442609102552000390212024373815361      
0012600200002553           26041500010088187826043000010287584300000000000000000001781000000002609102553000175062000000015841      
0012600200002554           26041500000105059026043000000107135500000000000000000001781010505902609102554000390222002076515421      
0012600200002555           26041500001810080726043000001845857600000000000000000001781181008072609102555000175072035776915211      
0012600200002557           26041500001731430426043000001765652700000000000000000001781173143042609102557000390232034222315781      
0012600200002559           26041500000579579026043000000591034600000000000000000001781057957902609102559000390242011455615151      
0012600200002562           26041500001346161426043000001372768700000000000000000001781134616142609102562000390252026607315841      
0012600200002563           26041500030695540526043000031302248700000000000000000001781000000002609102563000175082000000015631      
0012600200002564           26041500001549267126043000001579888900000000000000000001781154926712609102564000175092030621815371      
0012600200002565           26041500000322410626043000000328783200000000000000000001781032241062609102565000390262006372615161      
0012600200002566           26041500000087980926043000000089719900000000000000000001781008798092609102566000390272001739015781      
0012600200002567           26041500000771978826043000000787237300000000000000000001781077197882609102567000390282015258515001      
0012600200002568           26041500000092343626043000000094168800000000000000000001781009234362609102568000175102001825215791      
0012600200002569           26041500000093335626043000000095180400000000000000000001781009333562609102569000175112001844815991      
0012600200002570           26041500000201111226043000000205086300000000000000000001781020111122609102570000390292003975115421      
0012600200002573           26041500000154540726043000000157595200000000000000000001781015454072609102573000175122003054515421      
0012600200002574           26041500003354486626043000003420789200000000000000000001781335448662609102574000390302066302615631      
0012600200002576           26041500000208506826043000000212628100000000000000000001781020850682609102576000390312004121315901      
0012600200002578           26041500000132563726043000000135183800000000000000000001781013256372609102578000390322002620115991      
0012600200002579           26041500003361060426043000003427492900000000000000000001781336106042609102579000390332066432515841      
0012600200002580           26041500000274694326043000000280123700000000000000000001781027469432609102580000175132005429415421      
0012600200002581           26041500000476771926043000000486195500000000000000000001781047677192609102581000390342009423615371      
0012600200002583           26041500000092343626043000000094168800000000000000000001781009234362609102583000175142001825215571      
0012600200002584           26041500003215521026043000003279076900000000000000000001781321552102609102584000175152063555915841      
0012600200002585           26041500000160195026043000000163361300000000000000000001781016019502609102585000175162003166315631      
0012600200002586           26041500000118957026043000000121308300000000000000000001781011895702609102586000390352002351315371      
0012600200002587           26041500002151898326043000002194431400000000000000000001781215189832609102587000390362042533115791      
0012600200002588           26041500000207845126043000000211953200000000000000000001781020784512609102588000390372004108115631      
0012600200002589           26041500001127494726043000001149780000000000000000000001781112749472609102589000390382022285315161      
0012600200002590           26041500000131078126043000000133669000000000000000000001781013107812609102590000390392002590915791      
0012600200002592           26041500000502914126043000000512854400000000000000000001781050291412609102592000390402009940315991      
0012600200002594           26041500000816245426043000000832378800000000000000000001781081624542609102594000175172016133415781      
0012600200002596           26041500001269342626043000001294431600000000000000000001781126934262609102596000390412025089015631      
0012600200002597           26041500000650813526043000000663677000000000000000000001781065081352609102597000175182012863515371      
0012600200002598           26041500000843370126043000000860039700000000000000000001781084337012609102598000390422016669615581      
0012600200002601           26041500000164747826043000000168004200000000000000000001781016474782609102601000390432003256415421      
0012600200002602           26041500002714657826043000002768313900000000000000000001781271465782609102602000390442053656115791      
0012600200002604           26041500001086392426043000001107865300000000000000000001781108639242609102604000390452021472915781      
0012600200002605           26041500000432758826043000000441312400000000000000000001781043275882609102605000390462008553615361      
0012600200002608           26041500002774770526043000002829614800000000000000000001781277477052609102608000175192054844315161      
0012600200002609           26041500000790262626043000000805882400000000000000000001781079026262609102609000390472015619815841      
0012600200002610           26041500000606028626043000000618007000000000000000000001781060602862609102610000390482011978415001      
0012600200002615           26041500003028504026043000003088363400000000000000000001781302850402609102615000390492059859415991      
0012600200002616           26041500000092021326043000000093840200000000000000000001781009202132609102616000390502001818915211      
0012600200002617           26041500000128384526043000000130922100000000000000000001781012838452609102617000390512002537615901      
0012600200002620           26041500001391816126043000001419325800000000000000000001781139181612609102620000390522027509715571      
0012600200002624           26041500001402221926043000001429937300000000000000000001781140222192609102624000390532027715415151      
0012600200002628           26041500000082702026043000000084336600000000000000000001781008270202609102628000390542001634615371      
0012600200002629           26041500000118277326043000000120615100000000000000000001781011827732609102629000390552002337815361      
0012600200002630           26041500000355479026043000000362505100000000000000000001781035547902609102630000390562007026115361      
0012600200002631           26041500000787250926043000000802811100000000000000000001781078725092609102631000175202015560215161      
0012600200002632           26041500000138846226043000000141590600000000000000000001781013884622609102632000390572002744415581      
0012600200002633           26041500000687313326043000000700898300000000000000000001781068731332609102633000390582013585015791      
0012600200002635           26041500000500731926043000000510629100000000000000000001781050073192609102635000390592009897215001      
0012600200002636           26041500002206052126043000002249655500000000000000000001781220605212609102636000175212043603415571      
0012600200002638           26041500000133771726043000000136415800000000000000000001781013377172609102638000390602002644115991      
0012600200002639           26041500001786976426043000001822296700000000000000000001781178697642609102639000390612035320315841      
0012600200002640           26041500000952339826043000000971163200000000000000000001781095233982609102640000390622018823415991      
0012600200002641           26041500000092343626043000000094168800000000000000000001781009234362609102641000175222001825215991      
0012600200002643           26041500000921780926043000000940000200000000000000000001781092178092609102643000390632018219315791      
0012600200002644           26041500000667356726043000000680547300000000000000000001781066735672609102644000175232013190615421      
0012600200002645           26041500003527103426043000003596817800000000000000000001781352710342609102645000175242069714415841      
0012600200002646           26041500000426024826043000000434445300000000000000000001781042602482609102646000390642008420515631      
0012600200002648           26041500001725495026043000001759600100000000000000000001781172549502609102648000390652034105115841      
0012600200002650           26041500000288652426043000000294357700000000000000000001781028865242609102650000390662005705315161      
0012600200002651           26041500000262431326043000000267618300000000000000000001781026243132609102651000390672005187015841      
0012600200002654           26041500000427755126043000000436209900000000000000000001781042775512609102654000390682008454815421      
0012600200002655           26041500001537027326043000001567407100000000000000000001781153702732609102655000390692030379815001      
0012600200002657           26041500000405823026043000000413844200000000000000000001781040582302609102657000390702008021215791      
0012600200002658           26041500000248396026043000000253305600000000000000000001781024839602609102658000390712004909615571      
0012600200002659           26041500000087980926043000000089719900000000000000000001781008798092609102659000390722001739015581      
0012600200002665           26041500002429513026043000002477533200000000000000000001781242951302609102665000175252048020215001      
0012600200002666           26041500000672122126043000000685406800000000000000000001781067212212609102666000390732013284715841      
0012600200002667           26041500000674233626043000000687560100000000000000000001781067423362609102667000175262013326515211      
0012600200002668           26041500000381580826043000000389122900000000000000000001781038158082609102668000390742007542115151      
0012600200002670           26041500002300184526043000002345648400000000000000000001781230018452609102670000175272045463915841      
0012600200002672           26041500000580455726043000000591928600000000000000000001781058045572609102672000175282011472915421      
0012600200002673           26041500000338136726043000000344820100000000000000000001781033813672609102673000390752006683415161      
0012600200002675           26041500000977804226043000000997130800000000000000000001781097780422609102675000390762019326615361      
0012600200002676           26041500000106455826043000000108560000000000000000000001781010645582609102676000390772002104215421      
0012600200002680           26041500000768270026043000000783455100000000000000000001781076827002609102680000175292015185115421      
0012600200002681           26041500000144748626043000000147609600000000000000000001781014474862609102681000175302002861015901      
0012600200002682           26041500000087980926043000000089719900000000000000000001781008798092609102682000390782001739015791      
0012600200002685           26041500000726652426043000000741015000000000000000000001781072665242609102685000390792014362615211      
0012600200002686           26041500002972192026043000003030938500000000000000000001781297219202609102686000175312058746515631      
0012600200002687           26041500000857183626043000000874126100000000000000000001781085718362609102687000390802016942515901      
0012600200002689           26041500000193223426043000000197042500000000000000000001781019322342609102689000175322003819115001      
0012600200002693           26041500001331239826043000001357552200000000000000000001781133123982609102693000175332026312415781      
0012600200002694           26041500000650641726043000000663501800000000000000000001781065064172609102694000390812012860115211      
0012600200002695           26041500000647504926043000000660303100000000000000000001781064750492609102695000175342012798215631      
0012600200002697           26041500000129731326043000000132295500000000000000000001781012973132609102697000390822002564215151      
0012600200002698           26041500000790844326043000000806475600000000000000000001781079084432609102698000390832015631315161      
0012600200002699           26041500006164218426043000006286056300000000000000000001781616421842609102699000175352000000015361      
0012600200002701           26041500000434081026043000000442660700000000000000000001781043408102609102701000390842008579715581      
0012600200002703           26041500000341177126043000000347920600000000000000000001781034117712609102703000390852006743515371      
0012600200002704           26041500001397766026043000001425393300000000000000000001781139776602609102704000390862027627315001      
0012600200002705           26041500001038817626043000001059350200000000000000000001781103881762609102705000390872020532615001      
0012600200002706           26041500011106997926043000011326531600000000000000000001781000000002609102706000175362000000015151      
0012600200002707           26041500002666780826043000002719490700000000000000000001781266678082609102707000175372052709915631      
0012600200002708           26041500002831600426043000002887568000000000000000000001781283160042609102708000175382055967615421      
0012600200002709           26041500000409251226043000000417340200000000000000000001781040925122609102709000390882008089015581      
0012600200002710           26041500000601183926043000000613066500000000000000000001781060118392609102710000175392011882615151      
0012600200002711           26041500000082702026043000000084336600000000000000000001781008270202609102711000390892001634615361      
0012600200002712           26041500000634869126043000000647417500000000000000000001781063486912609102712000390902012548415581      
0012600200002713           26041500000087980926043000000089719900000000000000000001781008798092609102713000390912001739015901      
0012600200002718           26041500000700211826043000000714051800000000000000000001781070021182609102718000390922013840015421      
0012600200002719           26041500000100204326043000000102184800000000000000000001781010020432609102719000175402001980515631      
0012600200002720           26041500001698914526043000001732494200000000000000000001781169891452609102720000175412033579715791      
0012600200002722           26041500001881149726043000001918331300000000000000000001781188114972609102722000175422037181615841      
0012600200002723           26041500000710125826043000000724161700000000000000000001781071012582609102723000390932014035915631      
0012600200002724           26041500000710769226043000000724817800000000000000000001781071076922609102724000390942014048615421      
0012600200002725           26041500003206991226043000003270378500000000000000000001781320699122609102725000390952063387315841      
0012600200002727           26041500000379298626043000000386795500000000000000000001781037929862609102727000175432007496915151      
0012600200002728           26041500004554769126043000004644795800000000000000000001781455476912609102728000175442090026715841      
0012600200002729           26041500000318281726043000000324572600000000000000000001781031828172609102729000390962006290915421      
0012600200002730           26041500013175876526043000013436302300000000000000000001781000000002609102730000390972000000015421      
0012600200002731           26041500000326083526043000000332528700000000000000000001781032608352609102731000390982006445215371      
0012600200002732           26041500000091297626043000000093102100000000000000000001781009129762609102732000390992001804515421      
0012600200002734           26041500000914322826043000000932394800000000000000000001781091432282609102734000391002018072015211      
0012600200002735           26041500000092343626043000000094168800000000000000000001781009234362609102735000175452001825215791      
0012600200002738           26041500000089327726043000000091093300000000000000000001781008932772609102738000391012001765615211      
0012600200002739           26041500009000565926043000009178465200000000000000000001781900056592609102739000175462000000015901      
0012600200002741           26041500000092530126043000000094359000000000000000000001781009253012609102741000175472001828915581      
0012600200002742           26041500000123786626043000000126233300000000000000000001781012378662609102742000175482002446715161      
0012600200002744           26041500013231541726043000013493067700000000000000000001781000000002609102744000175492000000015571      
0012600200002748           26041500005688352326043000005800784500000000000000000001781568835232609102748000391022000000015211      
0012600200002749           26041500000362229726043000000369389300000000000000000001781036222972609102749000175502007159615991      
0012600200002750           26041500001184962626043000001208383800000000000000000001781118496262609102750000391032023421215421      
0012600200002753           26041500000211885426043000000216073300000000000000000001781021188542609102753000391042004187915161      
0012600200002754           26041500001706159326043000001739882100000000000000000001781170615932609102754000175512033722815631      
0012600200002755           26041500000092343626043000000094168800000000000000000001781009234362609102755000175522001825215631      
0012600200002756           26041500000341177126043000000347920600000000000000000001781034117712609102756000391052006743515841      
0012600200002757           26041500003541951926043000003611959800000000000000000001781354195192609102757000391062070007915841      
0012600200002760           26041500001693400826043000001726871500000000000000000001781169340082609102760000391072033470715631      
0012600200002764           26041500000090674526043000000092466800000000000000000001781009067452609102764000391082001792315001      
0012600200002767           26041500000655776426043000000668738000000000000000000001781065577642609102767000175532012961615841      
0012600200002769           26041500000308514526043000000314612400000000000000000001781030851452609102769000175542006097915841      
0012600200002770           26041500000371400626043000000378741400000000000000000001781037140062609102770000175552007340815901      
0012600200002772           26041500006808930826043000006943511700000000000000000001781680893082609102772000175562000000015581      
0012600200002775           26041500000087980926043000000089719900000000000000000001781008798092609102775000391092001739015421      
0012600200002776           26041500000288652426043000000294357700000000000000000001781028865242609102776000391102005705315571      
0012600200002777           26041500001942326026043000001980716800000000000000000001781194232602609102777000175572038390815791      
0012600200002780           26041500000566372526043000000577567100000000000000000001781056637252609102780000391112011194615211      
0012600200002781           26041500001707645526043000001741397700000000000000000001781170764552609102781000391122033752215631      
0012600200002784           26041500000097244026043000000099166100000000000000000001781009724402609102784000175582001922115901      
0012600200002786           26041500000637423026043000000650021900000000000000000001781063742302609102786000391132012598915841      
0012600200002788           26041500000877011726043000000894346200000000000000000001781087701172609102788000391142017334515361      
0012600200002790           26041500000572981926043000000584307100000000000000000001781057298192609102790000391152011325215001      
0012600200002791           26041500000243793426043000000248612100000000000000000001781024379342609102791000391162004818715571      
0012600200002793           26041500002794693826043000002849931900000000000000000001781279469382609102793000175592055238115581      
0012600200002794           26041500001150119326043000001172851800000000000000000001781115011932609102794000175602022732515781      
0012600200002797           26041500000495232326043000000505020700000000000000000001781049523232609102797000391172009788415581      
0012600200002799           26041500000087980926043000000089719900000000000000000001781008798092609102799000391182001739015211      
0012600200002800           26041500001285208926043000001310611500000000000000000001781128520892609102800000391192025402615571      
0012600200002802           26041500000410398426043000000418510100000000000000000001781041039842609102802000391202008111715161      
0012600200002803           26041500000806370426043000000822308600000000000000000001781080637042609102803000391212015938215781      
0012600200002804           26041500001551078326043000001581735900000000000000000001781155107832609102804000175612030657615361      
0012600200002805           26041500000688645526043000000702256800000000000000000001781068864552609102805000391222013611315361      
0012600200002806           26041500001293127526043000001318686600000000000000000001781129312752609102806000391232025559115151      
0012600200002807           26041500000366603726043000000373849800000000000000000001781036660372609102807000391242007246115001      
0012600200002808           26041500000444879826043000000453673000000000000000000001781044487982609102808000391252008793215001      
0012600200002809           26041500001545900226043000001576455500000000000000000001781154590022609102809000391262030555315631      
0012600200002810           26041500000092661026043000000094492500000000000000000001781009266102609102810000175622001831515901      
0012600200002811           26041500001354623426043000001381398000000000000000000001781135462342609102811000391272026774615631      
0012600200002814           26041500000087980926043000000089719900000000000000000001781008798092609102814000391282001739015781      
0012600200002815           26041500002121607926043000002163542300000000000000000001781212160792609102815000175632041934415841      
0012600200002816           26041500000121824226043000000124232100000000000000000001781012182422609102816000391292002407915781      
0012600200002817           26041500000587414926043000000599025300000000000000000001781058741492609102817000391302011610415991      
0012600200002818           26041500001050118526043000001070874500000000000000000001781105011852609102818000391312020756015001      
0012600200002819           26041500000543121226043000000553856200000000000000000001781054312122609102819000391322010735015161      
0012600200002821           26041500001878223826043000001915347600000000000000000001781187822382609102821000175642037123815571      
0012600200002824           26041500000087980926043000000089719900000000000000000001781008798092609102824000391332001739015841      
0012600200002827           26041500002511004826043000002560635700000000000000000001781251100482609102827000175652049630915841      
0012600200002829           26041500001906074626043000001943748800000000000000000001781190607462609102829000175662037674215631      
0012600200002830           26041500000130262326043000000132836900000000000000000001781013026232609102830000391342002574615901      
0012600200002833           26041500004310644026043000004395845400000000000000000001781431064402609102833000391352085201415361      
0012600200002834           26041500007838900826043000007993839400000000000000000001781783890082609102834000175672000000015791      
0012600200002836           26041500001856489326043000001893183500000000000000000001781185648932609102836000175682036694215791      
0012600200002837           26041500000156728926043000000159826700000000000000000001781015672892609102837000391362003097815421      
0012600200002838           26041500000291726826043000000297492900000000000000000001781029172682609102838000391372005766115791      
0012600200002839           26041500000361332026043000000368473900000000000000000001781036133202609102839000391382007141915001      
0012600200002840           26041500003883712926043000003960475900000000000000000001781388371292609102840000175692076763015901      
0012600200002841           26041500000756696126043000000771652400000000000000000001781075669612609102841000391392014956315841      
0012600200002843           26041500000412710626043000000420867900000000000000000001781041271062609102843000391402008157315571      
0012600200002845           26041500000809506626043000000825506800000000000000000001781080950662609102845000175702016000215841      
0012600200002848           26041500001741478626043000001775899600000000000000000001781174147862609102848000391412034421015581      
0012600200002849           26041500000092343626043000000094168800000000000000000001781009234362609102849000175712001825215991      
0012600200002850           26041500001220527026043000001244651100000000000000000001781122052702609102850000391422024124115001      
0012600200002852           26041500000230409126043000000234963200000000000000000001781023040912609102852000175722004554115361      
0012600200002853           26041500000304379326043000000310395400000000000000000001781030437932609102853000175732006016115211      
0012600200002855           26041500000082702026043000000084336600000000000000000001781008270202609102855000391432001634615781      
0012600200002856           26041500000450153726043000000459051200000000000000000001781045015372609102856000391442008897515791      
0012600200002857           26041500000498395326043000000508246300000000000000000001781049839532609102857000391452009851015791      
0012600200002858           26041500000437877626043000000446532400000000000000000001781043787762609102858000391462008654815631      
0012600200002859           26041500001207861226043000001231735000000000000000000001781120786122609102859000391472023873815161      
0012600200002860           26041500000199764326043000000203712700000000000000000001781019976432609102860000391482003948415371      
0012600200002861           26041500000446226726043000000455046500000000000000000001781044622672609102861000391492008819815371      
0012600200002864           26041500000478549626043000000488008300000000000000000001781047854962609102864000391502009458715371      
0012600200002866           26041500003058215126043000003118661700000000000000000001781305821512609102866000175742060446615421      
0012600200002867           26041500002284057826043000002329203000000000000000000001781228405782609102867000391512045145215571      
0012600200002868           26041500001503304426043000001533017800000000000000000001781150330442609102868000175752029713415421      
0012600200002869           26041500002640321226043000002692508000000000000000000001781264032122609102869000391522052186815211      
0012600200002870           26041500000396395526043000000404230400000000000000000001781039639552609102870000391532007834915361      
0012600200002872           26041500001152315226043000001175091200000000000000000001781115231522609102872000391542022776015151      
0012600200002874           26041500000686993126043000000700571700000000000000000001781068699312609102874000391552013578615001      
0012600200002876           26041500002617253326043000002668984200000000000000000001781261725332609102876000175762051730915991      
0012600200002877           26041500000706821126043000000720791600000000000000000001781070682112609102877000391562013970515001      
0012600200002879           26041500000225353326043000000229807400000000000000000001781022535332609102879000391572004454115211      
0012600200002880           26041500000092343626043000000094168800000000000000000001781009234362609102880000175772001825215211      
0012600200002881           26041500000105444826043000000107528900000000000000000001781010544482609102881000175782002084115581      
0012600200002882           26041500001120597326043000001142746400000000000000000001781112059732609102882000391582022149115631      
0012600200002883           26041500000764652926043000000779766500000000000000000001781076465292609102883000391592015113615421      
0012600200002884           26041500008328057926043000008492664800000000000000000001781832805792609102884000175792000000015001      
0012600200002885           26041500000092343626043000000094168800000000000000000001781009234362609102885000175802001825215421      
0012600200002886           26041500020691896726043000021100879200000000000000000001781000000002609102886000175812000000015581      
0012600200002887           26041500000087980926043000000089719900000000000000000001781008798092609102887000391602001739015991      
0012600200002888           26041500000396261426043000000404093600000000000000000001781039626142609102888000175822007832215581      
0012600200002889           26041500002517313526043000002567069100000000000000000001781251731352609102889000391612049755615631      
0012600200002890           26041500004450000226043000004537956100000000000000000001781445000022609102890000175832087955915001      
0012600200002891           26041500000720039826043000000734271700000000000000000001781072003982609102891000391622014231915371      
0012600200002894           26041500001929757426043000001967899700000000000000000001781192975742609102894000391632038142315581      
0012600200002895           26041500000501931426043000000511852200000000000000000001781050193142609102895000391642009920815581      
0012600200002896           26041500002345930226043000002392298400000000000000000001781234593022609102896000391652046368215841      
0012600200002897           26041500001140430126043000001162971100000000000000000001781114043012609102897000391662022541015991      
0012600200002898           26041500000345516926043000000352346100000000000000000001781034551692609102898000391672006829215991      
0012600200002899           26041500010442373026043000010648770200000000000000000001781000000002609102899000175842000000015991      
0012600200002900           26041500000342523926043000000349294000000000000000000001781034252392609102900000391682006770115841      
0012600200002901           26041500000254982726043000000260022500000000000000000001781025498272609102901000391692005039815421      
0012600200002902           26041500000176191626043000000179674100000000000000000001781017619162609102902000175852003482515371      
0012600200002905           26041500001400065726043000001427738500000000000000000001781140006572609102905000175862027672815581      
0012600200002906           26041500001014157726043000001034202900000000000000000001781101415772609102906000391702020045215421      
0012600200002908           26041500001398255226043000001425892200000000000000000001781139825522609102908000391712027637015791      
0012600200002909           26041500000908406126043000000926361000000000000000000001781090840612609102909000391722017954915361      
0012600200002910           26041500001157790226043000001180674300000000000000000001781115779022609102910000391732022884115581      
0012600200002911           26041500000504721326043000000514697300000000000000000001781050472132609102911000391742009976015001      
0012600200002912           26041500002530138226043000002580147300000000000000000001781253013822609102912000391752050009115161      
0012600200002913           26041500000382927626043000000390496300000000000000000001781038292762609102913000391762007568715421      
0012600200002914           26041500000748129526043000000762916500000000000000000001781074812952609102914000391772014787015631      
0012600200002915           26041500006493175126043000006621515000000000000000000001781649317512609102915000175872000000015211      
0012600200002916           26041500001713404226043000001747270300000000000000000001781171340422609102916000175882033866115841      
0012600200002917           26041500000953553826043000000972401100000000000000000001781095355382609102917000175892018847315901      
0012600200002918           26041500000091622526043000000093433500000000000000000001781009162252609102918000391782001811015841      
0012600200002919           26041500006670673326043000006802521400000000000000000001781667067332609102919000175902000000015421      
0012600200002920           26041500000745295926043000000760026900000000000000000001781074529592609102920000391792014731015211      
0012600200002921           26041500000546591426043000000557395000000000000000000001781054659142609102921000175912010803615781      
0012600200002922           26041500001090833926043000001112394600000000000000000001781109083392609102922000391802021560715901      
0012600200002923           26041500006846788226043000006982117400000000000000000001781684678822609102923000175922000000015421      
0012600200002924           26041500001553647426043000001584355700000000000000000001781155364742609102924000175932030708315791      
0012600200002925           26041500001675913226043000001709038200000000000000000001781167591322609102925000391812033125015901      
0012600200002926           26041500000083642726043000000085295900000000000000000001781008364272609102926000391822001653215151      
0012600200002927           26041500000313380926043000000319575000000000000000000001781031338092609102927000391832006194115791      
0012600200002929           26041500000658903426043000000671926900000000000000000001781065890342609102929000391842013023515371      
0012600200002930           26041500000143232226043000000146063200000000000000000001781014323222609102930000175942002831015211      
0012600200002931           26041500000607681026043000000619692100000000000000000001781060768102609102931000391852012011115151      
0012600200002932           26041500000087980926043000000089719900000000000000000001781008798092609102932000391862001739015001      
0012600200002933           26041500000397179326043000000405029700000000000000000001781039717932609102933000391872007850415841      
0012600200002934           26041500000087980926043000000089719900000000000000000001781008798092609102934000391882001739015631      
0012600200002935           26041500001585165326043000001616496700000000000000000001781158516532609102935000175952031331415571      
0012600200002936           26041500001610165426043000001641990900000000000000000001781161016542609102936000175962031825515631      
0012600200002937           26041500000345217526043000000352040800000000000000000001781034521752609102937000391892006823315581      
0012600200002940           26041500000801356526043000000817195600000000000000000001781080135652609102940000175972015839115991      
0012600200002941           26041500000337538026043000000344209600000000000000000001781033753802609102941000391902006671615631      
0012600200002942           26041500003074302026043000003135066600000000000000000001781307430202609102942000175982060764615631      
0012600200002943           26041500001092544626043000001114139100000000000000000001781109254462609102943000391912021594515841      
0012600200002944           26041500001175405226043000001198637400000000000000000001781117540522609102944000391922023232215791      
0012600200002945           26041500000660683126043000000673741800000000000000000001781066068312609102945000391932013058715841      
0012600200002946           26041500000283929526043000000289541500000000000000000001781028392952609102946000391942005612015631      
0012600200002947           26041500001160262826043000001183195800000000000000000001781116026282609102947000391952022933015791      
0012600200002948           26041500000929387926043000000947757600000000000000000001781092938792609102948000391962018369715001      
0012600200002949           26041500000504945626043000000514926000000000000000000001781050494562609102949000391972009980415421      
0012600200002950           26041500001066639426043000001087722000000000000000000001781106663942609102950000391982021082615001      
0012600200002951           26041500000092343626043000000094168800000000000000000001781009234362609102951000391992001825215001      
0012600200002952           26041500000313937426043000000320142500000000000000000001781031393742609102952000392002006205115161      
0012600200002954           26041500000325015726043000000331439700000000000000000001781032501572609102954000392012006424015371      
0012600200002955           26041500000480398526043000000489893700000000000000000001781048039852609102955000392022009495215841      
0012600200002956           26041500000512124626043000000522247000000000000000000001781051212462609102956000392032010122415421      
0012600200002957           26041500000766038626043000000781179600000000000000000001781076603862609102957000392042015141015841      
0012600200002958           26041500000101448826043000000103454000000000000000000001781010144882609102958000392052002005215161      
0012600200002959           26041500000658625126043000000671643000000000000000000001781065862512609102959000175992013017915901      
0012600200002960           26041500000379141026043000000386634900000000000000000001781037914102609102960000392062007493915581      
0012600200002961           26041500000637410026043000000650008600000000000000000001781063741002609102961000392072012598615001      
0012600200002962           26041500001242675626043000001267237500000000000000000001781124267562609102962000392082024561915841      
0012600200002963           26041500000517216026043000000527438900000000000000000001781051721602609102963000392092010222915841      
0012600200002964           26041500000376072626043000000383505800000000000000000001781037607262609102964000392102007433215841      
0012600200002966           26041500000519324726043000000529589400000000000000000001781051932472609102966000392112010264715791      
0012600200002967           26041500000363390026043000000370572600000000000000000001781036339002609102967000392122007182615571      
0012600200002969           26041500000599454026043000000611302400000000000000000001781059945402609102969000392132011848415211      
0012600200002970           26041500000651116326043000000663985900000000000000000001781065111632609102970000392142012869615001      
0012600200002971           26041500000416831826043000000425070600000000000000000001781041683182609102971000392152008238815571      
0012600200002972           26041500000278650626043000000284158300000000000000000001781027865062609102972000392162005507715841      
0012600200002973           26041500000363798926043000000370989600000000000000000001781036379892609102973000392172007190715631      
0012600200002974           26041500001578323226043000001609519300000000000000000001781157832322609102974000392182031196115421      
0012600200002975           26041500000346922726043000000353779800000000000000000001781034692272609102975000392192006857115991      
0012600200002976           26041500000739680226043000000754300300000000000000000001781073968022609102976000392202014620115361      
0012600200002977           26041500000343870726043000000350667400000000000000000001781034387072609102977000392212006796715841      
0012600200002978           26041500000231519826043000000236095900000000000000000001781023151982609102978000392222004576115901      
0012600200002979           26041500000779333026043000000794736800000000000000000001781077933302609102979000392232015403815571      
0012600200002980           26041500000283929526043000000289541500000000000000000001781028392952609102980000392242005612015781      
0012600200002981           26041500000643522026043000000656241400000000000000000001781064352202609102981000392252012719415361      
0012600200002982           26041500000370806526043000000378135600000000000000000001781037080652609102982000392262007329115841      
0012600200002983           26041500000170611326043000000173983400000000000000000001781017061132609102983000392272003372115161      
0012600200002984           26041500000323568326043000000329963800000000000000000001781032356832609102984000392282006395515781      
0012600200002985           26041500000509993026043000000520073100000000000000000001781050999302609102985000392292010080115421      
0012600200002987           26041500000958107726043000000977045000000000000000000001781095810772609102987000392302018937315001      
0012600200002990           26041500001438395526043000001466825900000000000000000001781143839552609102990000392312028430415001      
0012600200002991           26041500000109529526043000000111694400000000000000000001781010952952609102991000392322002164915991      
0012600200002992           26041500001615941426043000001647881000000000000000000001781161594142609102992000392332031939615901      
0012600200002994           26041500002400167026043000002447607100000000000000000001781240016702609102994000392342047440115001      
0012600200002995           26041500000345217526043000000352040800000000000000000001781034521752609102995000392352006823315421      
0012600200002996           26041500000177501826043000000181010200000000000000000001781017750182609102996000176002003508415571      
0012600200002998           26041500004973573926043000005071878300000000000000000001781497357392609102998000176012098304415901      
0012600200002999           26041500002672214526043000002725031700000000000000000001781267221452609102999000176022052817215151      
0012600200003000           26041500000097244026043000000099166100000000000000000001781009724402609103000000176032001922115991      
0012600200003003           26041500000320213026043000000326542100000000000000000001781032021302609103003000392362006329115571      
0012600200003004           26041500000552166326043000000563080000000000000000000001781055216632609103004000392372010913715581      
0012600200003005           26041500000643473826043000000656192200000000000000000001781064347382609103005000392382012718415211      
0012600200003006           26041500002004646826043000002044269300000000000000000001781200464682609103006000392392039622515581      
0012600200003007           26041500001887911926043000001925227100000000000000000001781188791192609103007000392402037315215151      
0012600200003008           26041500000294582026043000000300404500000000000000000001781029458202609103008000392412005822515631      
0012600200003009           26041500001016909026043000001037008600000000000000000001781101690902609103009000392422020099615001      
0012600200003010           26041500002473164826043000002522047700000000000000000001781247316482609103010000392432048882915781      
0012600200003011           26041500001015771426043000001035848400000000000000000001781101577142609103011000392442020077015361      
0012600200003012           26041500001098292026043000001120000100000000000000000001781109829202609103012000392452021708115631      
0012600200003013           26041500001203405426043000001227191100000000000000000001781120340542609103013000392462023785715581      
0012600200003014           26041500001797245126043000001832768300000000000000000001781179724512609103014000392472035523215421      
0012600200003015           26041500001810775626043000001846566200000000000000000001781181077562609103015000392482035790615001      
0012600200003016           26041500000561043726043000000572132900000000000000000001781056104372609103016000392492011089215161      
0012600200003017           26041500000805012726043000000820924100000000000000000001781080501272609103017000392502015911415161      
0012600200003018           26041500001798374326043000001833919700000000000000000001781179837432609103018000392512035545415161      
0012600200003019           26041500004617104126043000004708362800000000000000000001781461710412609103019000392522091258715161      
0012600200003020           26041500001379204226043000001406464700000000000000000001781137920422609103020000392532027260515841      
0012600200003021           26041500001378393626043000001405638100000000000000000001781137839362609103021000392542027244515841      
0012600200003022           26041500000723784226043000000738090000000000000000000001781072378422609103022000392552014305815631      
0012600200003023           26041500001118599626043000001140709100000000000000000001781111859962609103023000392562022109515841      
0012600200003025           26041500001923822126043000001961847100000000000000000001781192382212609103025000392572038025015001      
0012600200003026           26041500004556996626043000004647067200000000000000000001781455699662609103026000176042090070615841      
0012600200003027           26041500000149933226043000000152896700000000000000000001781014993322609103027000392582002963515991      
0012600200003028           26041500000092343626043000000094168800000000000000000001781009234362609103028000176052001825215151      
0012600200003029           26041500000256329526043000000261395900000000000000000001781025632952609103029000392592005066415841      
0012600200003030           26041500000417211726043000000425458100000000000000000001781041721172609103030000392602008246415001      
0012600200003031           26041500000515150226043000000525332400000000000000000001781051515022609103031000392612010182215211      
0012600200003032           26041500000577470426043000000588884300000000000000000001781057747042609103032000392622011413915001      
0012600200003033           26041500000487852026043000000497494600000000000000000001781048785202609103033000392632009642615421      
0012600200003034           26041500000401396726043000000409330400000000000000000001781040139672609103034000392642007933715151      
0012600200003035           26041500001705355726043000001739062700000000000000000001781170535572609103035000392652033707015841      
0012600200003036           26041500001745767126043000001780272800000000000000000001781174576712609103036000392662034505715211      
0012600200003037           26041500000171685826043000000175079200000000000000000001781017168582609103037000392672003393415161      
0012600200003038           26041500002830729526043000002886679900000000000000000001781283072952609103038000392682055950415841      
0012600200003039           26041500000089759526043000000091533600000000000000000001781008975952609103039000392692001774115631      
0012600200003040           26041500000318281726043000000324572600000000000000000001781031828172609103040000392702006290915631      
0012600200003041           26041500000812936826043000000829004800000000000000000001781081293682609103041000176062016068015901      
0012600200003043           26041500000820301926043000000836515400000000000000000001781082030192609103043000392712016213515841      
0012600200003044           26041500001458776726043000001487609900000000000000000001781145877672609103044000392722028833215421      
0012600200003046           26041500000109375226043000000111537000000000000000000001781010937522609103046000176072002161815841      
0012600200003047           26041500000108940626043000000111093800000000000000000001781010894062609103047000392732002153215631      
0012600200003048           26041500000381580826043000000389122900000000000000000001781038158082609103048000392742007542115001      
0012600200003049           26041500000258729726043000000263843500000000000000000001781025872972609103049000176082005113815841      
0012600200003050           26041500000797699626043000000813466400000000000000000001781079769962609103050000392752015766815791      
0012600200003051           26041500000258368426043000000263475100000000000000000001781025836842609103051000392762005106715781      
0012600200003052           26041500000864741026043000000881832900000000000000000001781086474102609103052000392772017091915841      
0012600200003053           26041500000627508926043000000639911900000000000000000001781062750892609103053000392782012403015991      
0012600200003054           26041500000087980926043000000089719900000000000000000001781008798092609103054000392792001739015781      
0012600200003055           26041500000087980926043000000089719900000000000000000001781008798092609103055000392802001739015901      
0012600200003056           26041500000626420226043000000638801600000000000000000001781062642022609103056000392812012381415001      
0012600200003057           26041500000323840626043000000330241400000000000000000001781032384062609103057000392822006400815151      
0012600200003058           26041500000493213426043000000502961900000000000000000001781049321342609103058000392832009748515901      
0012600200003059           26041500000283929526043000000289541500000000000000000001781028392952609103059000392842005612015571      
0012600200003060           26041500000500343126043000000510232600000000000000000001781050034312609103060000392852009889515361      
0012600200003061           26041500001120108026043000001142247400000000000000000001781112010802609103061000392862022139415581      
0012600200012002           26041500001032358426043000001052763400000000000000000001781103235842609112002000392872020405015991      
0012600200012004           26041500000321639626043000000327996900000000000000000001781032163962609112004000392882006357315631      
0012600200012005           26041500000558538226043000000569577900000000000000000001781055853822609112005000392892011039715001      
0012600200012006           26041500000502109326043000000512033700000000000000000001781050210932609112006000392902009924415211      
0012600200012007           26041500000548845926043000000559694000000000000000000001781054884592609112007000392912010848115421      
0012600200012009           26041500000279417826043000000284940600000000000000000001781027941782609112009000392922005522815631      
0012600200012011           26041500000296854326043000000302721700000000000000000001781029685432609112011000392932005867415161      
0012600200012013           26041500000283929526043000000289541500000000000000000001781028392952609112013000392942005612015161      
0012600200012014           26041500001162797826043000001185780900000000000000000001781116279782609112014000176092022983115001      
0012600200012019           26041500000341841426043000000348598000000000000000000001781034184142609112019000392952006756615631      
0012600200012020           26041500000469122126043000000478394500000000000000000001781046912212609112020000392962009272415991      
0012600200012021           26041500001138845626043000001161355200000000000000000001781113884562609112021000392972022509615631      
0012600200012031           26041500000528971026043000000539426200000000000000000001781052897102609112031000392982010455215361      
0012600200012037           26041500000127037826043000000129548800000000000000000001781012703782609112037000392992002511015631      
0012600200012040           26041500000505357426043000000515346000000000000000000001781050535742609112040000393002009988615211      
0012600200012042           26041500001998697026043000002038201900000000000000000001781199869702609112042000393012039504915791      
0012600200012056           26041500001592206126043000001623676600000000000000000001781159220612609112056000393022031470515841      
0012600200012072           26041500000225353326043000000229807400000000000000000001781022535332609112072000393032004454115421      
0012600200012075           26041500004977300526043000005075678600000000000000000001781497730052609112075000393042098378115991      
0012600200012076           26041500000605089126043000000617048900000000000000000001781060508912609112076000393052011959815841      
0012600200012092           26041500000929886526043000000948266000000000000000000001781092988652609112092000393062018379515781      
0012600200012094           26041500000092343626043000000094168800000000000000000001781009234362609112094000176102001825215211      
0012600200012099           26041500000087980926043000000089719900000000000000000001781008798092609112099000393072001739015001      
0012600200012103           26041500000285984026043000000291636500000000000000000001781028598402609112103000393082005652515781      
0012600200012105           26041500000477916026043000000487362200000000000000000001781047791602609112105000393092009446215421      
0012600200012125           26041500011910490426043000012145905500000000000000000001781000000002609112125000176112000000015631      
0012600200012141           26041500000750391326043000000765223000000000000000000001781075039132609112141000176122014831715901      
0012600200012151           26041500000755870926043000000770811000000000000000000001781075587092609112151000393102014940115631      
0012600200012163           26041500000158013926043000000161137200000000000000000001781015801392609112163000393112003123315361      
0012600200012165           26041500001122978526043000001145174600000000000000000001781112297852609112165000393122022196115421      
0012600200012168           26041500000415463626043000000423675400000000000000000001781041546362609112168000393132008211815791      
0012600200012169           26041500000262250226043000000267433700000000000000000001781026225022609112169000393142005183515901      
0012600200012178           26041500000098755226043000000100707200000000000000000001781009875522609112178000393152001952015631      
0012600200012187           26041500000466765326043000000475991100000000000000000001781046676532609112187000393162009225815631      
0012600200012194           26041500000441284926043000000450007100000000000000000001781044128492609112194000393172008722215361      
0012600200012200           26041500000885956626043000000903467800000000000000000001781088595662609112200000393182017511215361      
0012600200012202           26041500000087980926043000000089719900000000000000000001781008798092609112202000393192001739015421      
0012600200012206           26041500000835112226043000000851618500000000000000000001781083511222609112206000393202016506315571      
0012600200012217           26041500001300449426043000001326153200000000000000000001781130044942609112217000176132025703815001      
0012600200012229           26041500001318529326043000001344590500000000000000000001781131852932609112229000393212026061215211      
0012600200012235           26041500000197825226043000000201735300000000000000000001781019782522609112235000393222003910115631      
0012600200012237           26041500000742427726043000000757102100000000000000000001781074242772609112237000393232014674415631      
0012600200012247           26041500000505733726043000000515729800000000000000000001781050573372609112247000393242009996115781      
0012600200012274           26041500000153973626043000000157017000000000000000000001781015397362609112274000393252003043415001      
0012600200012287           26041500000591176626043000000602861400000000000000000001781059117662609112287000393262011684815211      
0012600200012303           26041500000092343626043000000094168800000000000000000001781009234362609112303000176142001825215781      
0012600200012309           26041500003846447826043000003922474200000000000000000001781384644782609112309000393272076026415791      
0012600200012337           26041500003318035726043000003383617800000000000000000001781331803572609112337000393282065582115841      
0012600200012343           26041500000521590626043000000531900000000000000000000001781052159062609112343000393292010309415421      
0012600200012370           26041500000087980926043000000089719900000000000000000001781008798092609112370000393332001739015631      
0012600200012373           26041500000326773426043000000333232100000000000000000001781032677342609112373000393342006458715001      
0012600200012374           26041500000684111326043000000697633100000000000000000001781068411132609112374000176152013521815781      
0012600200012375           26041500000218619426043000000222940400000000000000000001781021861942609112375000393352004321015161      
0012600200012377           26041500019173424026043000019552393500000000000000000001781000000002609112377000176162000000015631      
0012600200012382           26041500000322556926043000000328932400000000000000000001781032255692609112382000393362006375515371      
0012600200012426           26041500001160262826043000001183195800000000000000000001781116026282609112426000393372022933015421      
0012600200012427           26041500000235147426043000000239795100000000000000000001781023514742609112427000176172004647715581      
0012600200012432           26041500000551554426043000000562456000000000000000000001781055155442609112432000176182010901615571      
0012600200012469           26041500000117988826043000000120320800000000000000000001781011798882609112469000393382002332015631      
0012600200012485           26041500001539067626043000001569487800000000000000000001781153906762609112485000393392030420215421      
0012600200012504           26041500000505775726043000000515772500000000000000000001781050577572609112504000393402009996815901      
0012600200012509           26041500000087980926043000000089719900000000000000000001781008798092609112509000393412001739015631      
0012600200012532           26041500009811303426043000010005227200000000000000000001781000000002609112532000176192000000015211      
0012600200012575           26041500000294703826043000000300528700000000000000000001781029470382609112575000393442005824915001      
0012600200012583           26041500000087980926043000000089719900000000000000000001781008798092609112583000393452001739015901      
0012600200012587           26041500000100101926043000000102080500000000000000000001781010010192609112587000393462001978615211      
0012600200012594           26041500001957916926043000001996615800000000000000000001781195791692609112594000176202038698915841      
0012600200012595           26041500000358685426043000000365774900000000000000000001781035868542609112595000393472007089515841      
0012600200012615           26041500000168488826043000000171819100000000000000000001781016848882609112615000393482003330315001      
0012600200012616           26041500000523320026043000000533663600000000000000000001781052332002609112616000393492010343615161      
0012600200012617           26041500000986065926043000001005555900000000000000000001781098606592609112617000393502019490015361      
0012600200012618           26041500001723740526043000001757810800000000000000000001781172374052609112618000176212034070315211      
0012600200012621           26041500000097172326043000000099092900000000000000000001781009717232609112621000393512001920615001      
0012600200012624           26041500001939804926043000001978145800000000000000000001781193980492609112624000176222038340915361      
0012600200012632           26041500000500112726043000000509997600000000000000000001781050011272609112632000393522009884915631      
0012600200012633           26041500000091845726043000000093661100000000000000000001781009184572609112633000393532001815415211      
0012600200012640           26041500000090262826043000000092046800000000000000000001781009026282609112640000393542001784015371      
0012600200012644           26041500000159360726043000000162510600000000000000000001781015936072609112644000393552003149915001      
0012600200012669           26041500000125772326043000000128258200000000000000000001781012577232609112669000393562002485915991      
0012600200012674           26041500000421185426043000000429510300000000000000000001781042118542609112674000176232008324915791      
0012600200012675           26041500000118957026043000000121308300000000000000000001781011895702609112675000393572002351315571      
0012600200012681           26041500000087980926043000000089719900000000000000000001781008798092609112681000393582001739015991      
0012600200012688           26041500001391666926043000001419173700000000000000000001781139166692609112688000393592027506815151      
0012600200012689           26041500004377431026043000004463952400000000000000000001781437743102609112689000393602086521415901      
0012600200002003           26041500001612448626043000001644319200000000000000000001781161244862609102003000036422031870615991      
0012600200002001           26041500000489960726043000000499644900000000000000000001781048996072609102001000036412009684215781      
0012600200002008           26041500000087980926043000000089719900000000000000000001781008798092609102008000036432001739015001      
0012600200002015           26041500000536945726043000000547558600000000000000000001781053694572609102015000036442010612915841      
0012600200002058           26041500000828127526043000000844495800000000000000000001781082812752609102058000036452016368315781      
0012600200002059           26041500006864472326043000007000151100000000000000000001781686447232609102059000022222000000015001      
0012600200002061           26041500001332807326043000001359150700000000000000000001781133280732609102061000036462026343415991      
0012600200002095           26041500000735257126043000000749789700000000000000000001781073525712609102095000036472014532615841      
0012600200002096           26041500001297108526043000001322746300000000000000000001781129710852609102096000036482025637815841      
0012600200002097           26041500001191777126043000001215333000000000000000000001781119177712609102097000022232023555915901      
0012600200002140           26041500000087980926043000000089719900000000000000000001781008798092609102140000036492001739015841      
0012600200002143           26041500000097408426043000000099333800000000000000000001781009740842609102143000036502001925415421      
0012600200002162           26041500000847269726043000000864016300000000000000000001781084726972609102162000036512016746615781      
0012600200002202           26041500002711166226043000002764753300000000000000000001781271116622609102202000036522053587115421      
0012600200002233           26041500000104810026043000000106881600000000000000000001781010481002609102233000036542002071615421      
0012600200002236           26041500000093653726043000000095504800000000000000000001781009365372609102236000022242001851115901      
0012600200002237           26041500000399288026043000000407180100000000000000000001781039928802609102237000036552007892115001      
0012600200002268           26041500001570785426043000001601832500000000000000000001781157078542609102268000036562031047115631      
0012600200002314           26041500001419988926043000001448055500000000000000000001781141998892609102314000022252028066615421      
0012600200002316           26041500000568097526043000000579326200000000000000000001781056809752609102316000022262011228715631      
0012600200002317           26041500001063181526043000001084195700000000000000000001781106318152609102317000022272021014215781      
0012600200002347           26041500000111995526043000000114209100000000000000000001781011199552609102347000022282002213615631      
0012600200002359           26041500000092343626043000000094168800000000000000000001781009234362609102359000022292001825215151      
0012600200002365           26041500001320550226043000001346651400000000000000000001781132055022609102365000036572026101215421      
0012600200002378           26041500000851858826043000000868696100000000000000000001781085185882609102378000022302016837315791      
0012600200002380           26041500001153823526043000001176629200000000000000000001781115382352609102380000036582022805715631      
0012600200002452           26041500000263247926043000000268451100000000000000000001781026324792609102452000022312005203215631      
0012600200002469           26041500003233005626043000003296907000000000000000000001781323300562609102469000022322063901415421      
0012600200002479           26041500007697083326043000007849218900000000000000000001781769708332609102479000022332000000015571      
0012600200002531           26041500001208078026043000001231956100000000000000000001781120807802609102531000022342023878115421      
0012600200002536           26041500000092343626043000000094168800000000000000000001781009234362609102536000022352001825215361      
0012600200002556           26041500002366091526043000002412858100000000000000000001781236609152609102556000036592046766615631      
0012600200002595           26041500000837965626043000000854528300000000000000000001781083796562609102595000036602016562715361      
0012600200002613           26041500001146365426043000001169023700000000000000000001781114636542609102613000036612022658315631      
0012600200002614           26041500000928234126043000000946581000000000000000000001781092823412609102614000036622018346915001      
0012600200002623           26041500003576005926043000003646687000000000000000000001781357600592609102623000022362070681115161      
0012600200002626           26041500000194377226043000000198219200000000000000000001781019437722609102626000036632003842015161      
0012600200002647           26041500000112004626043000000114218400000000000000000001781011200462609102647000036642002213815841      
0012600200002652           26041500000784728326043000000800238700000000000000000001781078472832609102652000036652015510415161      
0012600200002656           26041500001067034626043000001088124900000000000000000001781106703462609102656000036662021090315161      
0012600200002684           26041500001388338926043000001415779900000000000000000001781138833892609102684000036672027441015211      
0012600200002700           26041500000741520226043000000756176600000000000000000001781074152022609102700000036682014656415361      
0012600200002746           26041500001533570126043000001563881700000000000000000001781153357012609102746000036692030311615371      
0012600200002761           26041500000234780826043000000239421300000000000000000001781023478082609102761000036702004640515001      
0012600200002773           26041500001476818826043000001506008600000000000000000001781147681882609102773000022372029189815571      
0012600200002774           26041500000184377026043000000188021300000000000000000001781018437702609102774000022382003644315151      
0012600200002778           26041500000159412226043000000162563000000000000000000001781015941222609102778000036712003150815161      
0012600200002785           26041500003073619426043000003134370600000000000000000001781307361942609102785000022392060751215161      
0012600200002787           26041500000788651826043000000804239700000000000000000001781078865182609102787000036722015587915371      
0012600200002813           26041500001987286826043000002026566200000000000000000001781198728682609102813000036732039279415901      
0012600200002832           26041500000509756626043000000519832100000000000000000001781050975662609102832000022402010075515631      
0012600200002842           26041500000240168026043000000244915000000000000000000001781024016802609102842000036742004747015991      
0012600200009001           26041500000301326026043000000307281900000000000000000001781030132602609109001000036752005955915841      
0012600200009002           26041500000185578726043000000189246700000000000000000001781018557872609109002000036762003668015151      
0012600200009003           26041500000558796826043000000569841600000000000000000001781055879682609109003000036772011044815781      
0012600200009004           26041500000741520226043000000756176600000000000000000001781074152022609109004000036782014656415631      
0012600200009005           26041500000118192926043000000120529000000000000000000001781011819292609109005000036792002336115361      
0012600200009006           26041500000926266926043000000944574900000000000000000001781092626692609109006000022412018308015001      
0012600200009007           26041500003615212526043000003686668400000000000000000001781361521252609109007000036802071455915361      
0012600200009008           26041500000918320226043000000936471200000000000000000001781091832022609109008000036812018151015211      
0012600200009009           26041500000116263426043000000118561400000000000000000001781011626342609109009000036822002298015781      
0012600200009010           26041500001571898626043000001602967800000000000000000001781157189862609109010000036832031069215211      
0012600200009011           26041500000850574326043000000867386200000000000000000001781085057432609109011000036842016811915581      
0012600200009012           26041500000092343626043000000094168800000000000000000001781009234362609109012000022422001825215841      
0012600200012017           26041500000807613626043000000823576400000000000000000001781080761362609112017000036852015962815781      
0012600200012065           26041500000366603726043000000373849800000000000000000001781036660372609112065000036862007246115581      
0012600200012066           26041500000114809426043000000117078600000000000000000001781011480942609112066000036872002269215421      
0012600200012067           26041500000347312926043000000354177700000000000000000001781034731292609112067000036882006864815421      
0012600200012107           26041500000087980926043000000089719900000000000000000001781008798092609112107000036892001739015001      
0012600200012109           26041500000096061626043000000097960300000000000000000001781009606162609112109000036902001898715161      
0012600200012121           26041500001261409626043000001286341800000000000000000001781126140962609112121000036912024932215211      
0012600200012122           26041500000165710726043000000168986000000000000000000001781016571072609112122000022432003275315211      
0012600200012132           26041500000101448826043000000103454000000000000000000001781010144882609112132000036922002005215791      
0012600200012228           26041500000113569826043000000115814600000000000000000001781011356982609112228000036932002244815001      
0012600200012284           26041500000415944926043000000424166200000000000000000001781041594492609112284000022442008221315211      
0012600200012307           26041500000087980926043000000089719900000000000000000001781008798092609112307000036942001739015421      
0012600200012330           26041500000087980926043000000089719900000000000000000001781008798092609112330000036952001739015991      
0012600200012385           26041500000093849726043000000095704600000000000000000001781009384972609112385000036962001854915421      
0012600200012452           26041500000602723926043000000614637000000000000000000001781060272392609112452000036972011913115581      
0012600200012486           26041500000109529526043000000111694400000000000000000001781010952952609112486000036982002164915631      
0012600200012488           26041500000450051126043000000458946500000000000000000001781045005112609112488000036992008895415841      
0012600200012494           26041500002226471826043000002270478800000000000000000001781222647182609112494000037002044007015571      
0012600200012503           26041500002286472226043000002331665100000000000000000001781228647222609112503000037012045192915151      
0012600200012523           26041500000097584126043000000099512800000000000000000001781009758412609112523000022452001928715151      
0012600200012524           26041500000089327726043000000091093300000000000000000001781008932772609112524000037022001765615991      
0012600200012557           26041500001400238526043000001427914700000000000000000001781140023852609112557000037032027676215791      
0012600200012623           26041500000092021326043000000093840200000000000000000001781009202132609112623000037042001818915211      
0012600200012685           26041500001193199926043000001216783900000000000000000001781119319992609112685000037052023584015781      
0012600200012686           26041500000096061626043000000097960300000000000000000001781009606162609112686000037062001898715211      
0012600200012694           26041500000459953726043000000469044800000000000000000001781045995372609112694000037072009091115151      